Tsi,Ion,empty ,sensitivity,,Vth,empty,sensitivity
10,1.45E-06,8.37E-13,1.73E+06,,0.1700212,0.270993644,0.372600784
10.00014288,1.45E-06,8.37E-13,1.73E+06,,0.17002351,0.270993644,0.37259226
10.00028576,1.45E-06,8.37E-13,1.73E+06,,0.17002582,0.270993644,0.372583735
10.00042863,1.45E-06,8.37E-13,1.73E+06,,0.17002813,0.270993644,0.372575211
10.00057151,1.45E-06,8.37E-13,1.73E+06,,0.17003044,0.270993644,0.372566687
10.00071439,1.45E-06,8.37E-13,1.73E+06,,0.170032749,0.270993644,0.372558167
10.00085727,1.45E-06,8.37E-13,1.73E+06,,0.170035059,0.270993644,0.372549642
10.00100014,1.45E-06,8.37E-13,1.73E+06,,0.170037369,0.270993644,0.372541118
10.00114302,1.45E-06,8.37E-13,1.73E+06,,0.170039679,0.270993644,0.372532594
10.0012859,1.45E-06,8.37E-13,1.73E+06,,0.170041989,0.270993644,0.37252407
10.00142878,1.45E-06,8.37E-13,1.73E+06,,0.170044299,0.270993644,0.372515546
10.00157165,1.45E-06,8.37E-13,1.73E+06,,0.170046609,0.270993644,0.372507021
10.00171453,1.45E-06,8.37E-13,1.73E+06,,0.170048919,0.270993644,0.372498497
10.00185741,1.45E-06,8.37E-13,1.73E+06,,0.170051229,0.270993644,0.372489973
10.00200029,1.45E-06,8.37E-13,1.73E+06,,0.170053539,0.270993644,0.372481449
10.00214316,1.45E-06,8.37E-13,1.73E+06,,0.170055848,0.270993644,0.372472928
10.00228604,1.45E-06,8.37E-13,1.73E+06,,0.170058158,0.270993644,0.372464404
10.00242892,1.45E-06,8.37E-13,1.73E+06,,0.170060468,0.270993644,0.37245588
10.0025718,1.45E-06,8.37E-13,1.73E+06,,0.170062778,0.270993644,0.372447356
10.00271467,1.45E-06,8.37E-13,1.73E+06,,0.170065088,0.270993644,0.372438832
10.00285755,1.45E-06,8.37E-13,1.73E+06,,0.170067398,0.270993644,0.372430307
10.00300043,1.45E-06,8.37E-13,1.73E+06,,0.170069708,0.270993644,0.372421783
10.00314331,1.45E-06,8.37E-13,1.73E+06,,0.170072018,0.270993644,0.372413259
10.00328618,1.45E-06,8.37E-13,1.73E+06,,0.170074328,0.270993644,0.372404735
10.00342906,1.45E-06,8.37E-13,1.73E+06,,0.170076638,0.270993644,0.372396211
10.00357194,1.45E-06,8.37E-13,1.73E+06,,0.170078947,0.270993644,0.37238769
10.00371482,1.45E-06,8.37E-13,1.73E+06,,0.170081257,0.270993644,0.372379166
10.00385769,1.45E-06,8.37E-13,1.73E+06,,0.170083567,0.270993644,0.372370642
10.00400057,1.45E-06,8.37E-13,1.73E+06,,0.170085877,0.270993644,0.372362118
10.00414345,1.45E-06,8.37E-13,1.73E+06,,0.170088187,0.270993644,0.372353593
10.00428633,1.44E-06,8.37E-13,1.72E+06,,0.170090497,0.270993644,0.372345069
10.0044292,1.44E-06,8.37E-13,1.72E+06,,0.170092807,0.270993644,0.372336545
10.00457208,1.44E-06,8.37E-13,1.72E+06,,0.170095117,0.270993644,0.372328021
10.00471496,1.44E-06,8.37E-13,1.72E+06,,0.170097427,0.270993644,0.372319497
10.00485784,1.44E-06,8.37E-13,1.72E+06,,0.170099737,0.270993644,0.372310973
10.00500071,1.44E-06,8.37E-13,1.72E+06,,0.170102046,0.270993644,0.372302452
10.00514359,1.44E-06,8.37E-13,1.72E+06,,0.170104356,0.270993644,0.372293928
10.00528647,1.44E-06,8.37E-13,1.72E+06,,0.170106666,0.270993644,0.372285404
10.00542935,1.44E-06,8.37E-13,1.72E+06,,0.170108976,0.270993644,0.37227688
10.00557222,1.44E-06,8.37E-13,1.72E+06,,0.170111286,0.270993644,0.372268355
10.0057151,1.44E-06,8.37E-13,1.72E+06,,0.170113596,0.270993644,0.372259831
10.00585798,1.44E-06,8.37E-13,1.72E+06,,0.170115906,0.270993644,0.372251307
10.00600086,1.44E-06,8.37E-13,1.72E+06,,0.170118216,0.270993644,0.372242783
10.00614373,1.44E-06,8.37E-13,1.72E+06,,0.170120526,0.270993644,0.372234259
10.00628661,1.44E-06,8.37E-13,1.72E+06,,0.170122835,0.270993644,0.372225738
10.00642949,1.44E-06,8.37E-13,1.72E+06,,0.170125145,0.270993644,0.372217214
10.00657237,1.44E-06,8.37E-13,1.72E+06,,0.170127455,0.270993644,0.37220869
10.00671525,1.44E-06,8.37E-13,1.72E+06,,0.170129765,0.270993644,0.372200166
10.00685812,1.44E-06,8.37E-13,1.72E+06,,0.170132075,0.270993644,0.372191641
10.007001,1.44E-06,8.37E-13,1.72E+06,,0.170134385,0.270993644,0.372183117
10.00714388,1.44E-06,8.37E-13,1.72E+06,,0.170136695,0.270993644,0.372174593
10.00728676,1.44E-06,8.37E-13,1.72E+06,,0.170139005,0.270993644,0.372166069
10.00742963,1.44E-06,8.37E-13,1.72E+06,,0.170141315,0.270993644,0.372157545
10.00757251,1.44E-06,8.37E-13,1.72E+06,,0.170143625,0.270993644,0.37214902
10.00771539,1.44E-06,8.37E-13,1.72E+06,,0.170145934,0.270993644,0.3721405
10.00785827,1.44E-06,8.37E-13,1.72E+06,,0.170148244,0.270993644,0.372131976
10.00800114,1.44E-06,8.37E-13,1.72E+06,,0.170150554,0.270993644,0.372123452
10.00814402,1.44E-06,8.37E-13,1.72E+06,,0.170152864,0.270993644,0.372114927
10.0082869,1.44E-06,8.37E-13,1.72E+06,,0.170155174,0.270993644,0.372106403
10.00842978,1.44E-06,8.37E-13,1.72E+06,,0.170157484,0.270993644,0.372097879
10.00857265,1.44E-06,8.37E-13,1.72E+06,,0.170159794,0.270993644,0.372089355
10.00871553,1.44E-06,8.37E-13,1.72E+06,,0.170162104,0.270993644,0.372080831
10.00885841,1.44E-06,8.37E-13,1.72E+06,,0.170164414,0.270993644,0.372072306
10.00900129,1.44E-06,8.37E-13,1.72E+06,,0.170166724,0.270993644,0.372063782
10.00914416,1.44E-06,8.37E-13,1.72E+06,,0.170169033,0.270993644,0.372055262
10.00928704,1.44E-06,8.37E-13,1.72E+06,,0.170171343,0.270993644,0.372046738
10.00942992,1.44E-06,8.37E-13,1.72E+06,,0.170173653,0.270993644,0.372038213
10.0095728,1.44E-06,8.37E-13,1.72E+06,,0.170175963,0.270993644,0.372029689
10.00971567,1.44E-06,8.37E-13,1.72E+06,,0.170178273,0.270993644,0.372021165
10.00985855,1.44E-06,8.37E-13,1.72E+06,,0.170180583,0.270993644,0.372012641
10.01000143,1.44E-06,8.37E-13,1.72E+06,,0.170182893,0.270993644,0.372004117
10.01014431,1.44E-06,8.37E-13,1.72E+06,,0.170185203,0.270993644,0.371995592
10.01028718,1.44E-06,8.37E-13,1.72E+06,,0.170187513,0.270993644,0.371987068
10.01043006,1.44E-06,8.37E-13,1.72E+06,,0.170189822,0.270993644,0.371978548
10.01057294,1.44E-06,8.37E-13,1.72E+06,,0.170192132,0.270993644,0.371970024
10.01071582,1.44E-06,8.37E-13,1.72E+06,,0.170194442,0.270993644,0.371961499
10.01085869,1.44E-06,8.37E-13,1.72E+06,,0.170196752,0.270993644,0.371952975
10.01100157,1.44E-06,8.37E-13,1.72E+06,,0.170199062,0.270993644,0.371944451
10.01114445,1.44E-06,8.37E-13,1.72E+06,,0.170201372,0.270993644,0.371935927
10.01128733,1.44E-06,8.37E-13,1.72E+06,,0.170203682,0.270993644,0.371927403
10.0114302,1.44E-06,8.37E-13,1.72E+06,,0.170205992,0.270993644,0.371918879
10.01157308,1.44E-06,8.37E-13,1.72E+06,,0.170208302,0.270993644,0.371910354
10.01171596,1.44E-06,8.37E-13,1.72E+06,,0.170210612,0.270993644,0.37190183
10.01185884,1.44E-06,8.37E-13,1.72E+06,,0.170212921,0.270993644,0.37189331
10.01200171,1.44E-06,8.37E-13,1.72E+06,,0.170215231,0.270993644,0.371884785
10.01214459,1.44E-06,8.37E-13,1.72E+06,,0.170217541,0.270993644,0.371876261
10.01228747,1.44E-06,8.37E-13,1.72E+06,,0.170219851,0.270993644,0.371867737
10.01243035,1.44E-06,8.37E-13,1.72E+06,,0.170222161,0.270993644,0.371859213
10.01257322,1.43E-06,8.37E-13,1.71E+06,,0.170224471,0.270993644,0.371850689
10.0127161,1.43E-06,8.37E-13,1.71E+06,,0.170226781,0.270993644,0.371842165
10.01285898,1.43E-06,8.37E-13,1.71E+06,,0.170229091,0.270993644,0.37183364
10.01300186,1.43E-06,8.37E-13,1.71E+06,,0.170231401,0.270993644,0.371825116
10.01314473,1.43E-06,8.37E-13,1.71E+06,,0.170233711,0.270993644,0.371816592
10.01328761,1.43E-06,8.37E-13,1.71E+06,,0.17023602,0.270993644,0.371808071
10.01343049,1.43E-06,8.37E-13,1.71E+06,,0.17023833,0.270993644,0.371799547
10.01357337,1.43E-06,8.37E-13,1.71E+06,,0.17024064,0.270993644,0.371791023
10.01371625,1.43E-06,8.37E-13,1.71E+06,,0.17024295,0.270993644,0.371782499
10.01385912,1.43E-06,8.37E-13,1.71E+06,,0.17024526,0.270993644,0.371773975
10.014002,1.43E-06,8.37E-13,1.71E+06,,0.17024757,0.270993644,0.371765451
10.01414488,1.43E-06,8.37E-13,1.71E+06,,0.17024988,0.270993644,0.371756926
10.01428776,1.43E-06,8.37E-13,1.71E+06,,0.17025219,0.270993644,0.371748402
10.01443063,1.43E-06,8.37E-13,1.71E+06,,0.1702545,0.270993644,0.371739878
10.01457351,1.43E-06,8.37E-13,1.71E+06,,0.17025681,0.270993644,0.371731354
10.01471639,1.43E-06,8.37E-13,1.71E+06,,0.170259119,0.270993644,0.371722833
10.01485927,1.43E-06,8.37E-13,1.71E+06,,0.170261429,0.270993644,0.371714309
10.01500214,1.43E-06,8.37E-13,1.71E+06,,0.170263739,0.270993644,0.371705785
10.01514502,1.43E-06,8.37E-13,1.71E+06,,0.170266049,0.270993644,0.371697261
10.0152879,1.43E-06,8.37E-13,1.71E+06,,0.170268359,0.270993644,0.371688737
10.01543078,1.43E-06,8.37E-13,1.71E+06,,0.170270669,0.270993644,0.371680212
10.01557365,1.43E-06,8.37E-13,1.71E+06,,0.170272979,0.270993644,0.371671688
10.01571653,1.43E-06,8.37E-13,1.71E+06,,0.170275289,0.270993644,0.371663164
10.01585941,1.43E-06,8.37E-13,1.71E+06,,0.170277599,0.270993644,0.37165464
10.01600229,1.43E-06,8.37E-13,1.71E+06,,0.170279908,0.270993644,0.371646119
10.01614516,1.43E-06,8.37E-13,1.71E+06,,0.170282218,0.270993644,0.371637595
10.01628804,1.43E-06,8.37E-13,1.71E+06,,0.170284528,0.270993644,0.371629071
10.01643092,1.43E-06,8.37E-13,1.71E+06,,0.170286838,0.270993644,0.371620547
10.0165738,1.43E-06,8.37E-13,1.71E+06,,0.170289148,0.270993644,0.371612023
10.01671667,1.43E-06,8.37E-13,1.71E+06,,0.170291458,0.270993644,0.371603498
10.01685955,1.43E-06,8.37E-13,1.71E+06,,0.170293768,0.270993644,0.371594974
10.01700243,1.43E-06,8.37E-13,1.71E+06,,0.170296078,0.270993644,0.37158645
10.01714531,1.43E-06,8.37E-13,1.71E+06,,0.170298388,0.270993644,0.371577926
10.01728818,1.43E-06,8.37E-13,1.71E+06,,0.170300698,0.270993644,0.371569402
10.01743106,1.43E-06,8.37E-13,1.71E+06,,0.170303007,0.270993644,0.371560881
10.01757394,1.43E-06,8.37E-13,1.71E+06,,0.170305317,0.270993644,0.371552357
10.01771682,1.43E-06,8.37E-13,1.71E+06,,0.170307627,0.270993644,0.371543833
10.01785969,1.43E-06,8.37E-13,1.71E+06,,0.170309937,0.270993644,0.371535309
10.01800257,1.43E-06,8.37E-13,1.71E+06,,0.170312247,0.270993644,0.371526784
10.01814545,1.43E-06,8.37E-13,1.71E+06,,0.170314557,0.270993644,0.37151826
10.01828833,1.43E-06,8.37E-13,1.71E+06,,0.170316867,0.270993644,0.371509736
10.0184312,1.43E-06,8.37E-13,1.71E+06,,0.170319177,0.270993644,0.371501212
10.01857408,1.43E-06,8.37E-13,1.71E+06,,0.170321487,0.270993644,0.371492688
10.01871696,1.43E-06,8.37E-13,1.71E+06,,0.170323797,0.270993644,0.371484164
10.01885984,1.43E-06,8.37E-13,1.71E+06,,0.170326106,0.270993644,0.371475643
10.01900271,1.43E-06,8.37E-13,1.71E+06,,0.170328416,0.270993644,0.371467119
10.01914559,1.43E-06,8.37E-13,1.71E+06,,0.170330726,0.270993644,0.371458595
10.01928847,1.43E-06,8.37E-13,1.71E+06,,0.170333036,0.270993644,0.37145007
10.01943135,1.43E-06,8.37E-13,1.71E+06,,0.170335346,0.270993644,0.371441546
10.01957422,1.43E-06,8.37E-13,1.71E+06,,0.170337656,0.270993644,0.371433022
10.0197171,1.43E-06,8.37E-13,1.71E+06,,0.170339966,0.270993644,0.371424498
10.01985998,1.43E-06,8.37E-13,1.71E+06,,0.170342276,0.270993644,0.371415974
10.02000286,1.43E-06,8.37E-13,1.71E+06,,0.170344586,0.270993644,0.37140745
10.02014574,1.43E-06,8.37E-13,1.71E+06,,0.170346895,0.270993644,0.371398929
10.02028861,1.43E-06,8.37E-13,1.71E+06,,0.170349205,0.270993644,0.371390405
10.02043149,1.43E-06,8.37E-13,1.71E+06,,0.170351515,0.270993644,0.371381881
10.02057437,1.43E-06,8.37E-13,1.71E+06,,0.170353825,0.270993644,0.371373356
10.02071725,1.43E-06,8.37E-13,1.71E+06,,0.170356135,0.270993644,0.371364832
10.02086012,1.42E-06,8.37E-13,1.70E+06,,0.170358445,0.270993644,0.371356308
10.021003,1.42E-06,8.37E-13,1.70E+06,,0.170360755,0.270993644,0.371347784
10.02114588,1.42E-06,8.37E-13,1.70E+06,,0.170363065,0.270993644,0.37133926
10.02128876,1.42E-06,8.37E-13,1.70E+06,,0.170365375,0.270993644,0.371330736
10.02143163,1.42E-06,8.37E-13,1.70E+06,,0.170367685,0.270993644,0.371322211
10.02157451,1.42E-06,8.37E-13,1.70E+06,,0.170369994,0.270993644,0.371313691
10.02171739,1.42E-06,8.37E-13,1.70E+06,,0.170372304,0.270993644,0.371305167
10.02186027,1.42E-06,8.37E-13,1.70E+06,,0.170374614,0.270993644,0.371296643
10.02200314,1.42E-06,8.37E-13,1.70E+06,,0.170376924,0.270993644,0.371288118
10.02214602,1.42E-06,8.37E-13,1.70E+06,,0.170379234,0.270993644,0.371279594
10.0222889,1.42E-06,8.37E-13,1.70E+06,,0.170381544,0.270993644,0.37127107
10.02243178,1.42E-06,8.37E-13,1.70E+06,,0.170383854,0.270993644,0.371262546
10.02257465,1.42E-06,8.37E-13,1.70E+06,,0.170386164,0.270993644,0.371254022
10.02271753,1.42E-06,8.37E-13,1.70E+06,,0.170388474,0.270993644,0.371245497
10.02286041,1.42E-06,8.37E-13,1.70E+06,,0.170390784,0.270993644,0.371236973
10.02300329,1.42E-06,8.37E-13,1.70E+06,,0.170393093,0.270993644,0.371228453
10.02314616,1.42E-06,8.37E-13,1.70E+06,,0.170395403,0.270993644,0.371219929
10.02328904,1.42E-06,8.37E-13,1.70E+06,,0.170397713,0.270993644,0.371211404
10.02343192,1.42E-06,8.37E-13,1.70E+06,,0.170400023,0.270993644,0.37120288
10.0235748,1.42E-06,8.37E-13,1.70E+06,,0.170402333,0.270993644,0.371194356
10.02371767,1.42E-06,8.37E-13,1.70E+06,,0.170404643,0.270993644,0.371185832
10.02386055,1.42E-06,8.37E-13,1.70E+06,,0.170406953,0.270993644,0.371177308
10.02400343,1.42E-06,8.37E-13,1.70E+06,,0.170409263,0.270993644,0.371168783
10.02414631,1.42E-06,8.37E-13,1.70E+06,,0.170411573,0.270993644,0.371160259
10.02428918,1.42E-06,8.37E-13,1.70E+06,,0.170413883,0.270993644,0.371151735
10.02443206,1.42E-06,8.37E-13,1.70E+06,,0.170416192,0.270993644,0.371143215
10.02457494,1.42E-06,8.37E-13,1.70E+06,,0.170418502,0.270993644,0.37113469
10.02471782,1.42E-06,8.37E-13,1.70E+06,,0.170420812,0.270993644,0.371126166
10.02486069,1.42E-06,8.37E-13,1.70E+06,,0.170423122,0.270993644,0.371117642
10.02500357,1.42E-06,8.37E-13,1.70E+06,,0.170425432,0.270993644,0.371109118
10.02514645,1.42E-06,8.37E-13,1.70E+06,,0.170427742,0.270993644,0.371100594
10.02528933,1.42E-06,8.37E-13,1.70E+06,,0.170430052,0.270993644,0.371092069
10.0254322,1.42E-06,8.37E-13,1.70E+06,,0.170432362,0.270993644,0.371083545
10.02557508,1.42E-06,8.37E-13,1.70E+06,,0.170434672,0.270993644,0.371075021
10.02571796,1.42E-06,8.37E-13,1.70E+06,,0.170436981,0.270993644,0.371066501
10.02586084,1.42E-06,8.37E-13,1.70E+06,,0.170439291,0.270993644,0.371057976
10.02600371,1.42E-06,8.37E-13,1.70E+06,,0.170441601,0.270993644,0.371049452
10.02614659,1.42E-06,8.37E-13,1.70E+06,,0.170443911,0.270993644,0.371040928
10.02628947,1.42E-06,8.37E-13,1.70E+06,,0.170446221,0.270993644,0.371032404
10.02643235,1.42E-06,8.37E-13,1.70E+06,,0.170448531,0.270993644,0.37102388
10.02657523,1.42E-06,8.37E-13,1.70E+06,,0.170450841,0.270993644,0.371015355
10.0267181,1.42E-06,8.37E-13,1.70E+06,,0.170453151,0.270993644,0.371006831
10.02686098,1.42E-06,8.37E-13,1.70E+06,,0.170455461,0.270993644,0.370998307
10.02700386,1.42E-06,8.37E-13,1.70E+06,,0.170457771,0.270993644,0.370989783
10.02714674,1.42E-06,8.37E-13,1.70E+06,,0.17046008,0.270993644,0.370981262
10.02728961,1.42E-06,8.37E-13,1.70E+06,,0.17046239,0.270993644,0.370972738
10.02743249,1.42E-06,8.37E-13,1.70E+06,,0.1704647,0.270993644,0.370964214
10.02757537,1.42E-06,8.37E-13,1.70E+06,,0.17046701,0.270993644,0.37095569
10.02771825,1.42E-06,8.37E-13,1.70E+06,,0.17046932,0.270993644,0.370947166
10.02786112,1.42E-06,8.37E-13,1.70E+06,,0.17047163,0.270993644,0.370938641
10.028004,1.42E-06,8.37E-13,1.70E+06,,0.17047394,0.270993644,0.370930117
10.02814688,1.42E-06,8.37E-13,1.70E+06,,0.17047625,0.270993644,0.370921593
10.02828976,1.42E-06,8.37E-13,1.70E+06,,0.17047856,0.270993644,0.370913069
10.02843263,1.42E-06,8.37E-13,1.70E+06,,0.17048087,0.270993644,0.370904545
10.02857551,1.42E-06,8.37E-13,1.70E+06,,0.170483179,0.270993644,0.370896024
10.02871839,1.42E-06,8.37E-13,1.70E+06,,0.170485489,0.270993644,0.3708875
10.02886127,1.42E-06,8.37E-13,1.70E+06,,0.170487799,0.270993644,0.370878976
10.02900414,1.42E-06,8.37E-13,1.70E+06,,0.170490109,0.270993644,0.370870452
10.02914702,1.42E-06,8.37E-13,1.70E+06,,0.170492419,0.270993644,0.370861928
10.0292899,1.41E-06,8.37E-13,1.68E+06,,0.170494729,0.270993644,0.370853403
10.02943278,1.41E-06,8.37E-13,1.68E+06,,0.170497039,0.270993644,0.370844879
10.02957565,1.41E-06,8.37E-13,1.68E+06,,0.170499349,0.270993644,0.370836355
10.02971853,1.41E-06,8.37E-13,1.68E+06,,0.170501659,0.270993644,0.370827831
10.02986141,1.41E-06,8.37E-13,1.68E+06,,0.170503968,0.270993644,0.37081931
10.03000429,1.41E-06,8.37E-13,1.68E+06,,0.170506278,0.270993644,0.370810786
10.03014716,1.41E-06,8.37E-13,1.68E+06,,0.170508588,0.270993644,0.370802262
10.03029004,1.41E-06,8.37E-13,1.68E+06,,0.170510898,0.270993644,0.370793738
10.03043292,1.41E-06,8.37E-13,1.68E+06,,0.170513208,0.270993644,0.370785214
10.0305758,1.41E-06,8.37E-13,1.68E+06,,0.170515518,0.270993644,0.370776689
10.03071867,1.41E-06,8.37E-13,1.68E+06,,0.170517828,0.270993644,0.370768165
10.03086155,1.41E-06,8.37E-13,1.68E+06,,0.170520138,0.270993644,0.370759641
10.03100443,1.41E-06,8.37E-13,1.68E+06,,0.170522448,0.270993644,0.370751117
10.03114731,1.41E-06,8.37E-13,1.68E+06,,0.170524758,0.270993644,0.370742593
10.03129018,1.41E-06,8.37E-13,1.68E+06,,0.170527067,0.270993644,0.370734072
10.03143306,1.41E-06,8.37E-13,1.68E+06,,0.170529377,0.270993644,0.370725548
10.03157594,1.41E-06,8.37E-13,1.68E+06,,0.170531687,0.270993644,0.370717024
10.03171882,1.41E-06,8.37E-13,1.68E+06,,0.170533997,0.270993644,0.3707085
10.03186169,1.41E-06,8.37E-13,1.68E+06,,0.170536307,0.270993644,0.370699975
10.03200457,1.41E-06,8.37E-13,1.68E+06,,0.170538617,0.270993644,0.370691451
10.03214745,1.41E-06,8.37E-13,1.68E+06,,0.170540927,0.270993644,0.370682927
10.03229033,1.41E-06,8.37E-13,1.68E+06,,0.170543237,0.270993644,0.370674403
10.0324332,1.41E-06,8.37E-13,1.68E+06,,0.170545547,0.270993644,0.370665879
10.03257608,1.41E-06,8.37E-13,1.68E+06,,0.170547857,0.270993644,0.370657354
10.03271896,1.41E-06,8.37E-13,1.68E+06,,0.170550166,0.270993644,0.370648834
10.03286184,1.41E-06,8.37E-13,1.68E+06,,0.170552476,0.270993644,0.37064031
10.03300471,1.41E-06,8.37E-13,1.68E+06,,0.170554786,0.270993644,0.370631786
10.03314759,1.41E-06,8.37E-13,1.68E+06,,0.170557096,0.270993644,0.370623261
10.03329047,1.41E-06,8.37E-13,1.68E+06,,0.170559406,0.270993644,0.370614737
10.03343335,1.41E-06,8.37E-13,1.68E+06,,0.170561716,0.270993644,0.370606213
10.03357623,1.41E-06,8.37E-13,1.68E+06,,0.170564026,0.270993644,0.370597689
10.0337191,1.41E-06,8.37E-13,1.68E+06,,0.170566336,0.270993644,0.370589165
10.03386198,1.41E-06,8.37E-13,1.68E+06,,0.170568646,0.270993644,0.37058064
10.03400486,1.41E-06,8.37E-13,1.68E+06,,0.170570956,0.270993644,0.370572116
10.03414774,1.41E-06,8.37E-13,1.68E+06,,0.170573265,0.270993644,0.370563596
10.03429061,1.41E-06,8.37E-13,1.68E+06,,0.170575575,0.270993644,0.370555072
10.03443349,1.41E-06,8.37E-13,1.68E+06,,0.170577885,0.270993644,0.370546547
10.03457637,1.41E-06,8.37E-13,1.68E+06,,0.170580195,0.270993644,0.370538023
10.03471925,1.41E-06,8.37E-13,1.68E+06,,0.170582505,0.270993644,0.370529499
10.03486212,1.41E-06,8.37E-13,1.68E+06,,0.170584815,0.270993644,0.370520975
10.035005,1.41E-06,8.37E-13,1.68E+06,,0.170587125,0.270993644,0.370512451
10.03514788,1.41E-06,8.37E-13,1.68E+06,,0.170589435,0.270993644,0.370503927
10.03529076,1.41E-06,8.37E-13,1.68E+06,,0.170591745,0.270993644,0.370495402
10.03543363,1.41E-06,8.37E-13,1.68E+06,,0.170594054,0.270993644,0.370486882
10.03557651,1.41E-06,8.37E-13,1.68E+06,,0.170596364,0.270993644,0.370478358
10.03571939,1.41E-06,8.37E-13,1.68E+06,,0.170598674,0.270993644,0.370469833
10.03586227,1.41E-06,8.37E-13,1.68E+06,,0.170600984,0.270993644,0.370461309
10.03600514,1.41E-06,8.37E-13,1.68E+06,,0.170603294,0.270993644,0.370452785
10.03614802,1.41E-06,8.37E-13,1.68E+06,,0.170605604,0.270993644,0.370444261
10.0362909,1.41E-06,8.37E-13,1.68E+06,,0.170607914,0.270993644,0.370435737
10.03643378,1.41E-06,8.37E-13,1.68E+06,,0.170610224,0.270993644,0.370427213
10.03657665,1.41E-06,8.37E-13,1.68E+06,,0.170612534,0.270993644,0.370418688
10.03671953,1.41E-06,8.37E-13,1.68E+06,,0.170614844,0.270993644,0.370410164
10.03686241,1.41E-06,8.37E-13,1.68E+06,,0.170617153,0.270993644,0.370401644
10.03700529,1.41E-06,8.37E-13,1.68E+06,,0.170619463,0.270993644,0.370393119
10.03714816,1.41E-06,8.37E-13,1.68E+06,,0.170621773,0.270993644,0.370384595
10.03729104,1.41E-06,8.37E-13,1.68E+06,,0.170624083,0.270993644,0.370376071
10.03743392,1.41E-06,8.37E-13,1.68E+06,,0.170626393,0.270993644,0.370367547
10.0375768,1.40E-06,8.37E-13,1.67E+06,,0.170628703,0.270993644,0.370359023
10.03771967,1.40E-06,8.37E-13,1.67E+06,,0.170631013,0.270993644,0.370350499
10.03786255,1.40E-06,8.37E-13,1.67E+06,,0.170633323,0.270993644,0.370341974
10.03800543,1.40E-06,8.37E-13,1.67E+06,,0.170635633,0.270993644,0.37033345
10.03814831,1.40E-06,8.37E-13,1.67E+06,,0.170637943,0.270993644,0.370324926
10.03829118,1.40E-06,8.37E-13,1.67E+06,,0.170640252,0.270993644,0.370316405
10.03843406,1.40E-06,8.37E-13,1.67E+06,,0.170642562,0.270993644,0.370307881
10.03857694,1.40E-06,8.37E-13,1.67E+06,,0.170644872,0.270993644,0.370299357
10.03871982,1.40E-06,8.37E-13,1.67E+06,,0.170647182,0.270993644,0.370290833
10.03886269,1.40E-06,8.37E-13,1.67E+06,,0.170649492,0.270993644,0.370282309
10.03900557,1.40E-06,8.37E-13,1.67E+06,,0.170651802,0.270993644,0.370273785
10.03914845,1.40E-06,8.37E-13,1.67E+06,,0.170654112,0.270993644,0.37026526
10.03929133,1.40E-06,8.37E-13,1.67E+06,,0.170656422,0.270993644,0.370256736
10.0394342,1.40E-06,8.37E-13,1.67E+06,,0.170658732,0.270993644,0.370248212
10.03957708,1.40E-06,8.37E-13,1.67E+06,,0.170661042,0.270993644,0.370239688
10.03971996,1.40E-06,8.37E-13,1.67E+06,,0.170663351,0.270993644,0.370231167
10.03986284,1.40E-06,8.37E-13,1.67E+06,,0.170665661,0.270993644,0.370222643
10.04000572,1.40E-06,8.37E-13,1.67E+06,,0.170667971,0.270993644,0.370214119
10.04014859,1.40E-06,8.37E-13,1.67E+06,,0.170670281,0.270993644,0.370205595
10.04029147,1.40E-06,8.37E-13,1.67E+06,,0.170672591,0.270993644,0.370197071
10.04043435,1.40E-06,8.37E-13,1.67E+06,,0.170674901,0.270993644,0.370188546
10.04057723,1.40E-06,8.37E-13,1.67E+06,,0.170677211,0.270993644,0.370180022
10.0407201,1.40E-06,8.37E-13,1.67E+06,,0.170679521,0.270993644,0.370171498
10.04086298,1.40E-06,8.37E-13,1.67E+06,,0.170681831,0.270993644,0.370162974
10.04100586,1.40E-06,8.37E-13,1.67E+06,,0.17068414,0.270993644,0.370154453
10.04114874,1.40E-06,8.37E-13,1.67E+06,,0.17068645,0.270993644,0.370145929
10.04129161,1.40E-06,8.37E-13,1.67E+06,,0.17068876,0.270993644,0.370137405
10.04143449,1.40E-06,8.37E-13,1.67E+06,,0.17069107,0.270993644,0.370128881
10.04157737,1.40E-06,8.37E-13,1.67E+06,,0.17069338,0.270993644,0.370120357
10.04172025,1.40E-06,8.37E-13,1.67E+06,,0.17069569,0.270993644,0.370111832
10.04186312,1.40E-06,8.37E-13,1.67E+06,,0.170698,0.270993644,0.370103308
10.042006,1.40E-06,8.37E-13,1.67E+06,,0.17070031,0.270993644,0.370094784
10.04214888,1.40E-06,8.37E-13,1.67E+06,,0.17070262,0.270993644,0.37008626
10.04229176,1.40E-06,8.37E-13,1.67E+06,,0.17070493,0.270993644,0.370077736
10.04243463,1.40E-06,8.37E-13,1.67E+06,,0.170707239,0.270993644,0.370069215
10.04257751,1.40E-06,8.37E-13,1.67E+06,,0.170709549,0.270993644,0.370060691
10.04272039,1.40E-06,8.37E-13,1.67E+06,,0.170711859,0.270993644,0.370052167
10.04286327,1.40E-06,8.37E-13,1.67E+06,,0.170714169,0.270993644,0.370043643
10.04300614,1.40E-06,8.37E-13,1.67E+06,,0.170716479,0.270993644,0.370035118
10.04314902,1.40E-06,8.37E-13,1.67E+06,,0.170718789,0.270993644,0.370026594
10.0432919,1.40E-06,8.37E-13,1.67E+06,,0.170721099,0.270993644,0.37001807
10.04343478,1.40E-06,8.37E-13,1.67E+06,,0.170723409,0.270993644,0.370009546
10.04357765,1.40E-06,8.37E-13,1.67E+06,,0.170725719,0.270993644,0.370001022
10.04372053,1.40E-06,8.37E-13,1.67E+06,,0.170728029,0.270993644,0.369992498
10.04386341,1.40E-06,8.37E-13,1.67E+06,,0.170730338,0.270993644,0.369983977
10.04400629,1.40E-06,8.37E-13,1.67E+06,,0.170732648,0.270993644,0.369975453
10.04414916,1.40E-06,8.37E-13,1.67E+06,,0.170734958,0.270993644,0.369966929
10.04429204,1.40E-06,8.37E-13,1.67E+06,,0.170737268,0.270993644,0.369958404
10.04443492,1.40E-06,8.37E-13,1.67E+06,,0.170739578,0.270993644,0.36994988
10.0445778,1.40E-06,8.37E-13,1.67E+06,,0.170741888,0.270993644,0.369941356
10.04472067,1.40E-06,8.37E-13,1.67E+06,,0.170744198,0.270993644,0.369932832
10.04486355,1.40E-06,8.37E-13,1.67E+06,,0.170746508,0.270993644,0.369924308
10.04500643,1.40E-06,8.37E-13,1.67E+06,,0.170748818,0.270993644,0.369915784
10.04514931,1.40E-06,8.37E-13,1.67E+06,,0.170751127,0.270993644,0.369907263
10.04529218,1.40E-06,8.37E-13,1.67E+06,,0.170753437,0.270993644,0.369898739
10.04543506,1.40E-06,8.37E-13,1.67E+06,,0.170755747,0.270993644,0.369890215
10.04557794,1.40E-06,8.37E-13,1.67E+06,,0.170758057,0.270993644,0.369881691
10.04572082,1.40E-06,8.37E-13,1.67E+06,,0.170760367,0.270993644,0.369873166
10.04586369,1.39E-06,8.37E-13,1.66E+06,,0.170762677,0.270993644,0.369864642
10.04600657,1.39E-06,8.37E-13,1.66E+06,,0.170764987,0.270993644,0.369856118
10.04614945,1.39E-06,8.37E-13,1.66E+06,,0.170767297,0.270993644,0.369847594
10.04629233,1.39E-06,8.37E-13,1.66E+06,,0.170769607,0.270993644,0.36983907
10.04643521,1.39E-06,8.37E-13,1.66E+06,,0.170771917,0.270993644,0.369830545
10.04657808,1.39E-06,8.37E-13,1.66E+06,,0.170774226,0.270993644,0.369822025
10.04672096,1.39E-06,8.37E-13,1.66E+06,,0.170776536,0.270993644,0.369813501
10.04686384,1.39E-06,8.37E-13,1.66E+06,,0.170778846,0.270993644,0.369804977
10.04700672,1.39E-06,8.37E-13,1.66E+06,,0.170781156,0.270993644,0.369796452
10.04714959,1.39E-06,8.37E-13,1.66E+06,,0.170783466,0.270993644,0.369787928
10.04729247,1.39E-06,8.37E-13,1.66E+06,,0.170785776,0.270993644,0.369779404
10.04743535,1.39E-06,8.37E-13,1.66E+06,,0.170788086,0.270993644,0.36977088
10.04757823,1.39E-06,8.37E-13,1.66E+06,,0.170790396,0.270993644,0.369762356
10.0477211,1.39E-06,8.37E-13,1.66E+06,,0.170792706,0.270993644,0.369753831
10.04786398,1.39E-06,8.37E-13,1.66E+06,,0.170795016,0.270993644,0.369745307
10.04800686,1.39E-06,8.37E-13,1.66E+06,,0.170797325,0.270993644,0.369736787
10.04814974,1.39E-06,8.37E-13,1.66E+06,,0.170799635,0.270993644,0.369728263
10.04829261,1.39E-06,8.37E-13,1.66E+06,,0.170801945,0.270993644,0.369719738
10.04843549,1.39E-06,8.37E-13,1.66E+06,,0.170804255,0.270993644,0.369711214
10.04857837,1.39E-06,8.37E-13,1.66E+06,,0.170806565,0.270993644,0.36970269
10.04872125,1.39E-06,8.37E-13,1.66E+06,,0.170808875,0.270993644,0.369694166
10.04886412,1.39E-06,8.37E-13,1.66E+06,,0.170811185,0.270993644,0.369685642
10.049007,1.39E-06,8.37E-13,1.66E+06,,0.170813495,0.270993644,0.369677117
10.04914988,1.39E-06,8.37E-13,1.66E+06,,0.170815805,0.270993644,0.369668593
10.04929276,1.39E-06,8.37E-13,1.66E+06,,0.170818115,0.270993644,0.369660069
10.04943563,1.39E-06,8.37E-13,1.66E+06,,0.170820424,0.270993644,0.369651549
10.04957851,1.39E-06,8.37E-13,1.66E+06,,0.170822734,0.270993644,0.369643024
10.04972139,1.39E-06,8.37E-13,1.66E+06,,0.170825044,0.270993644,0.3696345
10.04986427,1.39E-06,8.37E-13,1.66E+06,,0.170827354,0.270993644,0.369625976
10.05000714,1.39E-06,8.37E-13,1.66E+06,,0.170829664,0.270993644,0.369617452
10.05015002,1.39E-06,8.37E-13,1.66E+06,,0.170831974,0.270993644,0.369608928
10.0502929,1.39E-06,8.37E-13,1.66E+06,,0.170834284,0.270993644,0.369600403
10.05043578,1.39E-06,8.37E-13,1.66E+06,,0.170836594,0.270993644,0.369591879
10.05057865,1.39E-06,8.37E-13,1.66E+06,,0.170838904,0.270993644,0.369583355
10.05072153,1.39E-06,8.37E-13,1.66E+06,,0.170841213,0.270993644,0.369574835
10.05086441,1.39E-06,8.37E-13,1.66E+06,,0.170843523,0.270993644,0.36956631
10.05100729,1.39E-06,8.37E-13,1.66E+06,,0.170845833,0.270993644,0.369557786
10.05115016,1.39E-06,8.37E-13,1.66E+06,,0.170848143,0.270993644,0.369549262
10.05129304,1.39E-06,8.37E-13,1.66E+06,,0.170850453,0.270993644,0.369540738
10.05143592,1.39E-06,8.37E-13,1.66E+06,,0.170852763,0.270993644,0.369532214
10.0515788,1.39E-06,8.37E-13,1.66E+06,,0.170855073,0.270993644,0.369523689
10.05172167,1.39E-06,8.37E-13,1.66E+06,,0.170857383,0.270993644,0.369515165
10.05186455,1.39E-06,8.37E-13,1.66E+06,,0.170859693,0.270993644,0.369506641
10.05200743,1.39E-06,8.37E-13,1.66E+06,,0.170862003,0.270993644,0.369498117
10.05215031,1.39E-06,8.37E-13,1.66E+06,,0.170864312,0.270993644,0.369489596
10.05229318,1.39E-06,8.37E-13,1.66E+06,,0.170866622,0.270993644,0.369481072
10.05243606,1.39E-06,8.37E-13,1.66E+06,,0.170868932,0.270993644,0.369472548
10.05257894,1.39E-06,8.37E-13,1.66E+06,,0.170871242,0.270993644,0.369464024
10.05272182,1.39E-06,8.37E-13,1.66E+06,,0.170873552,0.270993644,0.3694555
10.05286469,1.39E-06,8.37E-13,1.66E+06,,0.170875862,0.270993644,0.369446976
10.05300757,1.39E-06,8.37E-13,1.66E+06,,0.170878172,0.270993644,0.369438451
10.05315045,1.39E-06,8.37E-13,1.66E+06,,0.170880482,0.270993644,0.369429927
10.05329333,1.39E-06,8.37E-13,1.66E+06,,0.170882792,0.270993644,0.369421403
10.05343621,1.39E-06,8.37E-13,1.66E+06,,0.170885102,0.270993644,0.369412879
10.05357908,1.39E-06,8.37E-13,1.66E+06,,0.170887411,0.270993644,0.369404358
10.05372196,1.39E-06,8.37E-13,1.66E+06,,0.170889721,0.270993644,0.369395834
10.05386484,1.39E-06,8.37E-13,1.66E+06,,0.170892031,0.270993644,0.36938731
10.05400772,1.39E-06,8.37E-13,1.66E+06,,0.170894341,0.270993644,0.369378786
10.05415059,1.39E-06,8.37E-13,1.66E+06,,0.170896651,0.270993644,0.369370262
10.05429347,1.38E-06,8.37E-13,1.65E+06,,0.170898961,0.270993644,0.369361737
10.05443635,1.38E-06,8.37E-13,1.65E+06,,0.170901271,0.270993644,0.369353213
10.05457923,1.38E-06,8.37E-13,1.65E+06,,0.170903581,0.270993644,0.369344689
10.0547221,1.38E-06,8.37E-13,1.65E+06,,0.170905891,0.270993644,0.369336165
10.05486498,1.38E-06,8.37E-13,1.65E+06,,0.1709082,0.270993644,0.369327644
10.05500786,1.38E-06,8.37E-13,1.65E+06,,0.17091051,0.270993644,0.36931912
10.05515074,1.38E-06,8.37E-13,1.65E+06,,0.17091282,0.270993644,0.369310596
10.05529361,1.38E-06,8.37E-13,1.65E+06,,0.17091513,0.270993644,0.369302072
10.05543649,1.38E-06,8.37E-13,1.65E+06,,0.17091744,0.270993644,0.369293548
10.05557937,1.38E-06,8.37E-13,1.65E+06,,0.17091975,0.270993644,0.369285023
10.05572225,1.38E-06,8.37E-13,1.65E+06,,0.17092206,0.270993644,0.369276499
10.05586512,1.38E-06,8.37E-13,1.65E+06,,0.17092437,0.270993644,0.369267975
10.056008,1.38E-06,8.37E-13,1.65E+06,,0.17092668,0.270993644,0.369259451
10.05615088,1.38E-06,8.37E-13,1.65E+06,,0.17092899,0.270993644,0.369250927
10.05629376,1.38E-06,8.37E-13,1.65E+06,,0.170931299,0.270993644,0.369242406
10.05643663,1.38E-06,8.37E-13,1.65E+06,,0.170933609,0.270993644,0.369233882
10.05657951,1.38E-06,8.37E-13,1.65E+06,,0.170935919,0.270993644,0.369225358
10.05672239,1.38E-06,8.37E-13,1.65E+06,,0.170938229,0.270993644,0.369216834
10.05686527,1.38E-06,8.37E-13,1.65E+06,,0.170940539,0.270993644,0.369208309
10.05700814,1.38E-06,8.37E-13,1.65E+06,,0.170942849,0.270993644,0.369199785
10.05715102,1.38E-06,8.37E-13,1.65E+06,,0.170945159,0.270993644,0.369191261
10.0572939,1.38E-06,8.37E-13,1.65E+06,,0.170947469,0.270993644,0.369182737
10.05743678,1.38E-06,8.37E-13,1.65E+06,,0.170949779,0.270993644,0.369174213
10.05757965,1.38E-06,8.37E-13,1.65E+06,,0.170952089,0.270993644,0.369165688
10.05772253,1.38E-06,8.37E-13,1.65E+06,,0.170954398,0.270993644,0.369157168
10.05786541,1.38E-06,8.37E-13,1.65E+06,,0.170956708,0.270993644,0.369148644
10.05800829,1.38E-06,8.37E-13,1.65E+06,,0.170959018,0.270993644,0.36914012
10.05815116,1.38E-06,8.37E-13,1.65E+06,,0.170961328,0.270993644,0.369131595
10.05829404,1.38E-06,8.37E-13,1.65E+06,,0.170963638,0.270993644,0.369123071
10.05843692,1.38E-06,8.37E-13,1.65E+06,,0.170965948,0.270993644,0.369114547
10.0585798,1.38E-06,8.37E-13,1.65E+06,,0.170968258,0.270993644,0.369106023
10.05872267,1.38E-06,8.37E-13,1.65E+06,,0.170970568,0.270993644,0.369097499
10.05886555,1.38E-06,8.37E-13,1.65E+06,,0.170972878,0.270993644,0.369088974
10.05900843,1.38E-06,8.37E-13,1.65E+06,,0.170975188,0.270993644,0.36908045
10.05915131,1.38E-06,8.37E-13,1.65E+06,,0.170977497,0.270993644,0.36907193
10.05929418,1.38E-06,8.37E-13,1.65E+06,,0.170979807,0.270993644,0.369063406
10.05943706,1.38E-06,8.37E-13,1.65E+06,,0.170982117,0.270993644,0.369054881
10.05957994,1.38E-06,8.37E-13,1.65E+06,,0.170984427,0.270993644,0.369046357
10.05972282,1.38E-06,8.37E-13,1.65E+06,,0.170986737,0.270993644,0.369037833
10.0598657,1.38E-06,8.37E-13,1.65E+06,,0.170989047,0.270993644,0.369029309
10.06000857,1.38E-06,8.37E-13,1.65E+06,,0.170991357,0.270993644,0.369020785
10.06015145,1.38E-06,8.37E-13,1.65E+06,,0.170993667,0.270993644,0.369012261
10.06029433,1.38E-06,8.37E-13,1.65E+06,,0.170995977,0.270993644,0.369003736
10.06043721,1.38E-06,8.37E-13,1.65E+06,,0.170998286,0.270993644,0.368995216
10.06058008,1.38E-06,8.37E-13,1.65E+06,,0.171000596,0.270993644,0.368986692
10.06072296,1.38E-06,8.37E-13,1.65E+06,,0.171002906,0.270993644,0.368978167
10.06086584,1.38E-06,8.37E-13,1.65E+06,,0.171005216,0.270993644,0.368969643
10.06100872,1.38E-06,8.37E-13,1.65E+06,,0.171007526,0.270993644,0.368961119
10.06115159,1.38E-06,8.37E-13,1.65E+06,,0.171009836,0.270993644,0.368952595
10.06129447,1.38E-06,8.37E-13,1.65E+06,,0.171012146,0.270993644,0.368944071
10.06143735,1.38E-06,8.37E-13,1.65E+06,,0.171014456,0.270993644,0.368935547
10.06158023,1.38E-06,8.37E-13,1.65E+06,,0.171016766,0.270993644,0.368927022
10.0617231,1.38E-06,8.37E-13,1.65E+06,,0.171019076,0.270993644,0.368918498
10.06186598,1.38E-06,8.37E-13,1.65E+06,,0.171021385,0.270993644,0.368909978
10.06200886,1.38E-06,8.37E-13,1.65E+06,,0.171023695,0.270993644,0.368901453
10.06215174,1.38E-06,8.37E-13,1.65E+06,,0.171026005,0.270993644,0.368892929
10.06229461,1.38E-06,8.37E-13,1.65E+06,,0.171028315,0.270993644,0.368884405
10.06243749,1.38E-06,8.37E-13,1.65E+06,,0.171030625,0.270993644,0.368875881
10.06258037,1.37E-06,8.37E-13,1.64E+06,,0.171032935,0.270993644,0.368867357
10.06272325,1.37E-06,8.37E-13,1.64E+06,,0.171035245,0.270993644,0.368858833
10.06286612,1.37E-06,8.37E-13,1.64E+06,,0.171037555,0.270993644,0.368850308
10.063009,1.37E-06,8.37E-13,1.64E+06,,0.171039865,0.270993644,0.368841784
10.06315188,1.37E-06,8.37E-13,1.64E+06,,0.171042175,0.270993644,0.36883326
10.06329476,1.37E-06,8.37E-13,1.64E+06,,0.171044484,0.270993644,0.36882474
10.06343763,1.37E-06,8.37E-13,1.64E+06,,0.171046794,0.270993644,0.368816215
10.06358051,1.37E-06,8.37E-13,1.64E+06,,0.171049104,0.270993644,0.368807691
10.06372339,1.37E-06,8.37E-13,1.64E+06,,0.171051414,0.270993644,0.368799167
10.06386627,1.37E-06,8.37E-13,1.64E+06,,0.171053724,0.270993644,0.368790643
10.06400914,1.37E-06,8.37E-13,1.64E+06,,0.171056034,0.270993644,0.368782119
10.06415202,1.37E-06,8.37E-13,1.64E+06,,0.171058344,0.270993644,0.368773594
10.0642949,1.37E-06,8.37E-13,1.64E+06,,0.171060654,0.270993644,0.36876507
10.06443778,1.37E-06,8.37E-13,1.64E+06,,0.171062964,0.270993644,0.368756546
10.06458065,1.37E-06,8.37E-13,1.64E+06,,0.171065274,0.270993644,0.368748022
10.06472353,1.37E-06,8.37E-13,1.64E+06,,0.171067583,0.270993644,0.368739501
10.06486641,1.37E-06,8.37E-13,1.64E+06,,0.171069893,0.270993644,0.368730977
10.06500929,1.37E-06,8.37E-13,1.64E+06,,0.171072203,0.270993644,0.368722453
10.06515216,1.37E-06,8.37E-13,1.64E+06,,0.171074513,0.270993644,0.368713929
10.06529504,1.37E-06,8.37E-13,1.64E+06,,0.171076823,0.270993644,0.368705405
10.06543792,1.37E-06,8.37E-13,1.64E+06,,0.171079133,0.270993644,0.36869688
10.0655808,1.37E-06,8.37E-13,1.64E+06,,0.171081443,0.270993644,0.368688356
10.06572367,1.37E-06,8.37E-13,1.64E+06,,0.171083753,0.270993644,0.368679832
10.06586655,1.37E-06,8.37E-13,1.64E+06,,0.171086063,0.270993644,0.368671308
10.06600943,1.37E-06,8.37E-13,1.64E+06,,0.171088372,0.270993644,0.368662787
10.06615231,1.37E-06,8.37E-13,1.64E+06,,0.171090682,0.270993644,0.368654263
10.06629519,1.37E-06,8.37E-13,1.64E+06,,0.171092992,0.270993644,0.368645739
10.06643806,1.37E-06,8.37E-13,1.64E+06,,0.171095302,0.270993644,0.368637215
10.06658094,1.37E-06,8.37E-13,1.64E+06,,0.171097612,0.270993644,0.368628691
10.06672382,1.37E-06,8.37E-13,1.64E+06,,0.171099922,0.270993644,0.368620166
10.0668667,1.37E-06,8.37E-13,1.64E+06,,0.171102232,0.270993644,0.368611642
10.06700957,1.37E-06,8.37E-13,1.64E+06,,0.171104542,0.270993644,0.368603118
10.06715245,1.37E-06,8.37E-13,1.64E+06,,0.171106852,0.270993644,0.368594594
10.06729533,1.37E-06,8.37E-13,1.64E+06,,0.171109162,0.270993644,0.36858607
10.06743821,1.37E-06,8.37E-13,1.64E+06,,0.171111471,0.270993644,0.368577549
10.06758108,1.37E-06,8.37E-13,1.64E+06,,0.171113781,0.270993644,0.368569025
10.06772396,1.37E-06,8.37E-13,1.64E+06,,0.171116091,0.270993644,0.368560501
10.06786684,1.37E-06,8.37E-13,1.64E+06,,0.171118401,0.270993644,0.368551977
10.06800972,1.37E-06,8.37E-13,1.64E+06,,0.171120711,0.270993644,0.368543452
10.06815259,1.37E-06,8.37E-13,1.64E+06,,0.171123021,0.270993644,0.368534928
10.06829547,1.37E-06,8.37E-13,1.64E+06,,0.171125331,0.270993644,0.368526404
10.06843835,1.37E-06,8.37E-13,1.64E+06,,0.171127641,0.270993644,0.36851788
10.06858123,1.37E-06,8.37E-13,1.64E+06,,0.171129951,0.270993644,0.368509356
10.0687241,1.37E-06,8.37E-13,1.64E+06,,0.171132261,0.270993644,0.368500832
10.06886698,1.37E-06,8.37E-13,1.64E+06,,0.17113457,0.270993644,0.368492311
10.06900986,1.37E-06,8.37E-13,1.64E+06,,0.17113688,0.270993644,0.368483787
10.06915274,1.37E-06,8.37E-13,1.64E+06,,0.17113919,0.270993644,0.368475263
10.06929561,1.37E-06,8.37E-13,1.64E+06,,0.1711415,0.270993644,0.368466739
10.06943849,1.37E-06,8.37E-13,1.64E+06,,0.17114381,0.270993644,0.368458214
10.06958137,1.37E-06,8.37E-13,1.64E+06,,0.17114612,0.270993644,0.36844969
10.06972425,1.37E-06,8.37E-13,1.64E+06,,0.17114843,0.270993644,0.368441166
10.06986712,1.37E-06,8.37E-13,1.64E+06,,0.17115074,0.270993644,0.368432642
10.07001,1.37E-06,8.37E-13,1.64E+06,,0.17115305,0.270993644,0.368424118
10.07015288,1.37E-06,8.37E-13,1.64E+06,,0.171155359,0.270993644,0.368415597
10.07029576,1.37E-06,8.37E-13,1.64E+06,,0.171157669,0.270993644,0.368407073
10.07043863,1.37E-06,8.37E-13,1.64E+06,,0.171159979,0.270993644,0.368398549
10.07058151,1.37E-06,8.37E-13,1.64E+06,,0.171162289,0.270993644,0.368390025
10.07072439,1.37E-06,8.37E-13,1.64E+06,,0.171164599,0.270993644,0.3683815
10.07086727,1.36E-06,8.37E-13,1.62E+06,,0.171166909,0.270993644,0.368372976
10.07101014,1.36E-06,8.37E-13,1.62E+06,,0.171169219,0.270993644,0.368364452
10.07115302,1.36E-06,8.37E-13,1.62E+06,,0.171171529,0.270993644,0.368355928
10.0712959,1.36E-06,8.37E-13,1.62E+06,,0.171173839,0.270993644,0.368347404
10.07143878,1.36E-06,8.37E-13,1.62E+06,,0.171176149,0.270993644,0.368338879
10.07158165,1.36E-06,8.37E-13,1.62E+06,,0.171178458,0.270993644,0.368330359
10.07172453,1.36E-06,8.37E-13,1.62E+06,,0.171180768,0.270993644,0.368321835
10.07186741,1.36E-06,8.37E-13,1.62E+06,,0.171183078,0.270993644,0.368313311
10.07201029,1.36E-06,8.37E-13,1.62E+06,,0.171185388,0.270993644,0.368304786
10.07215316,1.36E-06,8.37E-13,1.62E+06,,0.171187698,0.270993644,0.368296262
10.07229604,1.36E-06,8.37E-13,1.62E+06,,0.171190008,0.270993644,0.368287738
10.07243892,1.36E-06,8.37E-13,1.62E+06,,0.171192318,0.270993644,0.368279214
10.0725818,1.36E-06,8.37E-13,1.62E+06,,0.171194628,0.270993644,0.36827069
10.07272467,1.36E-06,8.37E-13,1.62E+06,,0.171196938,0.270993644,0.368262165
10.07286755,1.36E-06,8.37E-13,1.62E+06,,0.171199248,0.270993644,0.368253641
10.07301043,1.36E-06,8.37E-13,1.62E+06,,0.171201557,0.270993644,0.368245121
10.07315331,1.36E-06,8.37E-13,1.62E+06,,0.171203867,0.270993644,0.368236597
10.07329619,1.36E-06,8.37E-13,1.62E+06,,0.171206177,0.270993644,0.368228072
10.07343906,1.36E-06,8.37E-13,1.62E+06,,0.171208487,0.270993644,0.368219548
10.07358194,1.36E-06,8.37E-13,1.62E+06,,0.171210797,0.270993644,0.368211024
10.07372482,1.36E-06,8.37E-13,1.62E+06,,0.171213107,0.270993644,0.3682025
10.0738677,1.36E-06,8.37E-13,1.62E+06,,0.171215417,0.270993644,0.368193976
10.07401057,1.36E-06,8.37E-13,1.62E+06,,0.171217727,0.270993644,0.368185451
10.07415345,1.36E-06,8.37E-13,1.62E+06,,0.171220037,0.270993644,0.368176927
10.07429633,1.36E-06,8.37E-13,1.62E+06,,0.171222347,0.270993644,0.368168403
10.07443921,1.36E-06,8.37E-13,1.62E+06,,0.171224656,0.270993644,0.368159883
10.07458208,1.36E-06,8.37E-13,1.62E+06,,0.171226966,0.270993644,0.368151358
10.07472496,1.36E-06,8.37E-13,1.62E+06,,0.171229276,0.270993644,0.368142834
10.07486784,1.36E-06,8.37E-13,1.62E+06,,0.171231586,0.270993644,0.36813431
10.07501072,1.36E-06,8.37E-13,1.62E+06,,0.171233896,0.270993644,0.368125786
10.07515359,1.36E-06,8.37E-13,1.62E+06,,0.171236206,0.270993644,0.368117262
10.07529647,1.36E-06,8.37E-13,1.62E+06,,0.171238516,0.270993644,0.368108737
10.07543935,1.36E-06,8.37E-13,1.62E+06,,0.171240826,0.270993644,0.368100213
10.07558223,1.36E-06,8.37E-13,1.62E+06,,0.171243136,0.270993644,0.368091689
10.0757251,1.36E-06,8.37E-13,1.62E+06,,0.171245445,0.270993644,0.368083169
10.07586798,1.36E-06,8.37E-13,1.62E+06,,0.171247755,0.270993644,0.368074644
10.07601086,1.36E-06,8.37E-13,1.62E+06,,0.171250065,0.270993644,0.36806612
10.07615374,1.36E-06,8.37E-13,1.62E+06,,0.171252375,0.270993644,0.368057596
10.07629661,1.36E-06,8.37E-13,1.62E+06,,0.171254685,0.270993644,0.368049072
10.07643949,1.36E-06,8.37E-13,1.62E+06,,0.171256995,0.270993644,0.368040548
10.07658237,1.36E-06,8.37E-13,1.62E+06,,0.171259305,0.270993644,0.368032024
10.07672525,1.36E-06,8.37E-13,1.62E+06,,0.171261615,0.270993644,0.368023499
10.07686812,1.36E-06,8.37E-13,1.62E+06,,0.171263925,0.270993644,0.368014975
10.077011,1.36E-06,8.37E-13,1.62E+06,,0.171266235,0.270993644,0.368006451
10.07715388,1.36E-06,8.37E-13,1.62E+06,,0.171268544,0.270993644,0.36799793
10.07729676,1.36E-06,8.37E-13,1.62E+06,,0.171270854,0.270993644,0.367989406
10.07743963,1.36E-06,8.37E-13,1.62E+06,,0.171273164,0.270993644,0.367980882
10.07758251,1.36E-06,8.37E-13,1.62E+06,,0.171275474,0.270993644,0.367972358
10.07772539,1.36E-06,8.37E-13,1.62E+06,,0.171277784,0.270993644,0.367963834
10.07786827,1.36E-06,8.37E-13,1.62E+06,,0.171280094,0.270993644,0.36795531
10.07801114,1.36E-06,8.37E-13,1.62E+06,,0.171282404,0.270993644,0.367946785
10.07815402,1.36E-06,8.37E-13,1.62E+06,,0.171284714,0.270993644,0.367938261
10.0782969,1.36E-06,8.37E-13,1.62E+06,,0.171287024,0.270993644,0.367929737
10.07843978,1.36E-06,8.37E-13,1.62E+06,,0.171289334,0.270993644,0.367921213
10.07858265,1.36E-06,8.37E-13,1.62E+06,,0.171291643,0.270993644,0.367912692
10.07872553,1.36E-06,8.37E-13,1.62E+06,,0.171293953,0.270993644,0.367904168
10.07886841,1.36E-06,8.37E-13,1.62E+06,,0.171296263,0.270993644,0.367895644
10.07901129,1.36E-06,8.37E-13,1.62E+06,,0.171298573,0.270993644,0.36788712
10.07915416,1.36E-06,8.37E-13,1.62E+06,,0.171300883,0.270993644,0.367878596
10.07929704,1.35E-06,8.37E-13,1.61E+06,,0.171303193,0.270993644,0.367870071
10.07943992,1.35E-06,8.37E-13,1.61E+06,,0.171305503,0.270993644,0.367861547
10.0795828,1.35E-06,8.37E-13,1.61E+06,,0.171307813,0.270993644,0.367853023
10.07972568,1.35E-06,8.37E-13,1.61E+06,,0.171310123,0.270993644,0.367844499
10.07986855,1.35E-06,8.37E-13,1.61E+06,,0.171312432,0.270993644,0.367835978
10.08001143,1.35E-06,8.37E-13,1.61E+06,,0.171314742,0.270993644,0.367827454
10.08015431,1.35E-06,8.37E-13,1.61E+06,,0.171317052,0.270993644,0.36781893
10.08029719,1.35E-06,8.37E-13,1.61E+06,,0.171319362,0.270993644,0.367810406
10.08044006,1.35E-06,8.37E-13,1.61E+06,,0.171321672,0.270993644,0.367801882
10.08058294,1.35E-06,8.37E-13,1.61E+06,,0.171323982,0.270993644,0.367793357
10.08072582,1.35E-06,8.37E-13,1.61E+06,,0.171326292,0.270993644,0.367784833
10.0808687,1.35E-06,8.37E-13,1.61E+06,,0.171328602,0.270993644,0.367776309
10.08101157,1.35E-06,8.37E-13,1.61E+06,,0.171330912,0.270993644,0.367767785
10.08115445,1.35E-06,8.37E-13,1.61E+06,,0.171333222,0.270993644,0.367759261
10.08129733,1.35E-06,8.37E-13,1.61E+06,,0.171335531,0.270993644,0.36775074
10.08144021,1.35E-06,8.37E-13,1.61E+06,,0.171337841,0.270993644,0.367742216
10.08158308,1.35E-06,8.37E-13,1.61E+06,,0.171340151,0.270993644,0.367733692
10.08172596,1.35E-06,8.37E-13,1.61E+06,,0.171342461,0.270993644,0.367725168
10.08186884,1.35E-06,8.37E-13,1.61E+06,,0.171344771,0.270993644,0.367716643
10.08201172,1.35E-06,8.37E-13,1.61E+06,,0.171347081,0.270993644,0.367708119
10.08215459,1.35E-06,8.37E-13,1.61E+06,,0.171349391,0.270993644,0.367699595
10.08229747,1.35E-06,8.37E-13,1.61E+06,,0.171351701,0.270993644,0.367691071
10.08244035,1.35E-06,8.37E-13,1.61E+06,,0.171354011,0.270993644,0.367682547
10.08258323,1.35E-06,8.37E-13,1.61E+06,,0.171356321,0.270993644,0.367674022
10.0827261,1.35E-06,8.37E-13,1.61E+06,,0.17135863,0.270993644,0.367665502
10.08286898,1.35E-06,8.37E-13,1.61E+06,,0.17136094,0.270993644,0.367656978
10.08301186,1.35E-06,8.37E-13,1.61E+06,,0.17136325,0.270993644,0.367648454
10.08315474,1.35E-06,8.37E-13,1.61E+06,,0.17136556,0.270993644,0.367639929
10.08329761,1.35E-06,8.37E-13,1.61E+06,,0.17136787,0.270993644,0.367631405
10.08344049,1.35E-06,8.37E-13,1.61E+06,,0.17137018,0.270993644,0.367622881
10.08358337,1.35E-06,8.37E-13,1.61E+06,,0.17137249,0.270993644,0.367614357
10.08372625,1.35E-06,8.37E-13,1.61E+06,,0.1713748,0.270993644,0.367605833
10.08386912,1.35E-06,8.37E-13,1.61E+06,,0.17137711,0.270993644,0.367597309
10.084012,1.35E-06,8.37E-13,1.61E+06,,0.17137942,0.270993644,0.367588784
10.08415488,1.35E-06,8.37E-13,1.61E+06,,0.171381729,0.270993644,0.367580264
10.08429776,1.35E-06,8.37E-13,1.61E+06,,0.171384039,0.270993644,0.36757174
10.08444063,1.35E-06,8.37E-13,1.61E+06,,0.171386349,0.270993644,0.367563215
10.08458351,1.35E-06,8.37E-13,1.61E+06,,0.171388659,0.270993644,0.367554691
10.08472639,1.35E-06,8.37E-13,1.61E+06,,0.171390969,0.270993644,0.367546167
10.08486927,1.35E-06,8.37E-13,1.61E+06,,0.171393279,0.270993644,0.367537643
10.08501214,1.35E-06,8.37E-13,1.61E+06,,0.171395589,0.270993644,0.367529119
10.08515502,1.35E-06,8.37E-13,1.61E+06,,0.171397899,0.270993644,0.367520595
10.0852979,1.35E-06,8.37E-13,1.61E+06,,0.171400209,0.270993644,0.36751207
10.08544078,1.35E-06,8.37E-13,1.61E+06,,0.171402518,0.270993644,0.36750355
10.08558365,1.35E-06,8.37E-13,1.61E+06,,0.171404828,0.270993644,0.367495026
10.08572653,1.35E-06,8.37E-13,1.61E+06,,0.171407138,0.270993644,0.367486501
10.08586941,1.35E-06,8.37E-13,1.61E+06,,0.171409448,0.270993644,0.367477977
10.08601229,1.35E-06,8.37E-13,1.61E+06,,0.171411758,0.270993644,0.367469453
10.08615517,1.35E-06,8.37E-13,1.61E+06,,0.171414068,0.270993644,0.367460929
10.08629804,1.35E-06,8.37E-13,1.61E+06,,0.171416378,0.270993644,0.367452405
10.08644092,1.35E-06,8.37E-13,1.61E+06,,0.171418688,0.270993644,0.367443881
10.0865838,1.35E-06,8.37E-13,1.61E+06,,0.171420998,0.270993644,0.367435356
10.08672668,1.35E-06,8.37E-13,1.61E+06,,0.171423308,0.270993644,0.367426832
10.08686955,1.35E-06,8.37E-13,1.61E+06,,0.171425617,0.270993644,0.367418312
10.08701243,1.35E-06,8.37E-13,1.61E+06,,0.171427927,0.270993644,0.367409788
10.08715531,1.35E-06,8.37E-13,1.61E+06,,0.171430237,0.270993644,0.367401263
10.08729819,1.35E-06,8.37E-13,1.61E+06,,0.171432547,0.270993644,0.367392739
10.08744106,1.35E-06,8.37E-13,1.61E+06,,0.171434857,0.270993644,0.367384215
10.08758394,1.34E-06,8.37E-13,1.60E+06,,0.171437167,0.270993644,0.367375691
10.08772682,1.34E-06,8.37E-13,1.60E+06,,0.171439477,0.270993644,0.367367167
10.0878697,1.34E-06,8.37E-13,1.60E+06,,0.171441787,0.270993644,0.367358642
10.08801257,1.34E-06,8.37E-13,1.60E+06,,0.171444097,0.270993644,0.367350118
10.08815545,1.34E-06,8.37E-13,1.60E+06,,0.171446407,0.270993644,0.367341594
10.08829833,1.34E-06,8.37E-13,1.60E+06,,0.171448716,0.270993644,0.367333074
10.08844121,1.34E-06,8.37E-13,1.60E+06,,0.171451026,0.270993644,0.367324549
10.08858408,1.34E-06,8.37E-13,1.60E+06,,0.171453336,0.270993644,0.367316025
10.08872696,1.34E-06,8.37E-13,1.60E+06,,0.171455646,0.270993644,0.367307501
10.08886984,1.34E-06,8.37E-13,1.60E+06,,0.171457956,0.270993644,0.367298977
10.08901272,1.34E-06,8.37E-13,1.60E+06,,0.171460266,0.270993644,0.367290453
10.08915559,1.34E-06,8.37E-13,1.60E+06,,0.171462576,0.270993644,0.367281928
10.08929847,1.34E-06,8.37E-13,1.60E+06,,0.171464886,0.270993644,0.367273404
10.08944135,1.34E-06,8.37E-13,1.60E+06,,0.171467196,0.270993644,0.36726488
10.08958423,1.34E-06,8.37E-13,1.60E+06,,0.171469505,0.270993644,0.36725636
10.0897271,1.34E-06,8.37E-13,1.60E+06,,0.171471815,0.270993644,0.367247835
10.08986998,1.34E-06,8.37E-13,1.60E+06,,0.171474125,0.270993644,0.367239311
10.09001286,1.34E-06,8.37E-13,1.60E+06,,0.171476435,0.270993644,0.367230787
10.09015574,1.34E-06,8.37E-13,1.60E+06,,0.171478745,0.270993644,0.367222263
10.09029861,1.34E-06,8.37E-13,1.60E+06,,0.171481055,0.270993644,0.367213739
10.09044149,1.34E-06,8.37E-13,1.60E+06,,0.171483365,0.270993644,0.367205214
10.09058437,1.34E-06,8.37E-13,1.60E+06,,0.171485675,0.270993644,0.36719669
10.09072725,1.34E-06,8.37E-13,1.60E+06,,0.171487985,0.270993644,0.367188166
10.09087012,1.34E-06,8.37E-13,1.60E+06,,0.171490295,0.270993644,0.367179642
10.091013,1.34E-06,8.37E-13,1.60E+06,,0.171492604,0.270993644,0.367171121
10.09115588,1.34E-06,8.37E-13,1.60E+06,,0.171494914,0.270993644,0.367162597
10.09129876,1.34E-06,8.37E-13,1.60E+06,,0.171497224,0.270993644,0.367154073
10.09144163,1.34E-06,8.37E-13,1.60E+06,,0.171499534,0.270993644,0.367145549
10.09158451,1.34E-06,8.37E-13,1.60E+06,,0.171501844,0.270993644,0.367137025
10.09172739,1.34E-06,8.37E-13,1.60E+06,,0.171504154,0.270993644,0.3671285
10.09187027,1.34E-06,8.37E-13,1.60E+06,,0.171506464,0.270993644,0.367119976
10.09201314,1.34E-06,8.37E-13,1.60E+06,,0.171508774,0.270993644,0.367111452
10.09215602,1.34E-06,8.37E-13,1.60E+06,,0.171511084,0.270993644,0.367102928
10.0922989,1.34E-06,8.37E-13,1.60E+06,,0.171513394,0.270993644,0.367094404
10.09244178,1.34E-06,8.37E-13,1.60E+06,,0.171515703,0.270993644,0.367085883
10.09258465,1.34E-06,8.37E-13,1.60E+06,,0.171518013,0.270993644,0.367077359
10.09272753,1.34E-06,8.37E-13,1.60E+06,,0.171520323,0.270993644,0.367068835
10.09287041,1.34E-06,8.37E-13,1.60E+06,,0.171522633,0.270993644,0.367060311
10.09301329,1.34E-06,8.37E-13,1.60E+06,,0.171524943,0.270993644,0.367051786
10.09315617,1.34E-06,8.37E-13,1.60E+06,,0.171527253,0.270993644,0.367043262
10.09329904,1.34E-06,8.37E-13,1.60E+06,,0.171529563,0.270993644,0.367034738
10.09344192,1.34E-06,8.37E-13,1.60E+06,,0.171531873,0.270993644,0.367026214
10.0935848,1.34E-06,8.37E-13,1.60E+06,,0.171534183,0.270993644,0.36701769
10.09372768,1.34E-06,8.37E-13,1.60E+06,,0.171536493,0.270993644,0.367009166
10.09387055,1.34E-06,8.37E-13,1.60E+06,,0.171538802,0.270993644,0.367000645
10.09401343,1.34E-06,8.37E-13,1.60E+06,,0.171541112,0.270993644,0.366992121
10.09415631,1.34E-06,8.37E-13,1.60E+06,,0.171543422,0.270993644,0.366983597
10.09429919,1.34E-06,8.37E-13,1.60E+06,,0.171545732,0.270993644,0.366975073
10.09444206,1.34E-06,8.37E-13,1.60E+06,,0.171548042,0.270993644,0.366966548
10.09458494,1.34E-06,8.37E-13,1.60E+06,,0.171550352,0.270993644,0.366958024
10.09472782,1.34E-06,8.37E-13,1.60E+06,,0.171552662,0.270993644,0.3669495
10.0948707,1.34E-06,8.37E-13,1.60E+06,,0.171554972,0.270993644,0.366940976
10.09501357,1.34E-06,8.37E-13,1.60E+06,,0.171557282,0.270993644,0.366932452
10.09515645,1.34E-06,8.37E-13,1.60E+06,,0.171559591,0.270993644,0.366923931
10.09529933,1.34E-06,8.37E-13,1.60E+06,,0.171561901,0.270993644,0.366915407
10.09544221,1.34E-06,8.37E-13,1.60E+06,,0.171564211,0.270993644,0.366906883
10.09558508,1.34E-06,8.37E-13,1.60E+06,,0.171566521,0.270993644,0.366898359
10.09572796,1.34E-06,8.37E-13,1.60E+06,,0.171568831,0.270993644,0.366889834
10.09587084,1.33E-06,8.37E-13,1.59E+06,,0.171571141,0.270993644,0.36688131
10.09601372,1.33E-06,8.37E-13,1.59E+06,,0.171573451,0.270993644,0.366872786
10.09615659,1.33E-06,8.37E-13,1.59E+06,,0.171575761,0.270993644,0.366864262
10.09629947,1.33E-06,8.37E-13,1.59E+06,,0.171578071,0.270993644,0.366855738
10.09644235,1.33E-06,8.37E-13,1.59E+06,,0.171580381,0.270993644,0.366847213
10.09658523,1.33E-06,8.37E-13,1.59E+06,,0.17158269,0.270993644,0.366838693
10.0967281,1.33E-06,8.37E-13,1.59E+06,,0.171585,0.270993644,0.366830169
10.09687098,1.33E-06,8.37E-13,1.59E+06,,0.17158731,0.270993644,0.366821645
10.09701386,1.33E-06,8.37E-13,1.59E+06,,0.17158962,0.270993644,0.36681312
10.09715674,1.33E-06,8.37E-13,1.59E+06,,0.17159193,0.270993644,0.366804596
10.09729961,1.33E-06,8.37E-13,1.59E+06,,0.17159424,0.270993644,0.366796072
10.09744249,1.33E-06,8.37E-13,1.59E+06,,0.17159655,0.270993644,0.366787548
10.09758537,1.33E-06,8.37E-13,1.59E+06,,0.17159886,0.270993644,0.366779024
10.09772825,1.33E-06,8.37E-13,1.59E+06,,0.17160117,0.270993644,0.366770499
10.09787112,1.33E-06,8.37E-13,1.59E+06,,0.17160348,0.270993644,0.366761975
10.098014,1.33E-06,8.37E-13,1.59E+06,,0.171605789,0.270993644,0.366753455
10.09815688,1.33E-06,8.37E-13,1.59E+06,,0.171608099,0.270993644,0.366744931
10.09829976,1.33E-06,8.37E-13,1.59E+06,,0.171610409,0.270993644,0.366736406
10.09844263,1.33E-06,8.37E-13,1.59E+06,,0.171612719,0.270993644,0.366727882
10.09858551,1.33E-06,8.37E-13,1.59E+06,,0.171615029,0.270993644,0.366719358
10.09872839,1.33E-06,8.37E-13,1.59E+06,,0.171617339,0.270993644,0.366710834
10.09887127,1.33E-06,8.37E-13,1.59E+06,,0.171619649,0.270993644,0.36670231
10.09901414,1.33E-06,8.37E-13,1.59E+06,,0.171621959,0.270993644,0.366693785
10.09915702,1.33E-06,8.37E-13,1.59E+06,,0.171624269,0.270993644,0.366685261
10.0992999,1.33E-06,8.37E-13,1.59E+06,,0.171626579,0.270993644,0.366676737
10.09944278,1.33E-06,8.37E-13,1.59E+06,,0.171628888,0.270993644,0.366668217
10.09958566,1.33E-06,8.37E-13,1.59E+06,,0.171631198,0.270993644,0.366659692
10.09972853,1.33E-06,8.37E-13,1.59E+06,,0.171633508,0.270993644,0.366651168
10.09987141,1.33E-06,8.37E-13,1.59E+06,,0.171635818,0.270993644,0.366642644
10.10001429,1.33E-06,8.37E-13,1.59E+06,,0.171638024,0.270993644,0.366634504
10.10015717,1.33E-06,8.37E-13,1.59E+06,,0.171639294,0.270993644,0.366629817
10.10030004,1.33E-06,8.37E-13,1.59E+06,,0.171640565,0.270993644,0.366625127
10.10044292,1.33E-06,8.37E-13,1.59E+06,,0.171641835,0.270993644,0.366620441
10.1005858,1.33E-06,8.37E-13,1.59E+06,,0.171643106,0.270993644,0.36661575
10.10072868,1.33E-06,8.37E-13,1.59E+06,,0.171644376,0.270993644,0.366611064
10.10087155,1.33E-06,8.37E-13,1.59E+06,,0.171645646,0.270993644,0.366606378
10.10101443,1.33E-06,8.37E-13,1.59E+06,,0.171646917,0.270993644,0.366601687
10.10115731,1.33E-06,8.37E-13,1.59E+06,,0.171648187,0.270993644,0.366597001
10.10130019,1.33E-06,8.37E-13,1.59E+06,,0.171649458,0.270993644,0.366592311
10.10144306,1.33E-06,8.37E-13,1.59E+06,,0.171650728,0.270993644,0.366587624
10.10158594,1.33E-06,8.37E-13,1.59E+06,,0.171651999,0.270993644,0.366582934
10.10172882,1.33E-06,8.37E-13,1.59E+06,,0.171653269,0.270993644,0.366578248
10.1018717,1.33E-06,8.37E-13,1.59E+06,,0.171654539,0.270993644,0.366573561
10.10201457,1.33E-06,8.37E-13,1.59E+06,,0.17165581,0.270993644,0.366568871
10.10215745,1.33E-06,8.37E-13,1.59E+06,,0.17165708,0.270993644,0.366564185
10.10230033,1.33E-06,8.37E-13,1.59E+06,,0.171658351,0.270993644,0.366559495
10.10244321,1.33E-06,8.37E-13,1.59E+06,,0.171659621,0.270993644,0.366554808
10.10258608,1.33E-06,8.37E-13,1.59E+06,,0.171660891,0.270993644,0.366550122
10.10272896,1.33E-06,8.37E-13,1.59E+06,,0.171662162,0.270993644,0.366545431
10.10287184,1.33E-06,8.37E-13,1.59E+06,,0.171663432,0.270993644,0.366540745
10.10301472,1.33E-06,8.37E-13,1.59E+06,,0.171664703,0.270993644,0.366536055
10.10315759,1.33E-06,8.37E-13,1.59E+06,,0.171665973,0.270993644,0.366531368
10.10330047,1.33E-06,8.37E-13,1.59E+06,,0.171667243,0.270993644,0.366526682
10.10344335,1.33E-06,8.37E-13,1.59E+06,,0.171668514,0.270993644,0.366521992
10.10358623,1.33E-06,8.37E-13,1.59E+06,,0.171669784,0.270993644,0.366517305
10.1037291,1.33E-06,8.37E-13,1.59E+06,,0.171671055,0.270993644,0.366512615
10.10387198,1.33E-06,8.37E-13,1.59E+06,,0.171672325,0.270993644,0.366507929
10.10401486,1.33E-06,8.37E-13,1.59E+06,,0.171673595,0.270993644,0.366503242
10.10415774,1.33E-06,8.37E-13,1.59E+06,,0.171674866,0.270993644,0.366498552
10.10430061,1.32E-06,8.37E-13,1.58E+06,,0.171676136,0.270993644,0.366493866
10.10444349,1.32E-06,8.37E-13,1.58E+06,,0.171677407,0.270993644,0.366489176
10.10458637,1.32E-06,8.37E-13,1.58E+06,,0.171678677,0.270993644,0.366484489
10.10472925,1.32E-06,8.37E-13,1.58E+06,,0.171679947,0.270993644,0.366479803
10.10487212,1.32E-06,8.37E-13,1.58E+06,,0.171681218,0.270993644,0.366475112
10.105015,1.32E-06,8.37E-13,1.58E+06,,0.171682488,0.270993644,0.366470426
10.10515788,1.32E-06,8.37E-13,1.58E+06,,0.171683759,0.270993644,0.366465736
10.10530076,1.32E-06,8.37E-13,1.58E+06,,0.171685029,0.270993644,0.366461049
10.10544363,1.32E-06,8.37E-13,1.58E+06,,0.1716863,0.270993644,0.366456359
10.10558651,1.32E-06,8.37E-13,1.58E+06,,0.17168757,0.270993644,0.366451673
10.10572939,1.32E-06,8.37E-13,1.58E+06,,0.17168884,0.270993644,0.366446986
10.10587227,1.32E-06,8.37E-13,1.58E+06,,0.171690111,0.270993644,0.366442296
10.10601515,1.32E-06,8.37E-13,1.58E+06,,0.171691381,0.270993644,0.36643761
10.10615802,1.32E-06,8.37E-13,1.58E+06,,0.171692652,0.270993644,0.36643292
10.1063009,1.32E-06,8.37E-13,1.58E+06,,0.171693922,0.270993644,0.366428233
10.10644378,1.32E-06,8.37E-13,1.58E+06,,0.171695192,0.270993644,0.366423547
10.10658666,1.32E-06,8.37E-13,1.58E+06,,0.171696463,0.270993644,0.366418857
10.10672953,1.32E-06,8.37E-13,1.58E+06,,0.171697733,0.270993644,0.36641417
10.10687241,1.32E-06,8.37E-13,1.58E+06,,0.171699004,0.270993644,0.36640948
10.10701529,1.32E-06,8.37E-13,1.58E+06,,0.171700274,0.270993644,0.366404793
10.10715817,1.32E-06,8.37E-13,1.58E+06,,0.171701544,0.270993644,0.366400107
10.10730104,1.32E-06,8.37E-13,1.58E+06,,0.171702815,0.270993644,0.366395417
10.10744392,1.32E-06,8.37E-13,1.58E+06,,0.171704085,0.270993644,0.36639073
10.1075868,1.32E-06,8.37E-13,1.58E+06,,0.171705356,0.270993644,0.36638604
10.10772968,1.32E-06,8.37E-13,1.58E+06,,0.171706626,0.270993644,0.366381354
10.10787255,1.32E-06,8.37E-13,1.58E+06,,0.171707896,0.270993644,0.366376667
10.10801543,1.32E-06,8.37E-13,1.58E+06,,0.171709167,0.270993644,0.366371977
10.10815831,1.32E-06,8.37E-13,1.58E+06,,0.171710437,0.270993644,0.366367291
10.10830119,1.32E-06,8.37E-13,1.58E+06,,0.171711708,0.270993644,0.366362601
10.10844406,1.32E-06,8.37E-13,1.58E+06,,0.171712978,0.270993644,0.366357914
10.10858694,1.32E-06,8.37E-13,1.58E+06,,0.171714248,0.270993644,0.366353228
10.10872982,1.32E-06,8.37E-13,1.58E+06,,0.171715519,0.270993644,0.366348538
10.1088727,1.32E-06,8.37E-13,1.58E+06,,0.171716789,0.270993644,0.366343851
10.10901557,1.32E-06,8.37E-13,1.58E+06,,0.17171806,0.270993644,0.366339161
10.10915845,1.32E-06,8.37E-13,1.58E+06,,0.17171933,0.270993644,0.366334474
10.10930133,1.32E-06,8.37E-13,1.58E+06,,0.171720601,0.270993644,0.366329784
10.10944421,1.32E-06,8.37E-13,1.58E+06,,0.171721871,0.270993644,0.366325098
10.10958708,1.32E-06,8.37E-13,1.58E+06,,0.171723141,0.270993644,0.366320411
10.10972996,1.32E-06,8.37E-13,1.58E+06,,0.171724412,0.270993644,0.366315721
10.10987284,1.32E-06,8.37E-13,1.58E+06,,0.171725682,0.270993644,0.366311035
10.11001572,1.32E-06,8.37E-13,1.58E+06,,0.171726953,0.270993644,0.366306345
10.11015859,1.32E-06,8.37E-13,1.58E+06,,0.171728223,0.270993644,0.366301658
10.11030147,1.32E-06,8.37E-13,1.58E+06,,0.171729493,0.270993644,0.366296972
10.11044435,1.32E-06,8.37E-13,1.58E+06,,0.171730764,0.270993644,0.366292282
10.11058723,1.32E-06,8.37E-13,1.58E+06,,0.171732034,0.270993644,0.366287595
10.1107301,1.32E-06,8.37E-13,1.58E+06,,0.171733305,0.270993644,0.366282905
10.11087298,1.32E-06,8.37E-13,1.58E+06,,0.171734575,0.270993644,0.366278219
10.11101586,1.32E-06,8.37E-13,1.58E+06,,0.171735845,0.270993644,0.366273532
10.11115874,1.32E-06,8.37E-13,1.58E+06,,0.171737116,0.270993644,0.366268842
10.11130161,1.32E-06,8.37E-13,1.58E+06,,0.171738386,0.270993644,0.366264155
10.11144449,1.32E-06,8.37E-13,1.58E+06,,0.171739657,0.270993644,0.366259465
10.11158737,1.32E-06,8.37E-13,1.58E+06,,0.171740927,0.270993644,0.366254779
10.11173025,1.32E-06,8.37E-13,1.58E+06,,0.171742197,0.270993644,0.366250092
10.11187312,1.32E-06,8.37E-13,1.58E+06,,0.171743468,0.270993644,0.366245402
10.112016,1.32E-06,8.37E-13,1.58E+06,,0.171744738,0.270993644,0.366240716
10.11215888,1.32E-06,8.37E-13,1.58E+06,,0.171746009,0.270993644,0.366236026
10.11230176,1.32E-06,8.37E-13,1.58E+06,,0.171747279,0.270993644,0.366231339
10.11244463,1.32E-06,8.37E-13,1.58E+06,,0.171748549,0.270993644,0.366226653
10.11258751,1.31E-06,8.37E-13,1.56E+06,,0.17174982,0.270993644,0.366221963
10.11273039,1.31E-06,8.37E-13,1.56E+06,,0.17175109,0.270993644,0.366217276
10.11287327,1.31E-06,8.37E-13,1.56E+06,,0.171752361,0.270993644,0.366212586
10.11301615,1.31E-06,8.37E-13,1.56E+06,,0.171753631,0.270993644,0.3662079
10.11315902,1.31E-06,8.37E-13,1.56E+06,,0.171754902,0.270993644,0.366203209
10.1133019,1.31E-06,8.37E-13,1.56E+06,,0.171756172,0.270993644,0.366198523
10.11344478,1.31E-06,8.37E-13,1.56E+06,,0.171757442,0.270993644,0.366193836
10.11358766,1.31E-06,8.37E-13,1.56E+06,,0.171758713,0.270993644,0.366189146
10.11373053,1.31E-06,8.37E-13,1.56E+06,,0.171759983,0.270993644,0.36618446
10.11387341,1.31E-06,8.37E-13,1.56E+06,,0.171761254,0.270993644,0.36617977
10.11401629,1.31E-06,8.37E-13,1.56E+06,,0.171762524,0.270993644,0.366175083
10.11415917,1.31E-06,8.37E-13,1.56E+06,,0.171763794,0.270993644,0.366170397
10.11430204,1.31E-06,8.37E-13,1.56E+06,,0.171765065,0.270993644,0.366165707
10.11444492,1.31E-06,8.37E-13,1.56E+06,,0.171766335,0.270993644,0.36616102
10.1145878,1.31E-06,8.37E-13,1.56E+06,,0.171767606,0.270993644,0.36615633
10.11473068,1.31E-06,8.37E-13,1.56E+06,,0.171768876,0.270993644,0.366151644
10.11487355,1.31E-06,8.37E-13,1.56E+06,,0.171770146,0.270993644,0.366146957
10.11501643,1.31E-06,8.37E-13,1.56E+06,,0.171771417,0.270993644,0.366142267
10.11515931,1.31E-06,8.37E-13,1.56E+06,,0.171772687,0.270993644,0.366137581
10.11530219,1.31E-06,8.37E-13,1.56E+06,,0.171773958,0.270993644,0.36613289
10.11544506,1.31E-06,8.37E-13,1.56E+06,,0.171775228,0.270993644,0.366128204
10.11558794,1.31E-06,8.37E-13,1.56E+06,,0.171776498,0.270993644,0.366123517
10.11573082,1.31E-06,8.37E-13,1.56E+06,,0.171777769,0.270993644,0.366118827
10.1158737,1.31E-06,8.37E-13,1.56E+06,,0.171779039,0.270993644,0.366114141
10.11601657,1.31E-06,8.37E-13,1.56E+06,,0.17178031,0.270993644,0.366109451
10.11615945,1.31E-06,8.37E-13,1.56E+06,,0.17178158,0.270993644,0.366104764
10.11630233,1.31E-06,8.37E-13,1.56E+06,,0.17178285,0.270993644,0.366100078
10.11644521,1.31E-06,8.37E-13,1.56E+06,,0.171784121,0.270993644,0.366095388
10.11658808,1.31E-06,8.37E-13,1.56E+06,,0.171785391,0.270993644,0.366090701
10.11673096,1.31E-06,8.37E-13,1.56E+06,,0.171786662,0.270993644,0.366086011
10.11687384,1.31E-06,8.37E-13,1.56E+06,,0.171787932,0.270993644,0.366081325
10.11701672,1.31E-06,8.37E-13,1.56E+06,,0.171789202,0.270993644,0.366076638
10.11715959,1.31E-06,8.37E-13,1.56E+06,,0.171790473,0.270993644,0.366071948
10.11730247,1.31E-06,8.37E-13,1.56E+06,,0.171791743,0.270993644,0.366067262
10.11744535,1.31E-06,8.37E-13,1.56E+06,,0.171793014,0.270993644,0.366062571
10.11758823,1.31E-06,8.37E-13,1.56E+06,,0.171794284,0.270993644,0.366057885
10.1177311,1.31E-06,8.37E-13,1.56E+06,,0.171795555,0.270993644,0.366053195
10.11787398,1.31E-06,8.37E-13,1.56E+06,,0.171796825,0.270993644,0.366048508
10.11801686,1.31E-06,8.37E-13,1.56E+06,,0.171798095,0.270993644,0.366043822
10.11815974,1.31E-06,8.37E-13,1.56E+06,,0.171799366,0.270993644,0.366039132
10.11830261,1.31E-06,8.37E-13,1.56E+06,,0.171800636,0.270993644,0.366034445
10.11844549,1.31E-06,8.37E-13,1.56E+06,,0.171801907,0.270993644,0.366029755
10.11858837,1.31E-06,8.37E-13,1.56E+06,,0.171803177,0.270993644,0.366025069
10.11873125,1.31E-06,8.37E-13,1.56E+06,,0.171804447,0.270993644,0.366020382
10.11887412,1.31E-06,8.37E-13,1.56E+06,,0.171805718,0.270993644,0.366015692
10.119017,1.31E-06,8.37E-13,1.56E+06,,0.171806988,0.270993644,0.366011006
10.11915988,1.31E-06,8.37E-13,1.56E+06,,0.171808259,0.270993644,0.366006315
10.11930276,1.31E-06,8.37E-13,1.56E+06,,0.171809529,0.270993644,0.366001629
10.11944564,1.31E-06,8.37E-13,1.56E+06,,0.171810799,0.270993644,0.365996943
10.11958851,1.31E-06,8.37E-13,1.56E+06,,0.17181207,0.270993644,0.365992252
10.11973139,1.31E-06,8.37E-13,1.56E+06,,0.17181334,0.270993644,0.365987566
10.11987427,1.31E-06,8.37E-13,1.56E+06,,0.171814611,0.270993644,0.365982876
10.12001715,1.31E-06,8.37E-13,1.56E+06,,0.171815881,0.270993644,0.365978189
10.12016002,1.31E-06,8.37E-13,1.56E+06,,0.171817151,0.270993644,0.365973503
10.1203029,1.31E-06,8.37E-13,1.56E+06,,0.171818422,0.270993644,0.365968813
10.12044578,1.31E-06,8.37E-13,1.56E+06,,0.171819692,0.270993644,0.365964126
10.12058866,1.31E-06,8.37E-13,1.56E+06,,0.171820963,0.270993644,0.365959436
10.12073153,1.31E-06,8.37E-13,1.56E+06,,0.171822233,0.270993644,0.36595475
10.12087441,1.30E-06,8.37E-13,1.55E+06,,0.171823503,0.270993644,0.365950063
10.12101729,1.30E-06,8.37E-13,1.55E+06,,0.171824774,0.270993644,0.365945373
10.12116017,1.30E-06,8.37E-13,1.55E+06,,0.171826044,0.270993644,0.365940687
10.12130304,1.30E-06,8.37E-13,1.55E+06,,0.171827315,0.270993644,0.365935996
10.12144592,1.30E-06,8.37E-13,1.55E+06,,0.171828585,0.270993644,0.36593131
10.1215888,1.30E-06,8.37E-13,1.55E+06,,0.171829856,0.270993644,0.36592662
10.12173168,1.30E-06,8.37E-13,1.55E+06,,0.171831126,0.270993644,0.365921933
10.12187455,1.30E-06,8.37E-13,1.55E+06,,0.171832396,0.270993644,0.365917247
10.12201743,1.30E-06,8.37E-13,1.55E+06,,0.171833667,0.270993644,0.365912557
10.12216031,1.30E-06,8.37E-13,1.55E+06,,0.171834937,0.270993644,0.36590787
10.12230319,1.30E-06,8.37E-13,1.55E+06,,0.171836208,0.270993644,0.36590318
10.12244606,1.30E-06,8.37E-13,1.55E+06,,0.171837478,0.270993644,0.365898494
10.12258894,1.30E-06,8.37E-13,1.55E+06,,0.171838748,0.270993644,0.365893807
10.12273182,1.30E-06,8.37E-13,1.55E+06,,0.171840019,0.270993644,0.365889117
10.1228747,1.30E-06,8.37E-13,1.55E+06,,0.171841289,0.270993644,0.365884431
10.12301757,1.30E-06,8.37E-13,1.55E+06,,0.17184256,0.270993644,0.365879741
10.12316045,1.30E-06,8.37E-13,1.55E+06,,0.17184383,0.270993644,0.365875054
10.12330333,1.30E-06,8.37E-13,1.55E+06,,0.1718451,0.270993644,0.365870368
10.12344621,1.30E-06,8.37E-13,1.55E+06,,0.171846371,0.270993644,0.365865677
10.12358908,1.30E-06,8.37E-13,1.55E+06,,0.171847641,0.270993644,0.365860991
10.12373196,1.30E-06,8.37E-13,1.55E+06,,0.171848912,0.270993644,0.365856301
10.12387484,1.30E-06,8.37E-13,1.55E+06,,0.171850182,0.270993644,0.365851614
10.12401772,1.30E-06,8.37E-13,1.55E+06,,0.171851452,0.270993644,0.365846928
10.12416059,1.30E-06,8.37E-13,1.55E+06,,0.171852723,0.270993644,0.365842238
10.12430347,1.30E-06,8.37E-13,1.55E+06,,0.171853993,0.270993644,0.365837551
10.12444635,1.30E-06,8.37E-13,1.55E+06,,0.171855264,0.270993644,0.365832861
10.12458923,1.30E-06,8.37E-13,1.55E+06,,0.171856534,0.270993644,0.365828175
10.1247321,1.30E-06,8.37E-13,1.55E+06,,0.171857804,0.270993644,0.365823488
10.12487498,1.30E-06,8.37E-13,1.55E+06,,0.171859075,0.270993644,0.365818798
10.12501786,1.30E-06,8.37E-13,1.55E+06,,0.171860345,0.270993644,0.365814112
10.12516074,1.30E-06,8.37E-13,1.55E+06,,0.171861616,0.270993644,0.365809422
10.12530361,1.30E-06,8.37E-13,1.55E+06,,0.171862886,0.270993644,0.365804735
10.12544649,1.30E-06,8.37E-13,1.55E+06,,0.171864157,0.270993644,0.365800045
10.12558937,1.30E-06,8.37E-13,1.55E+06,,0.171865427,0.270993644,0.365795359
10.12573225,1.30E-06,8.37E-13,1.55E+06,,0.171866697,0.270993644,0.365790672
10.12587513,1.30E-06,8.37E-13,1.55E+06,,0.171867968,0.270993644,0.365785982
10.126018,1.30E-06,8.37E-13,1.55E+06,,0.171869238,0.270993644,0.365781295
10.12616088,1.30E-06,8.37E-13,1.55E+06,,0.171870509,0.270993644,0.365776605
10.12630376,1.30E-06,8.37E-13,1.55E+06,,0.171871779,0.270993644,0.365771919
10.12644664,1.30E-06,8.37E-13,1.55E+06,,0.171873049,0.270993644,0.365767232
10.12658951,1.30E-06,8.37E-13,1.55E+06,,0.17187432,0.270993644,0.365762542
10.12673239,1.30E-06,8.37E-13,1.55E+06,,0.17187559,0.270993644,0.365757856
10.12687527,1.30E-06,8.37E-13,1.55E+06,,0.171876861,0.270993644,0.365753166
10.12701815,1.30E-06,8.37E-13,1.55E+06,,0.171878131,0.270993644,0.365748479
10.12716102,1.30E-06,8.37E-13,1.55E+06,,0.171879401,0.270993644,0.365743793
10.1273039,1.30E-06,8.37E-13,1.55E+06,,0.171880672,0.270993644,0.365739103
10.12744678,1.30E-06,8.37E-13,1.55E+06,,0.171881942,0.270993644,0.365734416
10.12758966,1.30E-06,8.37E-13,1.55E+06,,0.171883213,0.270993644,0.365729726
10.12773253,1.30E-06,8.37E-13,1.55E+06,,0.171884483,0.270993644,0.36572504
10.12787541,1.30E-06,8.37E-13,1.55E+06,,0.171885753,0.270993644,0.365720353
10.12801829,1.30E-06,8.37E-13,1.55E+06,,0.171887024,0.270993644,0.365715663
10.12816117,1.30E-06,8.37E-13,1.55E+06,,0.171888294,0.270993644,0.365710976
10.12830404,1.30E-06,8.37E-13,1.55E+06,,0.171889565,0.270993644,0.365706286
10.12844692,1.30E-06,8.37E-13,1.55E+06,,0.171890835,0.270993644,0.3657016
10.1285898,1.30E-06,8.37E-13,1.55E+06,,0.171892105,0.270993644,0.365696913
10.12873268,1.30E-06,8.37E-13,1.55E+06,,0.171893376,0.270993644,0.365692223
10.12887555,1.30E-06,8.37E-13,1.55E+06,,0.171894646,0.270993644,0.365687537
10.12901843,1.30E-06,8.37E-13,1.55E+06,,0.171895917,0.270993644,0.365682847
10.12916131,1.30E-06,8.37E-13,1.55E+06,,0.171897187,0.270993644,0.36567816
10.12930419,1.29E-06,8.37E-13,1.54E+06,,0.171898458,0.270993644,0.36567347
10.12944706,1.29E-06,8.37E-13,1.54E+06,,0.171899728,0.270993644,0.365668784
10.12958994,1.29E-06,8.37E-13,1.54E+06,,0.171900998,0.270993644,0.365664097
10.12973282,1.29E-06,8.37E-13,1.54E+06,,0.171902269,0.270993644,0.365659407
10.1298757,1.29E-06,8.37E-13,1.54E+06,,0.171903539,0.270993644,0.365654721
10.13001857,1.29E-06,8.37E-13,1.54E+06,,0.17190481,0.270993644,0.36565003
10.13016145,1.29E-06,8.37E-13,1.54E+06,,0.17190608,0.270993644,0.365645344
10.13030433,1.29E-06,8.37E-13,1.54E+06,,0.17190735,0.270993644,0.365640657
10.13044721,1.29E-06,8.37E-13,1.54E+06,,0.171908621,0.270993644,0.365635967
10.13059008,1.29E-06,8.37E-13,1.54E+06,,0.171909891,0.270993644,0.365631281
10.13073296,1.29E-06,8.37E-13,1.54E+06,,0.171911162,0.270993644,0.365626591
10.13087584,1.29E-06,8.37E-13,1.54E+06,,0.171912432,0.270993644,0.365621904
10.13101872,1.29E-06,8.37E-13,1.54E+06,,0.171913702,0.270993644,0.365617218
10.13116159,1.29E-06,8.37E-13,1.54E+06,,0.171914973,0.270993644,0.365612528
10.13130447,1.29E-06,8.37E-13,1.54E+06,,0.171916243,0.270993644,0.365607841
10.13144735,1.29E-06,8.37E-13,1.54E+06,,0.171917514,0.270993644,0.365603151
10.13159023,1.29E-06,8.37E-13,1.54E+06,,0.171918784,0.270993644,0.365598465
10.1317331,1.29E-06,8.37E-13,1.54E+06,,0.171920054,0.270993644,0.365593778
10.13187598,1.29E-06,8.37E-13,1.54E+06,,0.171921325,0.270993644,0.365589088
10.13201886,1.29E-06,8.37E-13,1.54E+06,,0.171922595,0.270993644,0.365584402
10.13216174,1.29E-06,8.37E-13,1.54E+06,,0.171923866,0.270993644,0.365579711
10.13230461,1.29E-06,8.37E-13,1.54E+06,,0.171925136,0.270993644,0.365575025
10.13244749,1.29E-06,8.37E-13,1.54E+06,,0.171926406,0.270993644,0.365570338
10.13259037,1.29E-06,8.37E-13,1.54E+06,,0.171927677,0.270993644,0.365565648
10.13273325,1.29E-06,8.37E-13,1.54E+06,,0.171928947,0.270993644,0.365560962
10.13287613,1.29E-06,8.37E-13,1.54E+06,,0.171930218,0.270993644,0.365556272
10.133019,1.29E-06,8.37E-13,1.54E+06,,0.171931488,0.270993644,0.365551585
10.13316188,1.29E-06,8.37E-13,1.54E+06,,0.171932759,0.270993644,0.365546895
10.13330476,1.29E-06,8.37E-13,1.54E+06,,0.171934029,0.270993644,0.365542209
10.13344764,1.29E-06,8.37E-13,1.54E+06,,0.171935299,0.270993644,0.365537522
10.13359051,1.29E-06,8.37E-13,1.54E+06,,0.17193657,0.270993644,0.365532832
10.13373339,1.29E-06,8.37E-13,1.54E+06,,0.17193784,0.270993644,0.365528146
10.13387627,1.29E-06,8.37E-13,1.54E+06,,0.171939111,0.270993644,0.365523455
10.13401915,1.29E-06,8.37E-13,1.54E+06,,0.171940381,0.270993644,0.365518769
10.13416202,1.29E-06,8.37E-13,1.54E+06,,0.171941651,0.270993644,0.365514083
10.1343049,1.29E-06,8.37E-13,1.54E+06,,0.171942922,0.270993644,0.365509392
10.13444778,1.29E-06,8.37E-13,1.54E+06,,0.171944192,0.270993644,0.365504706
10.13459066,1.29E-06,8.37E-13,1.54E+06,,0.171945463,0.270993644,0.365500016
10.13473353,1.29E-06,8.37E-13,1.54E+06,,0.171946733,0.270993644,0.365495329
10.13487641,1.29E-06,8.37E-13,1.54E+06,,0.171948003,0.270993644,0.365490643
10.13501929,1.29E-06,8.37E-13,1.54E+06,,0.171949274,0.270993644,0.365485953
10.13516217,1.29E-06,8.37E-13,1.54E+06,,0.171950544,0.270993644,0.365481266
10.13530504,1.29E-06,8.37E-13,1.54E+06,,0.171951815,0.270993644,0.365476576
10.13544792,1.29E-06,8.37E-13,1.54E+06,,0.171953085,0.270993644,0.36547189
10.1355908,1.29E-06,8.37E-13,1.54E+06,,0.171954355,0.270993644,0.365467203
10.13573368,1.29E-06,8.37E-13,1.54E+06,,0.171955626,0.270993644,0.365462513
10.13587655,1.29E-06,8.37E-13,1.54E+06,,0.171956896,0.270993644,0.365457827
10.13601943,1.29E-06,8.37E-13,1.54E+06,,0.171958167,0.270993644,0.365453136
10.13616231,1.29E-06,8.37E-13,1.54E+06,,0.171959437,0.270993644,0.36544845
10.13630519,1.29E-06,8.37E-13,1.54E+06,,0.171960707,0.270993644,0.365443764
10.13644806,1.29E-06,8.37E-13,1.54E+06,,0.171961978,0.270993644,0.365439073
10.13659094,1.29E-06,8.37E-13,1.54E+06,,0.171963248,0.270993644,0.365434387
10.13673382,1.29E-06,8.37E-13,1.54E+06,,0.171964519,0.270993644,0.365429697
10.1368767,1.29E-06,8.37E-13,1.54E+06,,0.171965789,0.270993644,0.36542501
10.13701957,1.29E-06,8.37E-13,1.54E+06,,0.17196706,0.270993644,0.36542032
10.13716245,1.29E-06,8.37E-13,1.54E+06,,0.17196833,0.270993644,0.365415634
10.13730533,1.29E-06,8.37E-13,1.54E+06,,0.1719696,0.270993644,0.365410947
10.13744821,1.29E-06,8.37E-13,1.54E+06,,0.171970871,0.270993644,0.365406257
10.13759108,1.28E-06,8.37E-13,1.53E+06,,0.171972141,0.270993644,0.365401571
10.13773396,1.28E-06,8.37E-13,1.53E+06,,0.171973412,0.270993644,0.365396881
10.13787684,1.28E-06,8.37E-13,1.53E+06,,0.171974682,0.270993644,0.365392194
10.13801972,1.28E-06,8.37E-13,1.53E+06,,0.171975952,0.270993644,0.365387508
10.13816259,1.28E-06,8.37E-13,1.53E+06,,0.171977223,0.270993644,0.365382817
10.13830547,1.28E-06,8.37E-13,1.53E+06,,0.171978493,0.270993644,0.365378131
10.13844835,1.28E-06,8.37E-13,1.53E+06,,0.171979764,0.270993644,0.365373441
10.13859123,1.28E-06,8.37E-13,1.53E+06,,0.171981034,0.270993644,0.365368754
10.1387341,1.28E-06,8.37E-13,1.53E+06,,0.171982304,0.270993644,0.365364068
10.13887698,1.28E-06,8.37E-13,1.53E+06,,0.171983575,0.270993644,0.365359378
10.13901986,1.28E-06,8.37E-13,1.53E+06,,0.171984845,0.270993644,0.365354691
10.13916274,1.28E-06,8.37E-13,1.53E+06,,0.171986116,0.270993644,0.365350001
10.13930562,1.28E-06,8.37E-13,1.53E+06,,0.171987386,0.270993644,0.365345315
10.13944849,1.28E-06,8.37E-13,1.53E+06,,0.171988656,0.270993644,0.365340628
10.13959137,1.28E-06,8.37E-13,1.53E+06,,0.171989927,0.270993644,0.365335938
10.13973425,1.28E-06,8.37E-13,1.53E+06,,0.171991197,0.270993644,0.365331252
10.13987713,1.28E-06,8.37E-13,1.53E+06,,0.171992468,0.270993644,0.365326562
10.14002,1.28E-06,8.37E-13,1.53E+06,,0.171993738,0.270993644,0.365321875
10.14016288,1.28E-06,8.37E-13,1.53E+06,,0.171995008,0.270993644,0.365317189
10.14030576,1.28E-06,8.37E-13,1.53E+06,,0.171996279,0.270993644,0.365312498
10.14044864,1.28E-06,8.37E-13,1.53E+06,,0.171997549,0.270993644,0.365307812
10.14059151,1.28E-06,8.37E-13,1.53E+06,,0.17199882,0.270993644,0.365303122
10.14073439,1.28E-06,8.37E-13,1.53E+06,,0.17200009,0.270993644,0.365298435
10.14087727,1.28E-06,8.37E-13,1.53E+06,,0.172001361,0.270993644,0.365293745
10.14102015,1.28E-06,8.37E-13,1.53E+06,,0.172002631,0.270993644,0.365289059
10.14116302,1.28E-06,8.37E-13,1.53E+06,,0.172003901,0.270993644,0.365284372
10.1413059,1.28E-06,8.37E-13,1.53E+06,,0.172005172,0.270993644,0.365279682
10.14144878,1.28E-06,8.37E-13,1.53E+06,,0.172006442,0.270993644,0.365274996
10.14159166,1.28E-06,8.37E-13,1.53E+06,,0.172007713,0.270993644,0.365270306
10.14173453,1.28E-06,8.37E-13,1.53E+06,,0.172008983,0.270993644,0.365265619
10.14187741,1.28E-06,8.37E-13,1.53E+06,,0.172010253,0.270993644,0.365260933
10.14202029,1.28E-06,8.37E-13,1.53E+06,,0.172011524,0.270993644,0.365256243
10.14216317,1.28E-06,8.37E-13,1.53E+06,,0.172012794,0.270993644,0.365251556
10.14230604,1.28E-06,8.37E-13,1.53E+06,,0.172014065,0.270993644,0.365246866
10.14244892,1.28E-06,8.37E-13,1.53E+06,,0.172015335,0.270993644,0.365242179
10.1425918,1.28E-06,8.37E-13,1.53E+06,,0.172016605,0.270993644,0.365237493
10.14273468,1.28E-06,8.37E-13,1.53E+06,,0.172017876,0.270993644,0.365232803
10.14287755,1.28E-06,8.37E-13,1.53E+06,,0.172019146,0.270993644,0.365228116
10.14302043,1.28E-06,8.37E-13,1.53E+06,,0.172020417,0.270993644,0.365223426
10.14316331,1.28E-06,8.37E-13,1.53E+06,,0.172021687,0.270993644,0.36521874
10.14330619,1.28E-06,8.37E-13,1.53E+06,,0.172022957,0.270993644,0.365214053
10.14344906,1.28E-06,8.37E-13,1.53E+06,,0.172024228,0.270993644,0.365209363
10.14359194,1.28E-06,8.37E-13,1.53E+06,,0.172025498,0.270993644,0.365204677
10.14373482,1.28E-06,8.37E-13,1.53E+06,,0.172026769,0.270993644,0.365199987
10.1438777,1.28E-06,8.37E-13,1.53E+06,,0.172028039,0.270993644,0.3651953
10.14402057,1.28E-06,8.37E-13,1.53E+06,,0.172029309,0.270993644,0.365190614
10.14416345,1.28E-06,8.37E-13,1.53E+06,,0.17203058,0.270993644,0.365185924
10.14430633,1.28E-06,8.37E-13,1.53E+06,,0.17203185,0.270993644,0.365181237
10.14444921,1.28E-06,8.37E-13,1.53E+06,,0.172033121,0.270993644,0.365176547
10.14459208,1.28E-06,8.37E-13,1.53E+06,,0.172034391,0.270993644,0.36517186
10.14473496,1.28E-06,8.37E-13,1.53E+06,,0.172035661,0.270993644,0.365167174
10.14487784,1.28E-06,8.37E-13,1.53E+06,,0.172036932,0.270993644,0.365162484
10.14502072,1.28E-06,8.37E-13,1.53E+06,,0.172038202,0.270993644,0.365157797
10.14516359,1.28E-06,8.37E-13,1.53E+06,,0.172039473,0.270993644,0.365153107
10.14530647,1.28E-06,8.37E-13,1.53E+06,,0.172040743,0.270993644,0.365148421
10.14544935,1.28E-06,8.37E-13,1.53E+06,,0.172042014,0.270993644,0.365143731
10.14559223,1.28E-06,8.37E-13,1.53E+06,,0.172043284,0.270993644,0.365139044
10.14573511,1.28E-06,8.37E-13,1.53E+06,,0.172044554,0.270993644,0.365134358
10.14587798,1.27E-06,8.37E-13,1.52E+06,,0.172045825,0.270993644,0.365129668
10.14602086,1.27E-06,8.37E-13,1.52E+06,,0.172047095,0.270993644,0.365124981
10.14616374,1.27E-06,8.37E-13,1.52E+06,,0.172048366,0.270993644,0.365120291
10.14630662,1.27E-06,8.37E-13,1.52E+06,,0.172049636,0.270993644,0.365115605
10.14644949,1.27E-06,8.37E-13,1.52E+06,,0.172050906,0.270993644,0.365110918
10.14659237,1.27E-06,8.37E-13,1.52E+06,,0.172052177,0.270993644,0.365106228
10.14673525,1.27E-06,8.37E-13,1.52E+06,,0.172053447,0.270993644,0.365101541
10.14687813,1.27E-06,8.37E-13,1.52E+06,,0.172054718,0.270993644,0.365096851
10.147021,1.27E-06,8.37E-13,1.52E+06,,0.172055988,0.270993644,0.365092165
10.14716388,1.27E-06,8.37E-13,1.52E+06,,0.172057258,0.270993644,0.365087478
10.14730676,1.27E-06,8.37E-13,1.52E+06,,0.172058529,0.270993644,0.365082788
10.14744964,1.27E-06,8.37E-13,1.52E+06,,0.172059799,0.270993644,0.365078102
10.14759251,1.27E-06,8.37E-13,1.52E+06,,0.17206107,0.270993644,0.365073412
10.14773539,1.27E-06,8.37E-13,1.52E+06,,0.17206234,0.270993644,0.365068725
10.14787827,1.27E-06,8.37E-13,1.52E+06,,0.17206361,0.270993644,0.365064039
10.14802115,1.27E-06,8.37E-13,1.52E+06,,0.172064881,0.270993644,0.365059349
10.14816402,1.27E-06,8.37E-13,1.52E+06,,0.172066151,0.270993644,0.365054662
10.1483069,1.27E-06,8.37E-13,1.52E+06,,0.172067422,0.270993644,0.365049972
10.14844978,1.27E-06,8.37E-13,1.52E+06,,0.172068692,0.270993644,0.365045286
10.14859266,1.27E-06,8.37E-13,1.52E+06,,0.172069962,0.270993644,0.365040599
10.14873553,1.27E-06,8.37E-13,1.52E+06,,0.172071233,0.270993644,0.365035909
10.14887841,1.27E-06,8.37E-13,1.52E+06,,0.172072503,0.270993644,0.365031223
10.14902129,1.27E-06,8.37E-13,1.52E+06,,0.172073774,0.270993644,0.365026532
10.14916417,1.27E-06,8.37E-13,1.52E+06,,0.172075044,0.270993644,0.365021846
10.14930704,1.27E-06,8.37E-13,1.52E+06,,0.172076315,0.270993644,0.365017156
10.14944992,1.27E-06,8.37E-13,1.52E+06,,0.172077585,0.270993644,0.365012469
10.1495928,1.27E-06,8.37E-13,1.52E+06,,0.172078855,0.270993644,0.365007783
10.14973568,1.27E-06,8.37E-13,1.52E+06,,0.172080126,0.270993644,0.365003093
10.14987855,1.27E-06,8.37E-13,1.52E+06,,0.172081396,0.270993644,0.364998406
10.15002143,1.27E-06,8.37E-13,1.52E+06,,0.172082667,0.270993644,0.364993716
10.15016431,1.27E-06,8.37E-13,1.52E+06,,0.172083937,0.270993644,0.36498903
10.15030719,1.27E-06,8.37E-13,1.52E+06,,0.172085207,0.270993644,0.364984343
10.15045006,1.27E-06,8.37E-13,1.52E+06,,0.172086478,0.270993644,0.364979653
10.15059294,1.27E-06,8.37E-13,1.52E+06,,0.172087748,0.270993644,0.364974967
10.15073582,1.27E-06,8.37E-13,1.52E+06,,0.172089019,0.270993644,0.364970276
10.1508787,1.27E-06,8.37E-13,1.52E+06,,0.172090289,0.270993644,0.36496559
10.15102157,1.27E-06,8.37E-13,1.52E+06,,0.172091559,0.270993644,0.364960904
10.15116445,1.27E-06,8.37E-13,1.52E+06,,0.17209283,0.270993644,0.364956213
10.15130733,1.27E-06,8.37E-13,1.52E+06,,0.1720941,0.270993644,0.364951527
10.15145021,1.27E-06,8.37E-13,1.52E+06,,0.172095371,0.270993644,0.364946837
10.15159308,1.27E-06,8.37E-13,1.52E+06,,0.172096641,0.270993644,0.36494215
10.15173596,1.27E-06,8.37E-13,1.52E+06,,0.172097911,0.270993644,0.364937464
10.15187884,1.27E-06,8.37E-13,1.52E+06,,0.172099182,0.270993644,0.364932774
10.15202172,1.27E-06,8.37E-13,1.52E+06,,0.172100452,0.270993644,0.364928087
10.15216459,1.27E-06,8.37E-13,1.52E+06,,0.172101723,0.270993644,0.364923397
10.15230747,1.27E-06,8.37E-13,1.52E+06,,0.172102993,0.270993644,0.364918711
10.15245035,1.27E-06,8.37E-13,1.52E+06,,0.172104263,0.270993644,0.364914024
10.15259323,1.27E-06,8.37E-13,1.52E+06,,0.172105534,0.270993644,0.364909334
10.15273611,1.27E-06,8.37E-13,1.52E+06,,0.172106804,0.270993644,0.364904648
10.15287898,1.27E-06,8.37E-13,1.52E+06,,0.172108075,0.270993644,0.364899957
10.15302186,1.27E-06,8.37E-13,1.52E+06,,0.172109345,0.270993644,0.364895271
10.15316474,1.27E-06,8.37E-13,1.52E+06,,0.172110616,0.270993644,0.364890581
10.15330762,1.27E-06,8.37E-13,1.52E+06,,0.172111886,0.270993644,0.364885894
10.15345049,1.27E-06,8.37E-13,1.52E+06,,0.172113156,0.270993644,0.364881208
10.15359337,1.27E-06,8.37E-13,1.52E+06,,0.172114427,0.270993644,0.364876518
10.15373625,1.27E-06,8.37E-13,1.52E+06,,0.172115697,0.270993644,0.364871831
10.15387913,1.27E-06,8.37E-13,1.52E+06,,0.172116968,0.270993644,0.364867141
10.154022,1.27E-06,8.37E-13,1.52E+06,,0.172118238,0.270993644,0.364862455
10.15416488,1.27E-06,8.37E-13,1.52E+06,,0.172119508,0.270993644,0.364857768
10.15430776,1.26E-06,8.37E-13,1.50E+06,,0.172120779,0.270993644,0.364853078
10.15445064,1.26E-06,8.37E-13,1.50E+06,,0.172122049,0.270993644,0.364848392
10.15459351,1.26E-06,8.37E-13,1.50E+06,,0.17212332,0.270993644,0.364843702
10.15473639,1.26E-06,8.37E-13,1.50E+06,,0.17212459,0.270993644,0.364839015
10.15487927,1.26E-06,8.37E-13,1.50E+06,,0.17212586,0.270993644,0.364834329
10.15502215,1.26E-06,8.37E-13,1.50E+06,,0.172127131,0.270993644,0.364829638
10.15516502,1.26E-06,8.37E-13,1.50E+06,,0.172128401,0.270993644,0.364824952
10.1553079,1.26E-06,8.37E-13,1.50E+06,,0.172129672,0.270993644,0.364820262
10.15545078,1.26E-06,8.37E-13,1.50E+06,,0.172130942,0.270993644,0.364815575
10.15559366,1.26E-06,8.37E-13,1.50E+06,,0.172132212,0.270993644,0.364810889
10.15573653,1.26E-06,8.37E-13,1.50E+06,,0.172133483,0.270993644,0.364806199
10.15587941,1.26E-06,8.37E-13,1.50E+06,,0.172134753,0.270993644,0.364801512
10.15602229,1.26E-06,8.37E-13,1.50E+06,,0.172136024,0.270993644,0.364796822
10.15616517,1.26E-06,8.37E-13,1.50E+06,,0.172137294,0.270993644,0.364792136
10.15630804,1.26E-06,8.37E-13,1.50E+06,,0.172138564,0.270993644,0.364787449
10.15645092,1.26E-06,8.37E-13,1.50E+06,,0.172139835,0.270993644,0.364782759
10.1565938,1.26E-06,8.37E-13,1.50E+06,,0.172141105,0.270993644,0.364778073
10.15673668,1.26E-06,8.37E-13,1.50E+06,,0.172142376,0.270993644,0.364773383
10.15687955,1.26E-06,8.37E-13,1.50E+06,,0.172143646,0.270993644,0.364768696
10.15702243,1.26E-06,8.37E-13,1.50E+06,,0.172144917,0.270993644,0.364764006
10.15716531,1.26E-06,8.37E-13,1.50E+06,,0.172146187,0.270993644,0.364759319
10.15730819,1.26E-06,8.37E-13,1.50E+06,,0.172147457,0.270993644,0.364754633
10.15745106,1.26E-06,8.37E-13,1.50E+06,,0.172148728,0.270993644,0.364749943
10.15759394,1.26E-06,8.37E-13,1.50E+06,,0.172149998,0.270993644,0.364745256
10.15773682,1.26E-06,8.37E-13,1.50E+06,,0.172151269,0.270993644,0.364740566
10.1578797,1.26E-06,8.37E-13,1.50E+06,,0.172152539,0.270993644,0.36473588
10.15802257,1.26E-06,8.37E-13,1.50E+06,,0.172153809,0.270993644,0.364731193
10.15816545,1.26E-06,8.37E-13,1.50E+06,,0.17215508,0.270993644,0.364726503
10.15830833,1.26E-06,8.37E-13,1.50E+06,,0.17215635,0.270993644,0.364721817
10.15845121,1.26E-06,8.37E-13,1.50E+06,,0.172157621,0.270993644,0.364717127
10.15859408,1.26E-06,8.37E-13,1.50E+06,,0.172158891,0.270993644,0.36471244
10.15873696,1.26E-06,8.37E-13,1.50E+06,,0.172160161,0.270993644,0.364707754
10.15887984,1.26E-06,8.37E-13,1.50E+06,,0.172161432,0.270993644,0.364703064
10.15902272,1.26E-06,8.37E-13,1.50E+06,,0.172162702,0.270993644,0.364698377
10.1591656,1.26E-06,8.37E-13,1.50E+06,,0.172163973,0.270993644,0.364693687
10.15930847,1.26E-06,8.37E-13,1.50E+06,,0.172165243,0.270993644,0.364689
10.15945135,1.26E-06,8.37E-13,1.50E+06,,0.172166513,0.270993644,0.364684314
10.15959423,1.26E-06,8.37E-13,1.50E+06,,0.172167784,0.270993644,0.364679624
10.15973711,1.26E-06,8.37E-13,1.50E+06,,0.172169054,0.270993644,0.364674937
10.15987998,1.26E-06,8.37E-13,1.50E+06,,0.172170325,0.270993644,0.364670247
10.16002286,1.26E-06,8.37E-13,1.50E+06,,0.172171595,0.270993644,0.364665561
10.16016574,1.26E-06,8.37E-13,1.50E+06,,0.172172865,0.270993644,0.364660874
10.16030862,1.26E-06,8.37E-13,1.50E+06,,0.172174136,0.270993644,0.364656184
10.16045149,1.26E-06,8.37E-13,1.50E+06,,0.172175406,0.270993644,0.364651498
10.16059437,1.26E-06,8.37E-13,1.50E+06,,0.172176677,0.270993644,0.364646808
10.16073725,1.26E-06,8.37E-13,1.50E+06,,0.172177947,0.270993644,0.364642121
10.16088013,1.26E-06,8.37E-13,1.50E+06,,0.172179218,0.270993644,0.364637431
10.161023,1.26E-06,8.37E-13,1.50E+06,,0.172180488,0.270993644,0.364632745
10.16116588,1.26E-06,8.37E-13,1.50E+06,,0.172181758,0.270993644,0.364628058
10.16130876,1.26E-06,8.37E-13,1.50E+06,,0.172183029,0.270993644,0.364623368
10.16145164,1.26E-06,8.37E-13,1.50E+06,,0.172184299,0.270993644,0.364618681
10.16159451,1.26E-06,8.37E-13,1.50E+06,,0.17218557,0.270993644,0.364613991
10.16173739,1.26E-06,8.37E-13,1.50E+06,,0.17218684,0.270993644,0.364609305
10.16188027,1.26E-06,8.37E-13,1.50E+06,,0.17218811,0.270993644,0.364604618
10.16202315,1.26E-06,8.37E-13,1.50E+06,,0.172189381,0.270993644,0.364599928
10.16216602,1.26E-06,8.37E-13,1.50E+06,,0.172190651,0.270993644,0.364595242
10.1623089,1.26E-06,8.37E-13,1.50E+06,,0.172191922,0.270993644,0.364590552
10.16245178,1.26E-06,8.37E-13,1.50E+06,,0.172193192,0.270993644,0.364585865
10.16259466,1.25E-06,8.37E-13,1.49E+06,,0.172194462,0.270993644,0.364581179
10.16273753,1.25E-06,8.37E-13,1.49E+06,,0.172195733,0.270993644,0.364576489
10.16288041,1.25E-06,8.37E-13,1.49E+06,,0.172197003,0.270993644,0.364571802
10.16302329,1.25E-06,8.37E-13,1.49E+06,,0.172198274,0.270993644,0.364567112
10.16316617,1.25E-06,8.37E-13,1.49E+06,,0.172199544,0.270993644,0.364562426
10.16330904,1.25E-06,8.37E-13,1.49E+06,,0.172200814,0.270993644,0.364557739
10.16345192,1.25E-06,8.37E-13,1.49E+06,,0.172202085,0.270993644,0.364553049
10.1635948,1.25E-06,8.37E-13,1.49E+06,,0.172203355,0.270993644,0.364548362
10.16373768,1.25E-06,8.37E-13,1.49E+06,,0.172204626,0.270993644,0.364543672
10.16388055,1.25E-06,8.37E-13,1.49E+06,,0.172205896,0.270993644,0.364538986
10.16402343,1.25E-06,8.37E-13,1.49E+06,,0.172207166,0.270993644,0.364534299
10.16416631,1.25E-06,8.37E-13,1.49E+06,,0.172208437,0.270993644,0.364529609
10.16430919,1.25E-06,8.37E-13,1.49E+06,,0.172209707,0.270993644,0.364524923
10.16445206,1.25E-06,8.37E-13,1.49E+06,,0.172210978,0.270993644,0.364520233
10.16459494,1.25E-06,8.37E-13,1.49E+06,,0.172212248,0.270993644,0.364515546
10.16473782,1.25E-06,8.37E-13,1.49E+06,,0.172213519,0.270993644,0.364510856
10.1648807,1.25E-06,8.37E-13,1.49E+06,,0.172214789,0.270993644,0.36450617
10.16502357,1.25E-06,8.37E-13,1.49E+06,,0.172216059,0.270993644,0.364501483
10.16516645,1.25E-06,8.37E-13,1.49E+06,,0.17221733,0.270993644,0.364496793
10.16530933,1.25E-06,8.37E-13,1.49E+06,,0.1722186,0.270993644,0.364492107
10.16545221,1.25E-06,8.37E-13,1.49E+06,,0.172219871,0.270993644,0.364487416
10.16559509,1.25E-06,8.37E-13,1.49E+06,,0.172221141,0.270993644,0.36448273
10.16573796,1.25E-06,8.37E-13,1.49E+06,,0.172222411,0.270993644,0.364478043
10.16588084,1.25E-06,8.37E-13,1.49E+06,,0.172223682,0.270993644,0.364473353
10.16602372,1.25E-06,8.37E-13,1.49E+06,,0.172224952,0.270993644,0.364468667
10.1661666,1.25E-06,8.37E-13,1.49E+06,,0.172226223,0.270993644,0.364463977
10.16630947,1.25E-06,8.37E-13,1.49E+06,,0.172227493,0.270993644,0.36445929
10.16645235,1.25E-06,8.37E-13,1.49E+06,,0.172228763,0.270993644,0.364454604
10.16659523,1.25E-06,8.37E-13,1.49E+06,,0.172230034,0.270993644,0.364449914
10.16673811,1.25E-06,8.37E-13,1.49E+06,,0.172231304,0.270993644,0.364445227
10.16688098,1.25E-06,8.37E-13,1.49E+06,,0.172232575,0.270993644,0.364440537
10.16702386,1.25E-06,8.37E-13,1.49E+06,,0.172233845,0.270993644,0.364435851
10.16716674,1.25E-06,8.37E-13,1.49E+06,,0.172235115,0.270993644,0.364431164
10.16730962,1.25E-06,8.37E-13,1.49E+06,,0.172236386,0.270993644,0.364426474
10.16745249,1.25E-06,8.37E-13,1.49E+06,,0.172237656,0.270993644,0.364421788
10.16759537,1.25E-06,8.37E-13,1.49E+06,,0.172238927,0.270993644,0.364417097
10.16773825,1.25E-06,8.37E-13,1.49E+06,,0.172240197,0.270993644,0.364412411
10.16788113,1.25E-06,8.37E-13,1.49E+06,,0.172241467,0.270993644,0.364407724
10.168024,1.25E-06,8.37E-13,1.49E+06,,0.172242738,0.270993644,0.364403034
10.16816688,1.25E-06,8.37E-13,1.49E+06,,0.172244008,0.270993644,0.364398348
10.16830976,1.25E-06,8.37E-13,1.49E+06,,0.172245279,0.270993644,0.364393658
10.16845264,1.25E-06,8.37E-13,1.49E+06,,0.172246549,0.270993644,0.364388971
10.16859551,1.25E-06,8.37E-13,1.49E+06,,0.172247819,0.270993644,0.364384285
10.16873839,1.25E-06,8.37E-13,1.49E+06,,0.17224909,0.270993644,0.364379595
10.16888127,1.25E-06,8.37E-13,1.49E+06,,0.17225036,0.270993644,0.364374908
10.16902415,1.25E-06,8.37E-13,1.49E+06,,0.172251631,0.270993644,0.364370218
10.16916702,1.25E-06,8.37E-13,1.49E+06,,0.172252901,0.270993644,0.364365532
10.1693099,1.25E-06,8.37E-13,1.49E+06,,0.172254172,0.270993644,0.364360841
10.16945278,1.25E-06,8.37E-13,1.49E+06,,0.172255442,0.270993644,0.364356155
10.16959566,1.25E-06,8.37E-13,1.49E+06,,0.172256712,0.270993644,0.364351469
10.16973853,1.25E-06,8.37E-13,1.49E+06,,0.172257983,0.270993644,0.364346778
10.16988141,1.25E-06,8.37E-13,1.49E+06,,0.172259253,0.270993644,0.364342092
10.17002429,1.25E-06,8.37E-13,1.49E+06,,0.172260524,0.270993644,0.364337402
10.17016717,1.25E-06,8.37E-13,1.49E+06,,0.172261794,0.270993644,0.364332715
10.17031004,1.25E-06,8.37E-13,1.49E+06,,0.172263064,0.270993644,0.364328029
10.17045292,1.25E-06,8.37E-13,1.49E+06,,0.172264335,0.270993644,0.364323339
10.1705958,1.25E-06,8.37E-13,1.49E+06,,0.172265605,0.270993644,0.364318652
10.17073868,1.25E-06,8.37E-13,1.49E+06,,0.172266876,0.270993644,0.364313962
10.17088155,1.24E-06,8.37E-13,1.48E+06,,0.172268146,0.270993644,0.364309276
10.17102443,1.24E-06,8.37E-13,1.48E+06,,0.172269416,0.270993644,0.364304589
10.17116731,1.24E-06,8.37E-13,1.48E+06,,0.172270687,0.270993644,0.364299899
10.17131019,1.24E-06,8.37E-13,1.48E+06,,0.172271957,0.270993644,0.364295213
10.17145306,1.24E-06,8.37E-13,1.48E+06,,0.172273228,0.270993644,0.364290522
10.17159594,1.24E-06,8.37E-13,1.48E+06,,0.172274498,0.270993644,0.364285836
10.17173882,1.24E-06,8.37E-13,1.48E+06,,0.172275768,0.270993644,0.36428115
10.1718817,1.24E-06,8.37E-13,1.48E+06,,0.172277039,0.270993644,0.364276459
10.17202457,1.24E-06,8.37E-13,1.48E+06,,0.172278309,0.270993644,0.364271773
10.17216745,1.24E-06,8.37E-13,1.48E+06,,0.17227958,0.270993644,0.364267083
10.17231033,1.24E-06,8.37E-13,1.48E+06,,0.17228085,0.270993644,0.364262396
10.17245321,1.24E-06,8.37E-13,1.48E+06,,0.17228212,0.270993644,0.36425771
10.17259609,1.24E-06,8.37E-13,1.48E+06,,0.172283391,0.270993644,0.36425302
10.17273896,1.24E-06,8.37E-13,1.48E+06,,0.172284661,0.270993644,0.364248333
10.17288184,1.24E-06,8.37E-13,1.48E+06,,0.172285932,0.270993644,0.364243643
10.17302472,1.24E-06,8.37E-13,1.48E+06,,0.172287202,0.270993644,0.364238957
10.1731676,1.24E-06,8.37E-13,1.48E+06,,0.172288473,0.270993644,0.364234267
10.17331047,1.24E-06,8.37E-13,1.48E+06,,0.172289743,0.270993644,0.36422958
10.17345335,1.24E-06,8.37E-13,1.48E+06,,0.172291013,0.270993644,0.364224894
10.17359623,1.24E-06,8.37E-13,1.48E+06,,0.172292284,0.270993644,0.364220203
10.17373911,1.24E-06,8.37E-13,1.48E+06,,0.172293554,0.270993644,0.364215517
10.17388198,1.24E-06,8.37E-13,1.48E+06,,0.172294825,0.270993644,0.364210827
10.17402486,1.24E-06,8.37E-13,1.48E+06,,0.172296095,0.270993644,0.36420614
10.17416774,1.24E-06,8.37E-13,1.48E+06,,0.172297365,0.270993644,0.364201454
10.17431062,1.24E-06,8.37E-13,1.48E+06,,0.172298636,0.270993644,0.364196764
10.17445349,1.24E-06,8.37E-13,1.48E+06,,0.172299906,0.270993644,0.364192077
10.17459637,1.24E-06,8.37E-13,1.48E+06,,0.172301177,0.270993644,0.364187387
10.17473925,1.24E-06,8.37E-13,1.48E+06,,0.172302447,0.270993644,0.364182701
10.17488213,1.24E-06,8.37E-13,1.48E+06,,0.172303717,0.270993644,0.364178014
10.175025,1.24E-06,8.37E-13,1.48E+06,,0.172304988,0.270993644,0.364173324
10.17516788,1.24E-06,8.37E-13,1.48E+06,,0.172306258,0.270993644,0.364168638
10.17531076,1.24E-06,8.37E-13,1.48E+06,,0.172307529,0.270993644,0.364163948
10.17545364,1.24E-06,8.37E-13,1.48E+06,,0.172308799,0.270993644,0.364159261
10.17559651,1.24E-06,8.37E-13,1.48E+06,,0.172310069,0.270993644,0.364154575
10.17573939,1.24E-06,8.37E-13,1.48E+06,,0.17231134,0.270993644,0.364149884
10.17588227,1.24E-06,8.37E-13,1.48E+06,,0.17231261,0.270993644,0.364145198
10.17602515,1.24E-06,8.37E-13,1.48E+06,,0.172313881,0.270993644,0.364140508
10.17616802,1.24E-06,8.37E-13,1.48E+06,,0.172315151,0.270993644,0.364135821
10.1763109,1.24E-06,8.37E-13,1.48E+06,,0.172316421,0.270993644,0.364131135
10.17645378,1.24E-06,8.37E-13,1.48E+06,,0.172317692,0.270993644,0.364126445
10.17659666,1.24E-06,8.37E-13,1.48E+06,,0.172318962,0.270993644,0.364121758
10.17673953,1.24E-06,8.37E-13,1.48E+06,,0.172320233,0.270993644,0.364117068
10.17688241,1.24E-06,8.37E-13,1.48E+06,,0.172321503,0.270993644,0.364112382
10.17702529,1.24E-06,8.37E-13,1.48E+06,,0.172322774,0.270993644,0.364107692
10.17716817,1.24E-06,8.37E-13,1.48E+06,,0.172324044,0.270993644,0.364103005
10.17731104,1.24E-06,8.37E-13,1.48E+06,,0.172325314,0.270993644,0.364098319
10.17745392,1.24E-06,8.37E-13,1.48E+06,,0.172326585,0.270993644,0.364093629
10.1775968,1.24E-06,8.37E-13,1.48E+06,,0.172327855,0.270993644,0.364088942
10.17773968,1.24E-06,8.37E-13,1.48E+06,,0.172329126,0.270993644,0.364084252
10.17788255,1.24E-06,8.37E-13,1.48E+06,,0.172330396,0.270993644,0.364079565
10.17802543,1.24E-06,8.37E-13,1.48E+06,,0.172331666,0.270993644,0.364074879
10.17816831,1.24E-06,8.37E-13,1.48E+06,,0.172332937,0.270993644,0.364070189
10.17831119,1.24E-06,8.37E-13,1.48E+06,,0.172334207,0.270993644,0.364065502
10.17845406,1.24E-06,8.37E-13,1.48E+06,,0.172335478,0.270993644,0.364060812
10.17859694,1.24E-06,8.37E-13,1.48E+06,,0.172336748,0.270993644,0.364056126
10.17873982,1.24E-06,8.37E-13,1.48E+06,,0.172338018,0.270993644,0.364051439
10.1788827,1.24E-06,8.37E-13,1.48E+06,,0.172339289,0.270993644,0.364046749
10.17902558,1.24E-06,8.37E-13,1.48E+06,,0.172340559,0.270993644,0.364042063
10.17916845,1.23E-06,8.37E-13,1.47E+06,,0.17234183,0.270993644,0.364037373
10.17931133,1.23E-06,8.37E-13,1.47E+06,,0.1723431,0.270993644,0.364032686
10.17945421,1.23E-06,8.37E-13,1.47E+06,,0.17234437,0.270993644,0.364028
10.17959709,1.23E-06,8.37E-13,1.47E+06,,0.172345641,0.270993644,0.36402331
10.17973996,1.23E-06,8.37E-13,1.47E+06,,0.172346911,0.270993644,0.364018623
10.17988284,1.23E-06,8.37E-13,1.47E+06,,0.172348182,0.270993644,0.364013933
10.18002572,1.23E-06,8.37E-13,1.47E+06,,0.172349452,0.270993644,0.364009247
10.1801686,1.23E-06,8.37E-13,1.47E+06,,0.172350722,0.270993644,0.36400456
10.18031147,1.23E-06,8.37E-13,1.47E+06,,0.172351993,0.270993644,0.36399987
10.18045435,1.23E-06,8.37E-13,1.47E+06,,0.172353263,0.270993644,0.363995183
10.18059723,1.23E-06,8.37E-13,1.47E+06,,0.172354534,0.270993644,0.363990493
10.18074011,1.23E-06,8.37E-13,1.47E+06,,0.172355804,0.270993644,0.363985807
10.18088298,1.23E-06,8.37E-13,1.47E+06,,0.172357075,0.270993644,0.363981117
10.18102586,1.23E-06,8.37E-13,1.47E+06,,0.172358345,0.270993644,0.36397643
10.18116874,1.23E-06,8.37E-13,1.47E+06,,0.172359615,0.270993644,0.363971744
10.18131162,1.23E-06,8.37E-13,1.47E+06,,0.172360886,0.270993644,0.363967054
10.18145449,1.23E-06,8.37E-13,1.47E+06,,0.172362156,0.270993644,0.363962367
10.18159737,1.23E-06,8.37E-13,1.47E+06,,0.172363427,0.270993644,0.363957677
10.18174025,1.23E-06,8.37E-13,1.47E+06,,0.172364697,0.270993644,0.363952991
10.18188313,1.23E-06,8.37E-13,1.47E+06,,0.172365967,0.270993644,0.363948304
10.182026,1.23E-06,8.37E-13,1.47E+06,,0.172367238,0.270993644,0.363943614
10.18216888,1.23E-06,8.37E-13,1.47E+06,,0.172368508,0.270993644,0.363938928
10.18231176,1.23E-06,8.37E-13,1.47E+06,,0.172369779,0.270993644,0.363934237
10.18245464,1.23E-06,8.37E-13,1.47E+06,,0.172371049,0.270993644,0.363929551
10.18259751,1.23E-06,8.37E-13,1.47E+06,,0.172372319,0.270993644,0.363924864
10.18274039,1.23E-06,8.37E-13,1.47E+06,,0.17237359,0.270993644,0.363920174
10.18288327,1.23E-06,8.37E-13,1.47E+06,,0.17237486,0.270993644,0.363915488
10.18302615,1.23E-06,8.37E-13,1.47E+06,,0.172376131,0.270993644,0.363910798
10.18316902,1.23E-06,8.37E-13,1.47E+06,,0.172377401,0.270993644,0.363906111
10.1833119,1.23E-06,8.37E-13,1.47E+06,,0.172378671,0.270993644,0.363901425
10.18345478,1.23E-06,8.37E-13,1.47E+06,,0.172379942,0.270993644,0.363896735
10.18359766,1.23E-06,8.37E-13,1.47E+06,,0.172381212,0.270993644,0.363892048
10.18374053,1.23E-06,8.37E-13,1.47E+06,,0.172382483,0.270993644,0.363887358
10.18388341,1.23E-06,8.37E-13,1.47E+06,,0.172383753,0.270993644,0.363882672
10.18402629,1.23E-06,8.37E-13,1.47E+06,,0.172385023,0.270993644,0.363877985
10.18416917,1.23E-06,8.37E-13,1.47E+06,,0.172386294,0.270993644,0.363873295
10.18431204,1.23E-06,8.37E-13,1.47E+06,,0.172387564,0.270993644,0.363868609
10.18445492,1.23E-06,8.37E-13,1.47E+06,,0.172388835,0.270993644,0.363863918
10.1845978,1.23E-06,8.37E-13,1.47E+06,,0.172390105,0.270993644,0.363859232
10.18474068,1.23E-06,8.37E-13,1.47E+06,,0.172391376,0.270993644,0.363854542
10.18488355,1.23E-06,8.37E-13,1.47E+06,,0.172392646,0.270993644,0.363849855
10.18502643,1.23E-06,8.37E-13,1.47E+06,,0.172393916,0.270993644,0.363845169
10.18516931,1.23E-06,8.37E-13,1.47E+06,,0.172395187,0.270993644,0.363840479
10.18531219,1.23E-06,8.37E-13,1.47E+06,,0.172396457,0.270993644,0.363835792
10.18545507,1.23E-06,8.37E-13,1.47E+06,,0.172397728,0.270993644,0.363831102
10.18559794,1.23E-06,8.37E-13,1.47E+06,,0.172398998,0.270993644,0.363826416
10.18574082,1.23E-06,8.37E-13,1.47E+06,,0.172400268,0.270993644,0.363821729
10.1858837,1.23E-06,8.37E-13,1.47E+06,,0.172401539,0.270993644,0.363817039
10.18602658,1.23E-06,8.37E-13,1.47E+06,,0.172402809,0.270993644,0.363812353
10.18616945,1.23E-06,8.37E-13,1.47E+06,,0.17240408,0.270993644,0.363807662
10.18631233,1.23E-06,8.37E-13,1.47E+06,,0.17240535,0.270993644,0.363802976
10.18645521,1.23E-06,8.37E-13,1.47E+06,,0.17240662,0.270993644,0.36379829
10.18659809,1.23E-06,8.37E-13,1.47E+06,,0.172407891,0.270993644,0.363793599
10.18674096,1.23E-06,8.37E-13,1.47E+06,,0.172409161,0.270993644,0.363788913
10.18688384,1.23E-06,8.37E-13,1.47E+06,,0.172410432,0.270993644,0.363784223
10.18702672,1.23E-06,8.37E-13,1.47E+06,,0.172411702,0.270993644,0.363779536
10.1871696,1.23E-06,8.37E-13,1.47E+06,,0.172412972,0.270993644,0.36377485
10.18731247,1.23E-06,8.37E-13,1.47E+06,,0.172414243,0.270993644,0.36377016
10.18745535,1.23E-06,8.37E-13,1.47E+06,,0.172415513,0.270993644,0.363765473
10.18759823,1.22E-06,8.37E-13,1.46E+06,,0.172416784,0.270993644,0.363760783
10.18774111,1.22E-06,8.37E-13,1.46E+06,,0.172418054,0.270993644,0.363756097
10.18788398,1.22E-06,8.37E-13,1.46E+06,,0.172419324,0.270993644,0.36375141
10.18802686,1.22E-06,8.37E-13,1.46E+06,,0.172420595,0.270993644,0.36374672
10.18816974,1.22E-06,8.37E-13,1.46E+06,,0.172421865,0.270993644,0.363742034
10.18831262,1.22E-06,8.37E-13,1.46E+06,,0.172423136,0.270993644,0.363737343
10.18845549,1.22E-06,8.37E-13,1.46E+06,,0.172424406,0.270993644,0.363732657
10.18859837,1.22E-06,8.37E-13,1.46E+06,,0.172425677,0.270993644,0.363727967
10.18874125,1.22E-06,8.37E-13,1.46E+06,,0.172426947,0.270993644,0.36372328
10.18888413,1.22E-06,8.37E-13,1.46E+06,,0.172428217,0.270993644,0.363718594
10.189027,1.22E-06,8.37E-13,1.46E+06,,0.172429488,0.270993644,0.363713904
10.18916988,1.22E-06,8.37E-13,1.46E+06,,0.172430758,0.270993644,0.363709217
10.18931276,1.22E-06,8.37E-13,1.46E+06,,0.172432029,0.270993644,0.363704527
10.18945564,1.22E-06,8.37E-13,1.46E+06,,0.172433299,0.270993644,0.363699841
10.18959851,1.22E-06,8.37E-13,1.46E+06,,0.172434569,0.270993644,0.363695154
10.18974139,1.22E-06,8.37E-13,1.46E+06,,0.17243584,0.270993644,0.363690464
10.18988427,1.22E-06,8.37E-13,1.46E+06,,0.17243711,0.270993644,0.363685778
10.19002715,1.22E-06,8.37E-13,1.46E+06,,0.172438381,0.270993644,0.363681088
10.19017002,1.22E-06,8.37E-13,1.46E+06,,0.172439651,0.270993644,0.363676401
10.1903129,1.22E-06,8.37E-13,1.46E+06,,0.172440921,0.270993644,0.363671715
10.19045578,1.22E-06,8.37E-13,1.46E+06,,0.172442192,0.270993644,0.363667024
10.19059866,1.22E-06,8.37E-13,1.46E+06,,0.172443462,0.270993644,0.363662338
10.19074153,1.22E-06,8.37E-13,1.46E+06,,0.172444733,0.270993644,0.363657648
10.19088441,1.22E-06,8.37E-13,1.46E+06,,0.172446003,0.270993644,0.363652961
10.19102729,1.22E-06,8.37E-13,1.46E+06,,0.172447273,0.270993644,0.363648275
10.19117017,1.22E-06,8.37E-13,1.46E+06,,0.172448544,0.270993644,0.363643585
10.19131304,1.22E-06,8.37E-13,1.46E+06,,0.172449814,0.270993644,0.363638898
10.19145592,1.22E-06,8.37E-13,1.46E+06,,0.172451085,0.270993644,0.363634208
10.1915988,1.22E-06,8.37E-13,1.46E+06,,0.172452355,0.270993644,0.363629522
10.19174168,1.22E-06,8.37E-13,1.46E+06,,0.172453625,0.270993644,0.363624835
10.19188455,1.22E-06,8.37E-13,1.46E+06,,0.172454896,0.270993644,0.363620145
10.19202743,1.22E-06,8.37E-13,1.46E+06,,0.172456166,0.270993644,0.363615459
10.19217031,1.22E-06,8.37E-13,1.46E+06,,0.172457437,0.270993644,0.363610769
10.19231319,1.22E-06,8.37E-13,1.46E+06,,0.172458707,0.270993644,0.363606082
10.19245607,1.22E-06,8.37E-13,1.46E+06,,0.172459977,0.270993644,0.363601396
10.19259894,1.22E-06,8.37E-13,1.46E+06,,0.172461248,0.270993644,0.363596705
10.19274182,1.22E-06,8.37E-13,1.46E+06,,0.172462518,0.270993644,0.363592019
10.1928847,1.22E-06,8.37E-13,1.46E+06,,0.172463789,0.270993644,0.363587329
10.19302758,1.22E-06,8.37E-13,1.46E+06,,0.172465059,0.270993644,0.363582642
10.19317045,1.22E-06,8.37E-13,1.46E+06,,0.17246633,0.270993644,0.363577952
10.19331333,1.22E-06,8.37E-13,1.46E+06,,0.1724676,0.270993644,0.363573266
10.19345621,1.22E-06,8.37E-13,1.46E+06,,0.17246887,0.270993644,0.363568579
10.19359909,1.22E-06,8.37E-13,1.46E+06,,0.172470141,0.270993644,0.363563889
10.19374196,1.22E-06,8.37E-13,1.46E+06,,0.172471411,0.270993644,0.363559203
10.19388484,1.22E-06,8.37E-13,1.46E+06,,0.172472682,0.270993644,0.363554513
10.19402772,1.22E-06,8.37E-13,1.46E+06,,0.172473952,0.270993644,0.363549826
10.1941706,1.22E-06,8.37E-13,1.46E+06,,0.172475222,0.270993644,0.36354514
10.19431347,1.22E-06,8.37E-13,1.46E+06,,0.172476493,0.270993644,0.36354045
10.19445635,1.22E-06,8.37E-13,1.46E+06,,0.172477763,0.270993644,0.363535763
10.19459923,1.22E-06,8.37E-13,1.46E+06,,0.172479034,0.270993644,0.363531073
10.19474211,1.22E-06,8.37E-13,1.46E+06,,0.172480304,0.270993644,0.363526386
10.19488498,1.22E-06,8.37E-13,1.46E+06,,0.172481574,0.270993644,0.3635217
10.19502786,1.22E-06,8.37E-13,1.46E+06,,0.172482845,0.270993644,0.36351701
10.19517074,1.22E-06,8.37E-13,1.46E+06,,0.172484115,0.270993644,0.363512323
10.19531362,1.22E-06,8.37E-13,1.46E+06,,0.172485386,0.270993644,0.363507633
10.19545649,1.22E-06,8.37E-13,1.46E+06,,0.172486656,0.270993644,0.363502947
10.19559937,1.22E-06,8.37E-13,1.46E+06,,0.172487926,0.270993644,0.36349826
10.19574225,1.22E-06,8.37E-13,1.46E+06,,0.172489197,0.270993644,0.36349357
10.19588513,1.21E-06,8.37E-13,1.44E+06,,0.172490467,0.270993644,0.363488884
10.196028,1.21E-06,8.37E-13,1.44E+06,,0.172491738,0.270993644,0.363484194
10.19617088,1.21E-06,8.37E-13,1.44E+06,,0.172493008,0.270993644,0.363479507
10.19631376,1.21E-06,8.37E-13,1.44E+06,,0.172494278,0.270993644,0.363474821
10.19645664,1.21E-06,8.37E-13,1.44E+06,,0.172495549,0.270993644,0.363470131
10.19659951,1.21E-06,8.37E-13,1.44E+06,,0.172496819,0.270993644,0.363465444
10.19674239,1.21E-06,8.37E-13,1.44E+06,,0.17249809,0.270993644,0.363460754
10.19688527,1.21E-06,8.37E-13,1.44E+06,,0.17249936,0.270993644,0.363456067
10.19702815,1.21E-06,8.37E-13,1.44E+06,,0.172500631,0.270993644,0.363451377
10.19717102,1.21E-06,8.37E-13,1.44E+06,,0.172501901,0.270993644,0.363446691
10.1973139,1.21E-06,8.37E-13,1.44E+06,,0.172503171,0.270993644,0.363442004
10.19745678,1.21E-06,8.37E-13,1.44E+06,,0.172504442,0.270993644,0.363437314
10.19759966,1.21E-06,8.37E-13,1.44E+06,,0.172505712,0.270993644,0.363432628
10.19774253,1.21E-06,8.37E-13,1.44E+06,,0.172506983,0.270993644,0.363427938
10.19788541,1.21E-06,8.37E-13,1.44E+06,,0.172508253,0.270993644,0.363423251
10.19802829,1.21E-06,8.37E-13,1.44E+06,,0.172509523,0.270993644,0.363418565
10.19817117,1.21E-06,8.37E-13,1.44E+06,,0.172510794,0.270993644,0.363413875
10.19831404,1.21E-06,8.37E-13,1.44E+06,,0.172512064,0.270993644,0.363409188
10.19845692,1.21E-06,8.37E-13,1.44E+06,,0.172513335,0.270993644,0.363404498
10.1985998,1.21E-06,8.37E-13,1.44E+06,,0.172514605,0.270993644,0.363399812
10.19874268,1.21E-06,8.37E-13,1.44E+06,,0.172515875,0.270993644,0.363395125
10.19888556,1.21E-06,8.37E-13,1.44E+06,,0.172517146,0.270993644,0.363390435
10.19902843,1.21E-06,8.37E-13,1.44E+06,,0.172518416,0.270993644,0.363385748
10.19917131,1.21E-06,8.37E-13,1.44E+06,,0.172519687,0.270993644,0.363381058
10.19931419,1.21E-06,8.37E-13,1.44E+06,,0.172520957,0.270993644,0.363376372
10.19945707,1.21E-06,8.37E-13,1.44E+06,,0.172522227,0.270993644,0.363371685
10.19959994,1.21E-06,8.37E-13,1.44E+06,,0.172523498,0.270993644,0.363366995
10.19974282,1.21E-06,8.37E-13,1.44E+06,,0.172524768,0.270993644,0.363362309
10.1998857,1.21E-06,8.37E-13,1.44E+06,,0.172526039,0.270993644,0.363357619
10.20002858,1.21E-06,8.37E-13,1.44E+06,,0.172527353,0.270993644,0.36335277
10.20017145,1.21E-06,8.37E-13,1.44E+06,,0.172528846,0.270993644,0.363347261
10.20031433,1.21E-06,8.37E-13,1.44E+06,,0.172530338,0.270993644,0.363341755
10.20045721,1.21E-06,8.37E-13,1.44E+06,,0.172531831,0.270993644,0.363336245
10.20060009,1.21E-06,8.37E-13,1.44E+06,,0.172533323,0.270993644,0.36333074
10.20074296,1.21E-06,8.37E-13,1.44E+06,,0.172534816,0.270993644,0.36332523
10.20088584,1.21E-06,8.37E-13,1.44E+06,,0.172536308,0.270993644,0.363319725
10.20102872,1.21E-06,8.37E-13,1.44E+06,,0.1725378,0.270993644,0.363314219
10.2011716,1.21E-06,8.37E-13,1.44E+06,,0.172539293,0.270993644,0.36330871
10.20131447,1.21E-06,8.37E-13,1.44E+06,,0.172540785,0.270993644,0.363303204
10.20145735,1.21E-06,8.37E-13,1.44E+06,,0.172542278,0.270993644,0.363297695
10.20160023,1.21E-06,8.37E-13,1.44E+06,,0.17254377,0.270993644,0.363292189
10.20174311,1.21E-06,8.37E-13,1.44E+06,,0.172545262,0.270993644,0.363286683
10.20188598,1.21E-06,8.37E-13,1.44E+06,,0.172546755,0.270993644,0.363281174
10.20202886,1.21E-06,8.37E-13,1.44E+06,,0.172548247,0.270993644,0.363275668
10.20217174,1.21E-06,8.37E-13,1.44E+06,,0.17254974,0.270993644,0.363270159
10.20231462,1.21E-06,8.37E-13,1.44E+06,,0.172551232,0.270993644,0.363264653
10.20245749,1.21E-06,8.37E-13,1.44E+06,,0.172552724,0.270993644,0.363259148
10.20260037,1.21E-06,8.37E-13,1.44E+06,,0.172554217,0.270993644,0.363253638
10.20274325,1.21E-06,8.37E-13,1.44E+06,,0.172555709,0.270993644,0.363248133
10.20288613,1.21E-06,8.37E-13,1.44E+06,,0.172557202,0.270993644,0.363242623
10.203029,1.21E-06,8.37E-13,1.44E+06,,0.172558694,0.270993644,0.363237118
10.20317188,1.21E-06,8.37E-13,1.44E+06,,0.172560186,0.270993644,0.363231612
10.20331476,1.21E-06,8.37E-13,1.44E+06,,0.172561679,0.270993644,0.363226103
10.20345764,1.21E-06,8.37E-13,1.44E+06,,0.172563171,0.270993644,0.363220597
10.20360051,1.21E-06,8.37E-13,1.44E+06,,0.172564664,0.270993644,0.363215088
10.20374339,1.21E-06,8.37E-13,1.44E+06,,0.172566156,0.270993644,0.363209582
10.20388627,1.21E-06,8.37E-13,1.44E+06,,0.172567648,0.270993644,0.363204076
10.20402915,1.21E-06,8.37E-13,1.44E+06,,0.172569141,0.270993644,0.363198567
10.20417202,1.21E-06,8.37E-13,1.44E+06,,0.172570633,0.270993644,0.363193061
10.2043149,1.21E-06,8.37E-13,1.44E+06,,0.172572126,0.270993644,0.363187552
10.20445778,1.21E-06,8.37E-13,1.44E+06,,0.172573618,0.270993644,0.363182046
10.20460066,1.20E-06,8.37E-13,1.43E+06,,0.17257511,0.270993644,0.363176541
10.20474353,1.20E-06,8.37E-13,1.43E+06,,0.172576603,0.270993644,0.363171031
10.20488641,1.20E-06,8.37E-13,1.43E+06,,0.172578095,0.270993644,0.363165526
10.20502929,1.20E-06,8.37E-13,1.43E+06,,0.172579588,0.270993644,0.363160016
10.20517217,1.20E-06,8.37E-13,1.43E+06,,0.17258108,0.270993644,0.363154511
10.20531505,1.20E-06,8.37E-13,1.43E+06,,0.172582572,0.270993644,0.363149005
10.20545792,1.20E-06,8.37E-13,1.43E+06,,0.172584065,0.270993644,0.363143496
10.2056008,1.20E-06,8.37E-13,1.43E+06,,0.172585557,0.270993644,0.36313799
10.20574368,1.20E-06,8.37E-13,1.43E+06,,0.17258705,0.270993644,0.363132481
10.20588656,1.20E-06,8.37E-13,1.43E+06,,0.172588542,0.270993644,0.363126975
10.20602943,1.20E-06,8.37E-13,1.43E+06,,0.172590034,0.270993644,0.363121469
10.20617231,1.20E-06,8.37E-13,1.43E+06,,0.172591527,0.270993644,0.36311596
10.20631519,1.20E-06,8.37E-13,1.43E+06,,0.172593019,0.270993644,0.363110454
10.20645807,1.20E-06,8.37E-13,1.43E+06,,0.172594512,0.270993644,0.363104945
10.20660094,1.20E-06,8.37E-13,1.43E+06,,0.172596004,0.270993644,0.363099439
10.20674382,1.20E-06,8.37E-13,1.43E+06,,0.172597496,0.270993644,0.363093934
10.2068867,1.20E-06,8.37E-13,1.43E+06,,0.172598989,0.270993644,0.363088424
10.20702958,1.20E-06,8.37E-13,1.43E+06,,0.172600481,0.270993644,0.363082919
10.20717245,1.20E-06,8.37E-13,1.43E+06,,0.172601974,0.270993644,0.363077409
10.20731533,1.20E-06,8.37E-13,1.43E+06,,0.172603466,0.270993644,0.363071903
10.20745821,1.20E-06,8.37E-13,1.43E+06,,0.172604959,0.270993644,0.363066394
10.20760109,1.20E-06,8.37E-13,1.43E+06,,0.172606451,0.270993644,0.363060888
10.20774396,1.20E-06,8.37E-13,1.43E+06,,0.172607943,0.270993644,0.363055383
10.20788684,1.20E-06,8.37E-13,1.43E+06,,0.172609436,0.270993644,0.363049873
10.20802972,1.20E-06,8.37E-13,1.43E+06,,0.172610928,0.270993644,0.363044368
10.2081726,1.20E-06,8.37E-13,1.43E+06,,0.172612421,0.270993644,0.363038858
10.20831547,1.20E-06,8.37E-13,1.43E+06,,0.172613913,0.270993644,0.363033353
10.20845835,1.20E-06,8.37E-13,1.43E+06,,0.172615405,0.270993644,0.363027847
10.20860123,1.20E-06,8.37E-13,1.43E+06,,0.172616898,0.270993644,0.363022338
10.20874411,1.20E-06,8.37E-13,1.43E+06,,0.17261839,0.270993644,0.363016832
10.20888698,1.20E-06,8.37E-13,1.43E+06,,0.172619883,0.270993644,0.363011323
10.20902986,1.20E-06,8.37E-13,1.43E+06,,0.172621375,0.270993644,0.363005817
10.20917274,1.20E-06,8.37E-13,1.43E+06,,0.172622867,0.270993644,0.363000311
10.20931562,1.20E-06,8.37E-13,1.43E+06,,0.17262436,0.270993644,0.362994802
10.20945849,1.20E-06,8.37E-13,1.43E+06,,0.172625852,0.270993644,0.362989296
10.20960137,1.20E-06,8.37E-13,1.43E+06,,0.172627345,0.270993644,0.362983787
10.20974425,1.20E-06,8.37E-13,1.43E+06,,0.172628837,0.270993644,0.362978281
10.20988713,1.20E-06,8.37E-13,1.43E+06,,0.172630329,0.270993644,0.362972776
10.21003,1.20E-06,8.37E-13,1.43E+06,,0.172631822,0.270993644,0.362967266
10.21017288,1.20E-06,8.37E-13,1.43E+06,,0.172633314,0.270993644,0.362961761
10.21031576,1.20E-06,8.37E-13,1.43E+06,,0.172634807,0.270993644,0.362956251
10.21045864,1.20E-06,8.37E-13,1.43E+06,,0.172636299,0.270993644,0.362950746
10.21060151,1.20E-06,8.37E-13,1.43E+06,,0.172637791,0.270993644,0.36294524
10.21074439,1.20E-06,8.37E-13,1.43E+06,,0.172639284,0.270993644,0.362939731
10.21088727,1.20E-06,8.37E-13,1.43E+06,,0.172640776,0.270993644,0.362934225
10.21103015,1.20E-06,8.37E-13,1.43E+06,,0.172642269,0.270993644,0.362928716
10.21117302,1.20E-06,8.37E-13,1.43E+06,,0.172643761,0.270993644,0.36292321
10.2113159,1.20E-06,8.37E-13,1.43E+06,,0.172645253,0.270993644,0.362917704
10.21145878,1.20E-06,8.37E-13,1.43E+06,,0.172646746,0.270993644,0.362912195
10.21160166,1.20E-06,8.37E-13,1.43E+06,,0.172648238,0.270993644,0.362906689
10.21174453,1.20E-06,8.37E-13,1.43E+06,,0.172649731,0.270993644,0.36290118
10.21188741,1.20E-06,8.37E-13,1.43E+06,,0.172651223,0.270993644,0.362895674
10.21203029,1.20E-06,8.37E-13,1.43E+06,,0.172652715,0.270993644,0.362890169
10.21217317,1.20E-06,8.37E-13,1.43E+06,,0.172654208,0.270993644,0.362884659
10.21231605,1.20E-06,8.37E-13,1.43E+06,,0.1726557,0.270993644,0.362879154
10.21245892,1.20E-06,8.37E-13,1.43E+06,,0.172657193,0.270993644,0.362873644
10.2126018,1.20E-06,8.37E-13,1.43E+06,,0.172658685,0.270993644,0.362868139
10.21274468,1.20E-06,8.37E-13,1.43E+06,,0.172660177,0.270993644,0.362862633
10.21288756,1.20E-06,8.37E-13,1.43E+06,,0.17266167,0.270993644,0.362857124
10.21303043,1.20E-06,8.37E-13,1.43E+06,,0.172663162,0.270993644,0.362851618
10.21317331,1.20E-06,8.37E-13,1.43E+06,,0.172664655,0.270993644,0.362846109
10.21331619,1.20E-06,8.37E-13,1.43E+06,,0.172666147,0.270993644,0.362840603
10.21345907,1.20E-06,8.37E-13,1.43E+06,,0.17266764,0.270993644,0.362835094
10.21360194,1.20E-06,8.37E-13,1.43E+06,,0.172669132,0.270993644,0.362829588
10.21374482,1.19E-06,8.37E-13,1.42E+06,,0.172670624,0.270993644,0.362824082
10.2138877,1.19E-06,8.37E-13,1.42E+06,,0.172672117,0.270993644,0.362818573
10.21403058,1.19E-06,8.37E-13,1.42E+06,,0.172673609,0.270993644,0.362813067
10.21417345,1.19E-06,8.37E-13,1.42E+06,,0.172675102,0.270993644,0.362807558
10.21431633,1.19E-06,8.37E-13,1.42E+06,,0.172676594,0.270993644,0.362802052
10.21445921,1.19E-06,8.37E-13,1.42E+06,,0.172678086,0.270993644,0.362796546
10.21460209,1.19E-06,8.37E-13,1.42E+06,,0.172679579,0.270993644,0.362791037
10.21474496,1.19E-06,8.37E-13,1.42E+06,,0.172681071,0.270993644,0.362785531
10.21488784,1.19E-06,8.37E-13,1.42E+06,,0.172682564,0.270993644,0.362780022
10.21503072,1.19E-06,8.37E-13,1.42E+06,,0.172684056,0.270993644,0.362774516
10.2151736,1.19E-06,8.37E-13,1.42E+06,,0.172685548,0.270993644,0.362769011
10.21531647,1.19E-06,8.37E-13,1.42E+06,,0.172687041,0.270993644,0.362763501
10.21545935,1.19E-06,8.37E-13,1.42E+06,,0.172688533,0.270993644,0.362757996
10.21560223,1.19E-06,8.37E-13,1.42E+06,,0.172690026,0.270993644,0.362752486
10.21574511,1.19E-06,8.37E-13,1.42E+06,,0.172691518,0.270993644,0.362746981
10.21588798,1.19E-06,8.37E-13,1.42E+06,,0.17269301,0.270993644,0.362741475
10.21603086,1.19E-06,8.37E-13,1.42E+06,,0.172694503,0.270993644,0.362735966
10.21617374,1.19E-06,8.37E-13,1.42E+06,,0.172695995,0.270993644,0.36273046
10.21631662,1.19E-06,8.37E-13,1.42E+06,,0.172697488,0.270993644,0.362724951
10.21645949,1.19E-06,8.37E-13,1.42E+06,,0.17269898,0.270993644,0.362719445
10.21660237,1.19E-06,8.37E-13,1.42E+06,,0.172700472,0.270993644,0.362713939
10.21674525,1.19E-06,8.37E-13,1.42E+06,,0.172701965,0.270993644,0.36270843
10.21688813,1.19E-06,8.37E-13,1.42E+06,,0.172703457,0.270993644,0.362702924
10.217031,1.19E-06,8.37E-13,1.42E+06,,0.17270495,0.270993644,0.362697415
10.21717388,1.19E-06,8.37E-13,1.42E+06,,0.172706442,0.270993644,0.362691909
10.21731676,1.19E-06,8.37E-13,1.42E+06,,0.172707934,0.270993644,0.362686404
10.21745964,1.19E-06,8.37E-13,1.42E+06,,0.172709427,0.270993644,0.362680894
10.21760251,1.19E-06,8.37E-13,1.42E+06,,0.172710919,0.270993644,0.362675389
10.21774539,1.19E-06,8.37E-13,1.42E+06,,0.172712412,0.270993644,0.362669879
10.21788827,1.19E-06,8.37E-13,1.42E+06,,0.172713904,0.270993644,0.362664374
10.21803115,1.19E-06,8.37E-13,1.42E+06,,0.172715396,0.270993644,0.362658868
10.21817402,1.19E-06,8.37E-13,1.42E+06,,0.172716889,0.270993644,0.362653359
10.2183169,1.19E-06,8.37E-13,1.42E+06,,0.172718381,0.270993644,0.362647853
10.21845978,1.19E-06,8.37E-13,1.42E+06,,0.172719874,0.270993644,0.362642344
10.21860266,1.19E-06,8.37E-13,1.42E+06,,0.172721366,0.270993644,0.362636838
10.21874554,1.19E-06,8.37E-13,1.42E+06,,0.172722858,0.270993644,0.362631332
10.21888841,1.19E-06,8.37E-13,1.42E+06,,0.172724351,0.270993644,0.362625823
10.21903129,1.19E-06,8.37E-13,1.42E+06,,0.172725843,0.270993644,0.362620317
10.21917417,1.19E-06,8.37E-13,1.42E+06,,0.172727336,0.270993644,0.362614808
10.21931705,1.19E-06,8.37E-13,1.42E+06,,0.172728828,0.270993644,0.362609302
10.21945992,1.19E-06,8.37E-13,1.42E+06,,0.172730321,0.270993644,0.362603793
10.2196028,1.19E-06,8.37E-13,1.42E+06,,0.172731813,0.270993644,0.362598287
10.21974568,1.19E-06,8.37E-13,1.42E+06,,0.172733305,0.270993644,0.362592782
10.21988856,1.19E-06,8.37E-13,1.42E+06,,0.172734798,0.270993644,0.362587272
10.22003143,1.19E-06,8.37E-13,1.42E+06,,0.17273629,0.270993644,0.362581767
10.22017431,1.19E-06,8.37E-13,1.42E+06,,0.172737783,0.270993644,0.362576257
10.22031719,1.19E-06,8.37E-13,1.42E+06,,0.172739275,0.270993644,0.362570752
10.22046007,1.19E-06,8.37E-13,1.42E+06,,0.172740767,0.270993644,0.362565246
10.22060294,1.19E-06,8.37E-13,1.42E+06,,0.17274226,0.270993644,0.362559736
10.22074582,1.19E-06,8.37E-13,1.42E+06,,0.172743752,0.270993644,0.362554231
10.2208887,1.19E-06,8.37E-13,1.42E+06,,0.172745245,0.270993644,0.362548721
10.22103158,1.19E-06,8.37E-13,1.42E+06,,0.172746737,0.270993644,0.362543216
10.22117445,1.19E-06,8.37E-13,1.42E+06,,0.172748229,0.270993644,0.36253771
10.22131733,1.19E-06,8.37E-13,1.42E+06,,0.172749722,0.270993644,0.362532201
10.22146021,1.19E-06,8.37E-13,1.42E+06,,0.172751214,0.270993644,0.362526695
10.22160309,1.19E-06,8.37E-13,1.42E+06,,0.172752707,0.270993644,0.362521186
10.22174596,1.19E-06,8.37E-13,1.42E+06,,0.172754199,0.270993644,0.36251568
10.22188884,1.19E-06,8.37E-13,1.42E+06,,0.172755691,0.270993644,0.362510174
10.22203172,1.19E-06,8.37E-13,1.42E+06,,0.172757184,0.270993644,0.362504665
10.2221746,1.19E-06,8.37E-13,1.42E+06,,0.172758676,0.270993644,0.362499159
10.22231747,1.19E-06,8.37E-13,1.42E+06,,0.172760169,0.270993644,0.36249365
10.22246035,1.19E-06,8.37E-13,1.42E+06,,0.172761661,0.270993644,0.362488144
10.22260323,1.19E-06,8.37E-13,1.42E+06,,0.172763153,0.270993644,0.362482639
10.22274611,1.18E-06,8.37E-13,1.41E+06,,0.172764646,0.270993644,0.362477129
10.22288898,1.18E-06,8.37E-13,1.41E+06,,0.172766138,0.270993644,0.362471624
10.22303186,1.18E-06,8.37E-13,1.41E+06,,0.172767631,0.270993644,0.362466114
10.22317474,1.18E-06,8.37E-13,1.41E+06,,0.172769123,0.270993644,0.362460609
10.22331762,1.18E-06,8.37E-13,1.41E+06,,0.172770615,0.270993644,0.362455103
10.22346049,1.18E-06,8.37E-13,1.41E+06,,0.172772108,0.270993644,0.362449594
10.22360337,1.18E-06,8.37E-13,1.41E+06,,0.1727736,0.270993644,0.362444088
10.22374625,1.18E-06,8.37E-13,1.41E+06,,0.172775093,0.270993644,0.362438579
10.22388913,1.18E-06,8.37E-13,1.41E+06,,0.172776585,0.270993644,0.362433073
10.224032,1.18E-06,8.37E-13,1.41E+06,,0.172778077,0.270993644,0.362427567
10.22417488,1.18E-06,8.37E-13,1.41E+06,,0.17277957,0.270993644,0.362422058
10.22431776,1.18E-06,8.37E-13,1.41E+06,,0.172781062,0.270993644,0.362416552
10.22446064,1.18E-06,8.37E-13,1.41E+06,,0.172782555,0.270993644,0.362411043
10.22460351,1.18E-06,8.37E-13,1.41E+06,,0.172784047,0.270993644,0.362405537
10.22474639,1.18E-06,8.37E-13,1.41E+06,,0.172785539,0.270993644,0.362400032
10.22488927,1.18E-06,8.37E-13,1.41E+06,,0.172787032,0.270993644,0.362394522
10.22503215,1.18E-06,8.37E-13,1.41E+06,,0.172788524,0.270993644,0.362389017
10.22517503,1.18E-06,8.37E-13,1.41E+06,,0.172790017,0.270993644,0.362383507
10.2253179,1.18E-06,8.37E-13,1.41E+06,,0.172791509,0.270993644,0.362378002
10.22546078,1.18E-06,8.37E-13,1.41E+06,,0.172793002,0.270993644,0.362372492
10.22560366,1.18E-06,8.37E-13,1.41E+06,,0.172794494,0.270993644,0.362366987
10.22574654,1.18E-06,8.37E-13,1.41E+06,,0.172795986,0.270993644,0.362361481
10.22588941,1.18E-06,8.37E-13,1.41E+06,,0.172797479,0.270993644,0.362355972
10.22603229,1.18E-06,8.37E-13,1.41E+06,,0.172798971,0.270993644,0.362350466
10.22617517,1.18E-06,8.37E-13,1.41E+06,,0.172800464,0.270993644,0.362344957
10.22631805,1.18E-06,8.37E-13,1.41E+06,,0.172801956,0.270993644,0.362339451
10.22646092,1.18E-06,8.37E-13,1.41E+06,,0.172803448,0.270993644,0.362333945
10.2266038,1.18E-06,8.37E-13,1.41E+06,,0.172804941,0.270993644,0.362328436
10.22674668,1.18E-06,8.37E-13,1.41E+06,,0.172806433,0.270993644,0.36232293
10.22688956,1.18E-06,8.37E-13,1.41E+06,,0.172807926,0.270993644,0.362317421
10.22703243,1.18E-06,8.37E-13,1.41E+06,,0.172809418,0.270993644,0.362311915
10.22717531,1.18E-06,8.37E-13,1.41E+06,,0.17281091,0.270993644,0.36230641
10.22731819,1.18E-06,8.37E-13,1.41E+06,,0.172812403,0.270993644,0.3623009
10.22746107,1.18E-06,8.37E-13,1.41E+06,,0.172813895,0.270993644,0.362295395
10.22760394,1.18E-06,8.37E-13,1.41E+06,,0.172815388,0.270993644,0.362289885
10.22774682,1.18E-06,8.37E-13,1.41E+06,,0.17281688,0.270993644,0.362284379
10.2278897,1.18E-06,8.37E-13,1.41E+06,,0.172818372,0.270993644,0.362278874
10.22803258,1.18E-06,8.37E-13,1.41E+06,,0.172819865,0.270993644,0.362273364
10.22817545,1.18E-06,8.37E-13,1.41E+06,,0.172821357,0.270993644,0.362267859
10.22831833,1.18E-06,8.37E-13,1.41E+06,,0.17282285,0.270993644,0.362262349
10.22846121,1.18E-06,8.37E-13,1.41E+06,,0.172824342,0.270993644,0.362256844
10.22860409,1.18E-06,8.37E-13,1.41E+06,,0.172825834,0.270993644,0.362251338
10.22874696,1.18E-06,8.37E-13,1.41E+06,,0.172827327,0.270993644,0.362245829
10.22888984,1.18E-06,8.37E-13,1.41E+06,,0.172828819,0.270993644,0.362240323
10.22903272,1.18E-06,8.37E-13,1.41E+06,,0.172830312,0.270993644,0.362234814
10.2291756,1.18E-06,8.37E-13,1.41E+06,,0.172831804,0.270993644,0.362229308
10.22931847,1.18E-06,8.37E-13,1.41E+06,,0.172833296,0.270993644,0.362223802
10.22946135,1.18E-06,8.37E-13,1.41E+06,,0.172834789,0.270993644,0.362218293
10.22960423,1.18E-06,8.37E-13,1.41E+06,,0.172836281,0.270993644,0.362212787
10.22974711,1.18E-06,8.37E-13,1.41E+06,,0.172837774,0.270993644,0.362207278
10.22988998,1.18E-06,8.37E-13,1.41E+06,,0.172839266,0.270993644,0.362201772
10.23003286,1.18E-06,8.37E-13,1.41E+06,,0.172840758,0.270993644,0.362196267
10.23017574,1.18E-06,8.37E-13,1.41E+06,,0.172842251,0.270993644,0.362190757
10.23031862,1.18E-06,8.37E-13,1.41E+06,,0.172843743,0.270993644,0.362185252
10.23046149,1.18E-06,8.37E-13,1.41E+06,,0.172845236,0.270993644,0.362179742
10.23060437,1.18E-06,8.37E-13,1.41E+06,,0.172846728,0.270993644,0.362174237
10.23074725,1.18E-06,8.37E-13,1.41E+06,,0.17284822,0.270993644,0.362168731
10.23089013,1.18E-06,8.37E-13,1.41E+06,,0.172849713,0.270993644,0.362163222
10.231033,1.18E-06,8.37E-13,1.41E+06,,0.172851205,0.270993644,0.362157716
10.23117588,1.18E-06,8.37E-13,1.41E+06,,0.172852698,0.270993644,0.362152207
10.23131876,1.18E-06,8.37E-13,1.41E+06,,0.17285419,0.270993644,0.362146701
10.23146164,1.18E-06,8.37E-13,1.41E+06,,0.172855682,0.270993644,0.362141195
10.23160451,1.18E-06,8.37E-13,1.41E+06,,0.172857175,0.270993644,0.362135686
10.23174739,1.18E-06,8.37E-13,1.41E+06,,0.172858667,0.270993644,0.36213018
10.23189027,1.17E-06,8.37E-13,1.40E+06,,0.17286016,0.270993644,0.362124671
10.23203315,1.17E-06,8.37E-13,1.40E+06,,0.172861652,0.270993644,0.362119165
10.23217603,1.17E-06,8.37E-13,1.40E+06,,0.172863145,0.270993644,0.362113656
10.2323189,1.17E-06,8.37E-13,1.40E+06,,0.172864637,0.270993644,0.36210815
10.23246178,1.17E-06,8.37E-13,1.40E+06,,0.172866129,0.270993644,0.362102645
10.23260466,1.17E-06,8.37E-13,1.40E+06,,0.172867622,0.270993644,0.362097135
10.23274754,1.17E-06,8.37E-13,1.40E+06,,0.172869114,0.270993644,0.36209163
10.23289041,1.17E-06,8.37E-13,1.40E+06,,0.172870607,0.270993644,0.36208612
10.23303329,1.17E-06,8.37E-13,1.40E+06,,0.172872099,0.270993644,0.362080615
10.23317617,1.17E-06,8.37E-13,1.40E+06,,0.172873591,0.270993644,0.362075109
10.23331905,1.17E-06,8.37E-13,1.40E+06,,0.172875084,0.270993644,0.3620696
10.23346192,1.17E-06,8.37E-13,1.40E+06,,0.172876576,0.270993644,0.362064094
10.2336048,1.17E-06,8.37E-13,1.40E+06,,0.172878069,0.270993644,0.362058585
10.23374768,1.17E-06,8.37E-13,1.40E+06,,0.172879561,0.270993644,0.362053079
10.23389056,1.17E-06,8.37E-13,1.40E+06,,0.172881053,0.270993644,0.362047573
10.23403343,1.17E-06,8.37E-13,1.40E+06,,0.172882546,0.270993644,0.362042064
10.23417631,1.17E-06,8.37E-13,1.40E+06,,0.172884038,0.270993644,0.362036558
10.23431919,1.17E-06,8.37E-13,1.40E+06,,0.172885531,0.270993644,0.362031049
10.23446207,1.17E-06,8.37E-13,1.40E+06,,0.172887023,0.270993644,0.362025543
10.23460494,1.17E-06,8.37E-13,1.40E+06,,0.172888515,0.270993644,0.362020037
10.23474782,1.17E-06,8.37E-13,1.40E+06,,0.172890008,0.270993644,0.362014528
10.2348907,1.17E-06,8.37E-13,1.40E+06,,0.1728915,0.270993644,0.362009022
10.23503358,1.17E-06,8.37E-13,1.40E+06,,0.172892993,0.270993644,0.362003513
10.23517645,1.17E-06,8.37E-13,1.40E+06,,0.172894485,0.270993644,0.361998007
10.23531933,1.17E-06,8.37E-13,1.40E+06,,0.172895977,0.270993644,0.361992502
10.23546221,1.17E-06,8.37E-13,1.40E+06,,0.17289747,0.270993644,0.361986992
10.23560509,1.17E-06,8.37E-13,1.40E+06,,0.172898962,0.270993644,0.361981487
10.23574796,1.17E-06,8.37E-13,1.40E+06,,0.172900455,0.270993644,0.361975977
10.23589084,1.17E-06,8.37E-13,1.40E+06,,0.172901947,0.270993644,0.361970472
10.23603372,1.17E-06,8.37E-13,1.40E+06,,0.172903439,0.270993644,0.361964966
10.2361766,1.17E-06,8.37E-13,1.40E+06,,0.172904932,0.270993644,0.361959457
10.23631947,1.17E-06,8.37E-13,1.40E+06,,0.172906424,0.270993644,0.361953951
10.23646235,1.17E-06,8.37E-13,1.40E+06,,0.172907917,0.270993644,0.361948442
10.23660523,1.17E-06,8.37E-13,1.40E+06,,0.172909409,0.270993644,0.361942936
10.23674811,1.17E-06,8.37E-13,1.40E+06,,0.172910901,0.270993644,0.36193743
10.23689098,1.17E-06,8.37E-13,1.40E+06,,0.172912394,0.270993644,0.361931921
10.23703386,1.17E-06,8.37E-13,1.40E+06,,0.172913886,0.270993644,0.361926415
10.23717674,1.17E-06,8.37E-13,1.40E+06,,0.172915379,0.270993644,0.361920906
10.23731962,1.17E-06,8.37E-13,1.40E+06,,0.172916871,0.270993644,0.3619154
10.23746249,1.17E-06,8.37E-13,1.40E+06,,0.172918363,0.270993644,0.361909895
10.23760537,1.17E-06,8.37E-13,1.40E+06,,0.172919856,0.270993644,0.361904385
10.23774825,1.17E-06,8.37E-13,1.40E+06,,0.172921348,0.270993644,0.36189888
10.23789113,1.17E-06,8.37E-13,1.40E+06,,0.172922841,0.270993644,0.36189337
10.238034,1.17E-06,8.37E-13,1.40E+06,,0.172924333,0.270993644,0.361887865
10.23817688,1.17E-06,8.37E-13,1.40E+06,,0.172925826,0.270993644,0.361882355
10.23831976,1.17E-06,8.37E-13,1.40E+06,,0.172927318,0.270993644,0.36187685
10.23846264,1.17E-06,8.37E-13,1.40E+06,,0.17292881,0.270993644,0.361871344
10.23860552,1.17E-06,8.37E-13,1.40E+06,,0.172930303,0.270993644,0.361865835
10.23874839,1.17E-06,8.37E-13,1.40E+06,,0.172931795,0.270993644,0.361860329
10.23889127,1.17E-06,8.37E-13,1.40E+06,,0.172933288,0.270993644,0.36185482
10.23903415,1.17E-06,8.37E-13,1.40E+06,,0.17293478,0.270993644,0.361849314
10.23917703,1.17E-06,8.37E-13,1.40E+06,,0.172936272,0.270993644,0.361843808
10.2393199,1.17E-06,8.37E-13,1.40E+06,,0.172937765,0.270993644,0.361838299
10.23946278,1.17E-06,8.37E-13,1.40E+06,,0.172939257,0.270993644,0.361832793
10.23960566,1.17E-06,8.37E-13,1.40E+06,,0.17294075,0.270993644,0.361827284
10.23974854,1.17E-06,8.37E-13,1.40E+06,,0.172942242,0.270993644,0.361821778
10.23989141,1.17E-06,8.37E-13,1.40E+06,,0.172943734,0.270993644,0.361816273
10.24003429,1.17E-06,8.37E-13,1.40E+06,,0.172945227,0.270993644,0.361810763
10.24017717,1.17E-06,8.37E-13,1.40E+06,,0.172946719,0.270993644,0.361805258
10.24032005,1.17E-06,8.37E-13,1.40E+06,,0.172948212,0.270993644,0.361799748
10.24046292,1.17E-06,8.37E-13,1.40E+06,,0.172949704,0.270993644,0.361794243
10.2406058,1.17E-06,8.37E-13,1.40E+06,,0.172951196,0.270993644,0.361788737
10.24074868,1.17E-06,8.37E-13,1.40E+06,,0.172952689,0.270993644,0.361783228
10.24089156,1.17E-06,8.37E-13,1.40E+06,,0.172954181,0.270993644,0.361777722
10.24103443,1.16E-06,8.37E-13,1.39E+06,,0.172955674,0.270993644,0.361772212
10.24117731,1.16E-06,8.37E-13,1.39E+06,,0.172957166,0.270993644,0.361766707
10.24132019,1.16E-06,8.37E-13,1.39E+06,,0.172958658,0.270993644,0.361761201
10.24146307,1.16E-06,8.37E-13,1.39E+06,,0.172960151,0.270993644,0.361755692
10.24160594,1.16E-06,8.37E-13,1.39E+06,,0.172961643,0.270993644,0.361750186
10.24174882,1.16E-06,8.37E-13,1.39E+06,,0.172963136,0.270993644,0.361744677
10.2418917,1.16E-06,8.37E-13,1.39E+06,,0.172964628,0.270993644,0.361739171
10.24203458,1.16E-06,8.37E-13,1.39E+06,,0.17296612,0.270993644,0.361733665
10.24217745,1.16E-06,8.37E-13,1.39E+06,,0.172967613,0.270993644,0.361728156
10.24232033,1.16E-06,8.37E-13,1.39E+06,,0.172969105,0.270993644,0.36172265
10.24246321,1.16E-06,8.37E-13,1.39E+06,,0.172970598,0.270993644,0.361717141
10.24260609,1.16E-06,8.37E-13,1.39E+06,,0.17297209,0.270993644,0.361711635
10.24274896,1.16E-06,8.37E-13,1.39E+06,,0.172973582,0.270993644,0.36170613
10.24289184,1.16E-06,8.37E-13,1.39E+06,,0.172975075,0.270993644,0.36170062
10.24303472,1.16E-06,8.37E-13,1.39E+06,,0.172976567,0.270993644,0.361695115
10.2431776,1.16E-06,8.37E-13,1.39E+06,,0.17297806,0.270993644,0.361689605
10.24332047,1.16E-06,8.37E-13,1.39E+06,,0.172979552,0.270993644,0.3616841
10.24346335,1.16E-06,8.37E-13,1.39E+06,,0.172981044,0.270993644,0.361678594
10.24360623,1.16E-06,8.37E-13,1.39E+06,,0.172982537,0.270993644,0.361673085
10.24374911,1.16E-06,8.37E-13,1.39E+06,,0.172984029,0.270993644,0.361667579
10.24389198,1.16E-06,8.37E-13,1.39E+06,,0.172985522,0.270993644,0.36166207
10.24403486,1.16E-06,8.37E-13,1.39E+06,,0.172987014,0.270993644,0.361656564
10.24417774,1.16E-06,8.37E-13,1.39E+06,,0.172988507,0.270993644,0.361651055
10.24432062,1.16E-06,8.37E-13,1.39E+06,,0.172989999,0.270993644,0.361645549
10.24446349,1.16E-06,8.37E-13,1.39E+06,,0.172991491,0.270993644,0.361640043
10.24460637,1.16E-06,8.37E-13,1.39E+06,,0.172992984,0.270993644,0.361634534
10.24474925,1.16E-06,8.37E-13,1.39E+06,,0.172994476,0.270993644,0.361629028
10.24489213,1.16E-06,8.37E-13,1.39E+06,,0.172995969,0.270993644,0.361623519
10.24503501,1.16E-06,8.37E-13,1.39E+06,,0.172997461,0.270993644,0.361618013
10.24517788,1.16E-06,8.37E-13,1.39E+06,,0.172998953,0.270993644,0.361612508
10.24532076,1.16E-06,8.37E-13,1.39E+06,,0.173000446,0.270993644,0.361606998
10.24546364,1.16E-06,8.37E-13,1.39E+06,,0.173001938,0.270993644,0.361601493
10.24560652,1.16E-06,8.37E-13,1.39E+06,,0.173003431,0.270993644,0.361595983
10.24574939,1.16E-06,8.37E-13,1.39E+06,,0.173004923,0.270993644,0.361590478
10.24589227,1.16E-06,8.37E-13,1.39E+06,,0.173006415,0.270993644,0.361584972
10.24603515,1.16E-06,8.37E-13,1.39E+06,,0.173007908,0.270993644,0.361579463
10.24617803,1.16E-06,8.37E-13,1.39E+06,,0.1730094,0.270993644,0.361573957
10.2463209,1.16E-06,8.37E-13,1.39E+06,,0.173010893,0.270993644,0.361568448
10.24646378,1.16E-06,8.37E-13,1.39E+06,,0.173012385,0.270993644,0.361562942
10.24660666,1.16E-06,8.37E-13,1.39E+06,,0.173013877,0.270993644,0.361557436
10.24674954,1.16E-06,8.37E-13,1.39E+06,,0.17301537,0.270993644,0.361551927
10.24689241,1.16E-06,8.37E-13,1.39E+06,,0.173016862,0.270993644,0.361546421
10.24703529,1.16E-06,8.37E-13,1.39E+06,,0.173018355,0.270993644,0.361540912
10.24717817,1.16E-06,8.37E-13,1.39E+06,,0.173019847,0.270993644,0.361535406
10.24732105,1.16E-06,8.37E-13,1.39E+06,,0.173021339,0.270993644,0.361529901
10.24746392,1.16E-06,8.37E-13,1.39E+06,,0.173022832,0.270993644,0.361524391
10.2476068,1.16E-06,8.37E-13,1.39E+06,,0.173024324,0.270993644,0.361518886
10.24774968,1.16E-06,8.37E-13,1.39E+06,,0.173025817,0.270993644,0.361513376
10.24789256,1.16E-06,8.37E-13,1.39E+06,,0.173027309,0.270993644,0.36150787
10.24803543,1.16E-06,8.37E-13,1.39E+06,,0.173028801,0.270993644,0.361502365
10.24817831,1.16E-06,8.37E-13,1.39E+06,,0.173030294,0.270993644,0.361496855
10.24832119,1.16E-06,8.37E-13,1.39E+06,,0.173031786,0.270993644,0.36149135
10.24846407,1.16E-06,8.37E-13,1.39E+06,,0.173033279,0.270993644,0.36148584
10.24860694,1.16E-06,8.37E-13,1.39E+06,,0.173034771,0.270993644,0.361480335
10.24874982,1.16E-06,8.37E-13,1.39E+06,,0.173036263,0.270993644,0.361474829
10.2488927,1.16E-06,8.37E-13,1.39E+06,,0.173037756,0.270993644,0.36146932
10.24903558,1.16E-06,8.37E-13,1.39E+06,,0.173039248,0.270993644,0.361463814
10.24917845,1.16E-06,8.37E-13,1.39E+06,,0.173040741,0.270993644,0.361458305
10.24932133,1.16E-06,8.37E-13,1.39E+06,,0.173042233,0.270993644,0.361452799
10.24946421,1.16E-06,8.37E-13,1.39E+06,,0.173043725,0.270993644,0.361447293
10.24960709,1.16E-06,8.37E-13,1.39E+06,,0.173045218,0.270993644,0.361441784
10.24974996,1.16E-06,8.37E-13,1.39E+06,,0.17304671,0.270993644,0.361436278
10.24989284,1.16E-06,8.37E-13,1.39E+06,,0.173048203,0.270993644,0.361430769
10.25003572,1.15E-06,8.37E-13,1.37E+06,,0.173049695,0.270993644,0.361425263
10.2501786,1.15E-06,8.37E-13,1.37E+06,,0.173051188,0.270993644,0.361419754
10.25032147,1.15E-06,8.37E-13,1.37E+06,,0.17305268,0.270993644,0.361414248
10.25046435,1.15E-06,8.37E-13,1.37E+06,,0.173054172,0.270993644,0.361408743
10.25060723,1.15E-06,8.37E-13,1.37E+06,,0.173055665,0.270993644,0.361403233
10.25075011,1.15E-06,8.37E-13,1.37E+06,,0.173057157,0.270993644,0.361397728
10.25089298,1.15E-06,8.37E-13,1.37E+06,,0.17305865,0.270993644,0.361392218
10.25103586,1.15E-06,8.37E-13,1.37E+06,,0.173060142,0.270993644,0.361386713
10.25117874,1.15E-06,8.37E-13,1.37E+06,,0.173061634,0.270993644,0.361381207
10.25132162,1.15E-06,8.37E-13,1.37E+06,,0.173063127,0.270993644,0.361375698
10.25146449,1.15E-06,8.37E-13,1.37E+06,,0.173064619,0.270993644,0.361370192
10.25160737,1.15E-06,8.37E-13,1.37E+06,,0.173066112,0.270993644,0.361364683
10.25175025,1.15E-06,8.37E-13,1.37E+06,,0.173067604,0.270993644,0.361359177
10.25189313,1.15E-06,8.37E-13,1.37E+06,,0.173069096,0.270993644,0.361353671
10.25203601,1.15E-06,8.37E-13,1.37E+06,,0.173070589,0.270993644,0.361348162
10.25217888,1.15E-06,8.37E-13,1.37E+06,,0.173072081,0.270993644,0.361342656
10.25232176,1.15E-06,8.37E-13,1.37E+06,,0.173073574,0.270993644,0.361337147
10.25246464,1.15E-06,8.37E-13,1.37E+06,,0.173075066,0.270993644,0.361331641
10.25260752,1.15E-06,8.37E-13,1.37E+06,,0.173076558,0.270993644,0.361326136
10.25275039,1.15E-06,8.37E-13,1.37E+06,,0.173078051,0.270993644,0.361320626
10.25289327,1.15E-06,8.37E-13,1.37E+06,,0.173079543,0.270993644,0.361315121
10.25303615,1.15E-06,8.37E-13,1.37E+06,,0.173081036,0.270993644,0.361309611
10.25317903,1.15E-06,8.37E-13,1.37E+06,,0.173082528,0.270993644,0.361304106
10.2533219,1.15E-06,8.37E-13,1.37E+06,,0.17308402,0.270993644,0.3612986
10.25346478,1.15E-06,8.37E-13,1.37E+06,,0.173085513,0.270993644,0.361293091
10.25360766,1.15E-06,8.37E-13,1.37E+06,,0.173087005,0.270993644,0.361287585
10.25375054,1.15E-06,8.37E-13,1.37E+06,,0.173088498,0.270993644,0.361282076
10.25389341,1.15E-06,8.37E-13,1.37E+06,,0.17308999,0.270993644,0.36127657
10.25403629,1.15E-06,8.37E-13,1.37E+06,,0.173091482,0.270993644,0.361271064
10.25417917,1.15E-06,8.37E-13,1.37E+06,,0.173092975,0.270993644,0.361265555
10.25432205,1.15E-06,8.37E-13,1.37E+06,,0.173094467,0.270993644,0.361260049
10.25446492,1.15E-06,8.37E-13,1.37E+06,,0.17309596,0.270993644,0.36125454
10.2546078,1.15E-06,8.37E-13,1.37E+06,,0.173097452,0.270993644,0.361249034
10.25475068,1.15E-06,8.37E-13,1.37E+06,,0.173098944,0.270993644,0.361243529
10.25489356,1.15E-06,8.37E-13,1.37E+06,,0.173100437,0.270993644,0.361238019
10.25503643,1.15E-06,8.37E-13,1.37E+06,,0.173101929,0.270993644,0.361232513
10.25517931,1.15E-06,8.37E-13,1.37E+06,,0.173103422,0.270993644,0.361227004
10.25532219,1.15E-06,8.37E-13,1.37E+06,,0.173104914,0.270993644,0.361221498
10.25546507,1.15E-06,8.37E-13,1.37E+06,,0.173106406,0.270993644,0.361215993
10.25560794,1.15E-06,8.37E-13,1.37E+06,,0.173107899,0.270993644,0.361210483
10.25575082,1.15E-06,8.37E-13,1.37E+06,,0.173109391,0.270993644,0.361204978
10.2558937,1.15E-06,8.37E-13,1.37E+06,,0.173110884,0.270993644,0.361199468
10.25603658,1.15E-06,8.37E-13,1.37E+06,,0.173112376,0.270993644,0.361193963
10.25617945,1.15E-06,8.37E-13,1.37E+06,,0.173113869,0.270993644,0.361188453
10.25632233,1.15E-06,8.37E-13,1.37E+06,,0.173115361,0.270993644,0.361182948
10.25646521,1.15E-06,8.37E-13,1.37E+06,,0.173116853,0.270993644,0.361177442
10.25660809,1.15E-06,8.37E-13,1.37E+06,,0.173118346,0.270993644,0.361171933
10.25675096,1.15E-06,8.37E-13,1.37E+06,,0.173119838,0.270993644,0.361166427
10.25689384,1.15E-06,8.37E-13,1.37E+06,,0.173121331,0.270993644,0.361160918
10.25703672,1.15E-06,8.37E-13,1.37E+06,,0.173122823,0.270993644,0.361155412
10.2571796,1.15E-06,8.37E-13,1.37E+06,,0.173124315,0.270993644,0.361149906
10.25732247,1.15E-06,8.37E-13,1.37E+06,,0.173125808,0.270993644,0.361144397
10.25746535,1.15E-06,8.37E-13,1.37E+06,,0.1731273,0.270993644,0.361138891
10.25760823,1.15E-06,8.37E-13,1.37E+06,,0.173128793,0.270993644,0.361133382
10.25775111,1.15E-06,8.37E-13,1.37E+06,,0.173130285,0.270993644,0.361127876
10.25789398,1.15E-06,8.37E-13,1.37E+06,,0.173131777,0.270993644,0.361122371
10.25803686,1.15E-06,8.37E-13,1.37E+06,,0.17313327,0.270993644,0.361116861
10.25817974,1.15E-06,8.37E-13,1.37E+06,,0.173134762,0.270993644,0.361111356
10.25832262,1.15E-06,8.37E-13,1.37E+06,,0.173136255,0.270993644,0.361105846
10.2584655,1.15E-06,8.37E-13,1.37E+06,,0.173137747,0.270993644,0.361100341
10.25860837,1.15E-06,8.37E-13,1.37E+06,,0.173139239,0.270993644,0.361094835
10.25875125,1.15E-06,8.37E-13,1.37E+06,,0.173140732,0.270993644,0.361089326
10.25889413,1.15E-06,8.37E-13,1.37E+06,,0.173142224,0.270993644,0.36108382
10.25903701,1.15E-06,8.37E-13,1.37E+06,,0.173143717,0.270993644,0.361078311
10.25917988,1.14E-06,8.37E-13,1.36E+06,,0.173145209,0.270993644,0.361072805
10.25932276,1.14E-06,8.37E-13,1.36E+06,,0.173146701,0.270993644,0.361067299
10.25946564,1.14E-06,8.37E-13,1.36E+06,,0.173148194,0.270993644,0.36106179
10.25960852,1.14E-06,8.37E-13,1.36E+06,,0.173149686,0.270993644,0.361056284
10.25975139,1.14E-06,8.37E-13,1.36E+06,,0.173151179,0.270993644,0.361050775
10.25989427,1.14E-06,8.37E-13,1.36E+06,,0.173152671,0.270993644,0.361045269
10.26003715,1.14E-06,8.37E-13,1.36E+06,,0.173154163,0.270993644,0.361039764
10.26018003,1.14E-06,8.37E-13,1.36E+06,,0.173155656,0.270993644,0.361034254
10.2603229,1.14E-06,8.37E-13,1.36E+06,,0.173157148,0.270993644,0.361028749
10.26046578,1.14E-06,8.37E-13,1.36E+06,,0.173158641,0.270993644,0.361023239
10.26060866,1.14E-06,8.37E-13,1.36E+06,,0.173160133,0.270993644,0.361017734
10.26075154,1.14E-06,8.37E-13,1.36E+06,,0.173161625,0.270993644,0.361012228
10.26089441,1.14E-06,8.37E-13,1.36E+06,,0.173163118,0.270993644,0.361006719
10.26103729,1.14E-06,8.37E-13,1.36E+06,,0.17316461,0.270993644,0.361001213
10.26118017,1.14E-06,8.37E-13,1.36E+06,,0.173166103,0.270993644,0.360995704
10.26132305,1.14E-06,8.37E-13,1.36E+06,,0.173167595,0.270993644,0.360990198
10.26146592,1.14E-06,8.37E-13,1.36E+06,,0.173169087,0.270993644,0.360984692
10.2616088,1.14E-06,8.37E-13,1.36E+06,,0.17317058,0.270993644,0.360979183
10.26175168,1.14E-06,8.37E-13,1.36E+06,,0.173172072,0.270993644,0.360973677
10.26189456,1.14E-06,8.37E-13,1.36E+06,,0.173173565,0.270993644,0.360968168
10.26203743,1.14E-06,8.37E-13,1.36E+06,,0.173175057,0.270993644,0.360962662
10.26218031,1.14E-06,8.37E-13,1.36E+06,,0.173176549,0.270993644,0.360957156
10.26232319,1.14E-06,8.37E-13,1.36E+06,,0.173178042,0.270993644,0.360951647
10.26246607,1.14E-06,8.37E-13,1.36E+06,,0.173179534,0.270993644,0.360946141
10.26260894,1.14E-06,8.37E-13,1.36E+06,,0.173181027,0.270993644,0.360940632
10.26275182,1.14E-06,8.37E-13,1.36E+06,,0.173182519,0.270993644,0.360935126
10.2628947,1.14E-06,8.37E-13,1.36E+06,,0.173184012,0.270993644,0.360929617
10.26303758,1.14E-06,8.37E-13,1.36E+06,,0.173185504,0.270993644,0.360924111
10.26318045,1.14E-06,8.37E-13,1.36E+06,,0.173186996,0.270993644,0.360918606
10.26332333,1.14E-06,8.37E-13,1.36E+06,,0.173188489,0.270993644,0.360913096
10.26346621,1.14E-06,8.37E-13,1.36E+06,,0.173189981,0.270993644,0.360907591
10.26360909,1.14E-06,8.37E-13,1.36E+06,,0.173191474,0.270993644,0.360902081
10.26375196,1.14E-06,8.37E-13,1.36E+06,,0.173192966,0.270993644,0.360896576
10.26389484,1.14E-06,8.37E-13,1.36E+06,,0.173194458,0.270993644,0.36089107
10.26403772,1.14E-06,8.37E-13,1.36E+06,,0.173195951,0.270993644,0.360885561
10.2641806,1.14E-06,8.37E-13,1.36E+06,,0.173197443,0.270993644,0.360880055
10.26432347,1.14E-06,8.37E-13,1.36E+06,,0.173198936,0.270993644,0.360874546
10.26446635,1.14E-06,8.37E-13,1.36E+06,,0.173200428,0.270993644,0.36086904
10.26460923,1.14E-06,8.37E-13,1.36E+06,,0.17320192,0.270993644,0.360863534
10.26475211,1.14E-06,8.37E-13,1.36E+06,,0.173203413,0.270993644,0.360858025
10.26489498,1.14E-06,8.37E-13,1.36E+06,,0.173204905,0.270993644,0.360852519
10.26503786,1.14E-06,8.37E-13,1.36E+06,,0.173206398,0.270993644,0.36084701
10.26518074,1.14E-06,8.37E-13,1.36E+06,,0.17320789,0.270993644,0.360841504
10.26532362,1.14E-06,8.37E-13,1.36E+06,,0.173209382,0.270993644,0.360835999
10.2654665,1.14E-06,8.37E-13,1.36E+06,,0.173210875,0.270993644,0.360830489
10.26560937,1.14E-06,8.37E-13,1.36E+06,,0.173212367,0.270993644,0.360824984
10.26575225,1.14E-06,8.37E-13,1.36E+06,,0.17321386,0.270993644,0.360819474
10.26589513,1.14E-06,8.37E-13,1.36E+06,,0.173215352,0.270993644,0.360813969
10.26603801,1.14E-06,8.37E-13,1.36E+06,,0.173216844,0.270993644,0.360808463
10.26618088,1.14E-06,8.37E-13,1.36E+06,,0.173218337,0.270993644,0.360802954
10.26632376,1.14E-06,8.37E-13,1.36E+06,,0.173219829,0.270993644,0.360797448
10.26646664,1.14E-06,8.37E-13,1.36E+06,,0.173221322,0.270993644,0.360791939
10.26660952,1.14E-06,8.37E-13,1.36E+06,,0.173222814,0.270993644,0.360786433
10.26675239,1.14E-06,8.37E-13,1.36E+06,,0.173224306,0.270993644,0.360780927
10.26689527,1.14E-06,8.37E-13,1.36E+06,,0.173225799,0.270993644,0.360775418
10.26703815,1.14E-06,8.37E-13,1.36E+06,,0.173227291,0.270993644,0.360769912
10.26718103,1.14E-06,8.37E-13,1.36E+06,,0.173228784,0.270993644,0.360764403
10.2673239,1.14E-06,8.37E-13,1.36E+06,,0.173230276,0.270993644,0.360758897
10.26746678,1.14E-06,8.37E-13,1.36E+06,,0.173231768,0.270993644,0.360753392
10.26760966,1.14E-06,8.37E-13,1.36E+06,,0.173233261,0.270993644,0.360747882
10.26775254,1.14E-06,8.37E-13,1.36E+06,,0.173234753,0.270993644,0.360742377
10.26789541,1.14E-06,8.37E-13,1.36E+06,,0.173236246,0.270993644,0.360736867
10.26803829,1.14E-06,8.37E-13,1.36E+06,,0.173237738,0.270993644,0.360731362
10.26818117,1.14E-06,8.37E-13,1.36E+06,,0.17323923,0.270993644,0.360725856
10.26832405,1.13E-06,8.37E-13,1.35E+06,,0.173240723,0.270993644,0.360720346
10.26846692,1.13E-06,8.37E-13,1.35E+06,,0.173242215,0.270993644,0.360714841
10.2686098,1.13E-06,8.37E-13,1.35E+06,,0.173243708,0.270993644,0.360709331
10.26875268,1.13E-06,8.37E-13,1.35E+06,,0.1732452,0.270993644,0.360703826
10.26889556,1.13E-06,8.37E-13,1.35E+06,,0.173246693,0.270993644,0.360698316
10.26903843,1.13E-06,8.37E-13,1.35E+06,,0.173248185,0.270993644,0.360692811
10.26918131,1.13E-06,8.37E-13,1.35E+06,,0.173249677,0.270993644,0.360687305
10.26932419,1.13E-06,8.37E-13,1.35E+06,,0.17325117,0.270993644,0.360681796
10.26946707,1.13E-06,8.37E-13,1.35E+06,,0.173252662,0.270993644,0.36067629
10.26960994,1.13E-06,8.37E-13,1.35E+06,,0.173254155,0.270993644,0.360670781
10.26975282,1.13E-06,8.37E-13,1.35E+06,,0.173255647,0.270993644,0.360665275
10.2698957,1.13E-06,8.37E-13,1.35E+06,,0.173257139,0.270993644,0.360659769
10.27003858,1.13E-06,8.37E-13,1.35E+06,,0.173258632,0.270993644,0.36065426
10.27018145,1.13E-06,8.37E-13,1.35E+06,,0.173260124,0.270993644,0.360648754
10.27032433,1.13E-06,8.37E-13,1.35E+06,,0.173261617,0.270993644,0.360643245
10.27046721,1.13E-06,8.37E-13,1.35E+06,,0.173263109,0.270993644,0.360637739
10.27061009,1.13E-06,8.37E-13,1.35E+06,,0.173264601,0.270993644,0.360632234
10.27075296,1.13E-06,8.37E-13,1.35E+06,,0.173266094,0.270993644,0.360626724
10.27089584,1.13E-06,8.37E-13,1.35E+06,,0.173267586,0.270993644,0.360621219
10.27103872,1.13E-06,8.37E-13,1.35E+06,,0.173269079,0.270993644,0.360615709
10.2711816,1.13E-06,8.37E-13,1.35E+06,,0.173270571,0.270993644,0.360610204
10.27132447,1.13E-06,8.37E-13,1.35E+06,,0.173272063,0.270993644,0.360604698
10.27146735,1.13E-06,8.37E-13,1.35E+06,,0.173273556,0.270993644,0.360599189
10.27161023,1.13E-06,8.37E-13,1.35E+06,,0.173275048,0.270993644,0.360593683
10.27175311,1.13E-06,8.37E-13,1.35E+06,,0.173276541,0.270993644,0.360588174
10.27189599,1.13E-06,8.37E-13,1.35E+06,,0.173278033,0.270993644,0.360582668
10.27203886,1.13E-06,8.37E-13,1.35E+06,,0.173279525,0.270993644,0.360577162
10.27218174,1.13E-06,8.37E-13,1.35E+06,,0.173281018,0.270993644,0.360571653
10.27232462,1.13E-06,8.37E-13,1.35E+06,,0.17328251,0.270993644,0.360566147
10.2724675,1.13E-06,8.37E-13,1.35E+06,,0.173284003,0.270993644,0.360560638
10.27261037,1.13E-06,8.37E-13,1.35E+06,,0.173285495,0.270993644,0.360555132
10.27275325,1.13E-06,8.37E-13,1.35E+06,,0.173286987,0.270993644,0.360549627
10.27289613,1.13E-06,8.37E-13,1.35E+06,,0.17328848,0.270993644,0.360544117
10.27303901,1.13E-06,8.37E-13,1.35E+06,,0.173289972,0.270993644,0.360538612
10.27318188,1.13E-06,8.37E-13,1.35E+06,,0.173291465,0.270993644,0.360533102
10.27332476,1.13E-06,8.37E-13,1.35E+06,,0.173292957,0.270993644,0.360527597
10.27346764,1.13E-06,8.37E-13,1.35E+06,,0.173294449,0.270993644,0.360522091
10.27361052,1.13E-06,8.37E-13,1.35E+06,,0.173295942,0.270993644,0.360516582
10.27375339,1.13E-06,8.37E-13,1.35E+06,,0.173297434,0.270993644,0.360511076
10.27389627,1.13E-06,8.37E-13,1.35E+06,,0.173298927,0.270993644,0.360505567
10.27403915,1.13E-06,8.37E-13,1.35E+06,,0.173300419,0.270993644,0.360500061
10.27418203,1.13E-06,8.37E-13,1.35E+06,,0.173301911,0.270993644,0.360494555
10.2743249,1.13E-06,8.37E-13,1.35E+06,,0.173303404,0.270993644,0.360489046
10.27446778,1.13E-06,8.37E-13,1.35E+06,,0.173304896,0.270993644,0.36048354
10.27461066,1.13E-06,8.37E-13,1.35E+06,,0.173306389,0.270993644,0.360478031
10.27475354,1.13E-06,8.37E-13,1.35E+06,,0.173307881,0.270993644,0.360472525
10.27489641,1.13E-06,8.37E-13,1.35E+06,,0.173309374,0.270993644,0.360467016
10.27503929,1.13E-06,8.37E-13,1.35E+06,,0.173310866,0.270993644,0.36046151
10.27518217,1.13E-06,8.37E-13,1.35E+06,,0.173312358,0.270993644,0.360456005
10.27532505,1.13E-06,8.37E-13,1.35E+06,,0.173313851,0.270993644,0.360450495
10.27546792,1.13E-06,8.37E-13,1.35E+06,,0.173315343,0.270993644,0.360444989
10.2756108,1.13E-06,8.37E-13,1.35E+06,,0.173316836,0.270993644,0.36043948
10.27575368,1.13E-06,8.37E-13,1.35E+06,,0.173318328,0.270993644,0.360433974
10.27589656,1.13E-06,8.37E-13,1.35E+06,,0.17331982,0.270993644,0.360428469
10.27603943,1.13E-06,8.37E-13,1.35E+06,,0.173321313,0.270993644,0.360422959
10.27618231,1.13E-06,8.37E-13,1.35E+06,,0.173322805,0.270993644,0.360417454
10.27632519,1.13E-06,8.37E-13,1.35E+06,,0.173324298,0.270993644,0.360411944
10.27646807,1.13E-06,8.37E-13,1.35E+06,,0.17332579,0.270993644,0.360406439
10.27661094,1.13E-06,8.37E-13,1.35E+06,,0.173327282,0.270993644,0.360400933
10.27675382,1.13E-06,8.37E-13,1.35E+06,,0.173328775,0.270993644,0.360395424
10.2768967,1.13E-06,8.37E-13,1.35E+06,,0.173330267,0.270993644,0.360389918
10.27703958,1.13E-06,8.37E-13,1.35E+06,,0.17333176,0.270993644,0.360384409
10.27718245,1.13E-06,8.37E-13,1.35E+06,,0.173333252,0.270993644,0.360378903
10.27732533,1.12E-06,8.37E-13,1.34E+06,,0.173334744,0.270993644,0.360373397
10.27746821,1.12E-06,8.37E-13,1.34E+06,,0.173336237,0.270993644,0.360367888
10.27761109,1.12E-06,8.37E-13,1.34E+06,,0.173337729,0.270993644,0.360362382
10.27775396,1.12E-06,8.37E-13,1.34E+06,,0.173339222,0.270993644,0.360356873
10.27789684,1.12E-06,8.37E-13,1.34E+06,,0.173340714,0.270993644,0.360351367
10.27803972,1.12E-06,8.37E-13,1.34E+06,,0.173342206,0.270993644,0.360345862
10.2781826,1.12E-06,8.37E-13,1.34E+06,,0.173343699,0.270993644,0.360340352
10.27832548,1.12E-06,8.37E-13,1.34E+06,,0.173345191,0.270993644,0.360334847
10.27846835,1.12E-06,8.37E-13,1.34E+06,,0.173346684,0.270993644,0.360329337
10.27861123,1.12E-06,8.37E-13,1.34E+06,,0.173348176,0.270993644,0.360323832
10.27875411,1.12E-06,8.37E-13,1.34E+06,,0.173349668,0.270993644,0.360318326
10.27889699,1.12E-06,8.37E-13,1.34E+06,,0.173351161,0.270993644,0.360312817
10.27903986,1.12E-06,8.37E-13,1.34E+06,,0.173352653,0.270993644,0.360307311
10.27918274,1.12E-06,8.37E-13,1.34E+06,,0.173354146,0.270993644,0.360301802
10.27932562,1.12E-06,8.37E-13,1.34E+06,,0.173355638,0.270993644,0.360296296
10.2794685,1.12E-06,8.37E-13,1.34E+06,,0.17335713,0.270993644,0.36029079
10.27961137,1.12E-06,8.37E-13,1.34E+06,,0.173358623,0.270993644,0.360285281
10.27975425,1.12E-06,8.37E-13,1.34E+06,,0.173360115,0.270993644,0.360279775
10.27989713,1.12E-06,8.37E-13,1.34E+06,,0.173361608,0.270993644,0.360274266
10.28004001,1.12E-06,8.37E-13,1.34E+06,,0.1733631,0.270993644,0.36026876
10.28018288,1.12E-06,8.37E-13,1.34E+06,,0.173364592,0.270993644,0.360263255
10.28032576,1.12E-06,8.37E-13,1.34E+06,,0.173366085,0.270993644,0.360257745
10.28046864,1.12E-06,8.37E-13,1.34E+06,,0.173367577,0.270993644,0.36025224
10.28061152,1.12E-06,8.37E-13,1.34E+06,,0.17336907,0.270993644,0.36024673
10.28075439,1.12E-06,8.37E-13,1.34E+06,,0.173370562,0.270993644,0.360241225
10.28089727,1.12E-06,8.37E-13,1.34E+06,,0.173372055,0.270993644,0.360235715
10.28104015,1.12E-06,8.37E-13,1.34E+06,,0.173373547,0.270993644,0.36023021
10.28118303,1.12E-06,8.37E-13,1.34E+06,,0.173375039,0.270993644,0.360224704
10.2813259,1.12E-06,8.37E-13,1.34E+06,,0.173376532,0.270993644,0.360219195
10.28146878,1.12E-06,8.37E-13,1.34E+06,,0.173378024,0.270993644,0.360213689
10.28161166,1.12E-06,8.37E-13,1.34E+06,,0.173379517,0.270993644,0.360208179
10.28175454,1.12E-06,8.37E-13,1.34E+06,,0.173381009,0.270993644,0.360202674
10.28189741,1.12E-06,8.37E-13,1.34E+06,,0.173382501,0.270993644,0.360197168
10.28204029,1.12E-06,8.37E-13,1.34E+06,,0.173383994,0.270993644,0.360191659
10.28218317,1.12E-06,8.37E-13,1.34E+06,,0.173385486,0.270993644,0.360186153
10.28232605,1.12E-06,8.37E-13,1.34E+06,,0.173386979,0.270993644,0.360180644
10.28246892,1.12E-06,8.37E-13,1.34E+06,,0.173388471,0.270993644,0.360175138
10.2826118,1.12E-06,8.37E-13,1.34E+06,,0.173389963,0.270993644,0.360169632
10.28275468,1.12E-06,8.37E-13,1.34E+06,,0.173391456,0.270993644,0.360164123
10.28289756,1.12E-06,8.37E-13,1.34E+06,,0.173392948,0.270993644,0.360158617
10.28304043,1.12E-06,8.37E-13,1.34E+06,,0.173394441,0.270993644,0.360153108
10.28318331,1.12E-06,8.37E-13,1.34E+06,,0.173395933,0.270993644,0.360147602
10.28332619,1.12E-06,8.37E-13,1.34E+06,,0.173397425,0.270993644,0.360142097
10.28346907,1.12E-06,8.37E-13,1.34E+06,,0.173398918,0.270993644,0.360136587
10.28361194,1.12E-06,8.37E-13,1.34E+06,,0.17340041,0.270993644,0.360131082
10.28375482,1.12E-06,8.37E-13,1.34E+06,,0.173401903,0.270993644,0.360125572
10.2838977,1.12E-06,8.37E-13,1.34E+06,,0.173403395,0.270993644,0.360120067
10.28404058,1.12E-06,8.37E-13,1.34E+06,,0.173404887,0.270993644,0.360114561
10.28418345,1.12E-06,8.37E-13,1.34E+06,,0.17340638,0.270993644,0.360109052
10.28432633,1.12E-06,8.37E-13,1.34E+06,,0.173407872,0.270993644,0.360103546
10.28446921,1.12E-06,8.37E-13,1.34E+06,,0.173409365,0.270993644,0.360098037
10.28461209,1.12E-06,8.37E-13,1.34E+06,,0.173410857,0.270993644,0.360092531
10.28475496,1.12E-06,8.37E-13,1.34E+06,,0.173412349,0.270993644,0.360087025
10.28489784,1.12E-06,8.37E-13,1.34E+06,,0.173413842,0.270993644,0.360081516
10.28504072,1.12E-06,8.37E-13,1.34E+06,,0.173415334,0.270993644,0.36007601
10.2851836,1.12E-06,8.37E-13,1.34E+06,,0.173416827,0.270993644,0.360070501
10.28532648,1.12E-06,8.37E-13,1.34E+06,,0.173418319,0.270993644,0.360064995
10.28546935,1.12E-06,8.37E-13,1.34E+06,,0.173419811,0.270993644,0.36005949
10.28561223,1.12E-06,8.37E-13,1.34E+06,,0.173421304,0.270993644,0.36005398
10.28575511,1.12E-06,8.37E-13,1.34E+06,,0.173422796,0.270993644,0.360048475
10.28589799,1.12E-06,8.37E-13,1.34E+06,,0.173424289,0.270993644,0.360042965
10.28604086,1.12E-06,8.37E-13,1.34E+06,,0.173425781,0.270993644,0.36003746
10.28618374,1.12E-06,8.37E-13,1.34E+06,,0.173427273,0.270993644,0.360031954
10.28632662,1.12E-06,8.37E-13,1.34E+06,,0.173428766,0.270993644,0.360026445
10.2864695,1.11E-06,8.37E-13,1.33E+06,,0.173430258,0.270993644,0.360020939
10.28661237,1.11E-06,8.37E-13,1.33E+06,,0.173431751,0.270993644,0.36001543
10.28675525,1.11E-06,8.37E-13,1.33E+06,,0.173433243,0.270993644,0.360009924
10.28689813,1.11E-06,8.37E-13,1.33E+06,,0.173434735,0.270993644,0.360004418
10.28704101,1.11E-06,8.37E-13,1.33E+06,,0.173436228,0.270993644,0.359998909
10.28718388,1.11E-06,8.37E-13,1.33E+06,,0.17343772,0.270993644,0.359993403
10.28732676,1.11E-06,8.37E-13,1.33E+06,,0.173439213,0.270993644,0.359987894
10.28746964,1.11E-06,8.37E-13,1.33E+06,,0.173440705,0.270993644,0.359982388
10.28761252,1.11E-06,8.37E-13,1.33E+06,,0.173442198,0.270993644,0.359976879
10.28775539,1.11E-06,8.37E-13,1.33E+06,,0.17344369,0.270993644,0.359971373
10.28789827,1.11E-06,8.37E-13,1.33E+06,,0.173445182,0.270993644,0.359965868
10.28804115,1.11E-06,8.37E-13,1.33E+06,,0.173446675,0.270993644,0.359960358
10.28818403,1.11E-06,8.37E-13,1.33E+06,,0.173448167,0.270993644,0.359954853
10.2883269,1.11E-06,8.37E-13,1.33E+06,,0.17344966,0.270993644,0.359949343
10.28846978,1.11E-06,8.37E-13,1.33E+06,,0.173451152,0.270993644,0.359943838
10.28861266,1.11E-06,8.37E-13,1.33E+06,,0.173452644,0.270993644,0.359938332
10.28875554,1.11E-06,8.37E-13,1.33E+06,,0.173454137,0.270993644,0.359932822
10.28889841,1.11E-06,8.37E-13,1.33E+06,,0.173455629,0.270993644,0.359927317
10.28904129,1.11E-06,8.37E-13,1.33E+06,,0.173457122,0.270993644,0.359921807
10.28918417,1.11E-06,8.37E-13,1.33E+06,,0.173458614,0.270993644,0.359916302
10.28932705,1.11E-06,8.37E-13,1.33E+06,,0.173460106,0.270993644,0.359910796
10.28946992,1.11E-06,8.37E-13,1.33E+06,,0.173461599,0.270993644,0.359905287
10.2896128,1.11E-06,8.37E-13,1.33E+06,,0.173463091,0.270993644,0.359899781
10.28975568,1.11E-06,8.37E-13,1.33E+06,,0.173464584,0.270993644,0.359894272
10.28989856,1.11E-06,8.37E-13,1.33E+06,,0.173466076,0.270993644,0.359888766
10.29004143,1.11E-06,8.37E-13,1.33E+06,,0.173467568,0.270993644,0.35988326
10.29018431,1.11E-06,8.37E-13,1.33E+06,,0.173469061,0.270993644,0.359877751
10.29032719,1.11E-06,8.37E-13,1.33E+06,,0.173470553,0.270993644,0.359872245
10.29047007,1.11E-06,8.37E-13,1.33E+06,,0.173472046,0.270993644,0.359866736
10.29061294,1.11E-06,8.37E-13,1.33E+06,,0.173473538,0.270993644,0.35986123
10.29075582,1.11E-06,8.37E-13,1.33E+06,,0.17347503,0.270993644,0.359855725
10.2908987,1.11E-06,8.37E-13,1.33E+06,,0.173476523,0.270993644,0.359850215
10.29104158,1.11E-06,8.37E-13,1.33E+06,,0.173478015,0.270993644,0.35984471
10.29118445,1.11E-06,8.37E-13,1.33E+06,,0.173479508,0.270993644,0.3598392
10.29132733,1.11E-06,8.37E-13,1.33E+06,,0.173481,0.270993644,0.359833695
10.29147021,1.11E-06,8.37E-13,1.33E+06,,0.173482492,0.270993644,0.359828189
10.29161309,1.11E-06,8.37E-13,1.33E+06,,0.173483985,0.270993644,0.35982268
10.29175597,1.11E-06,8.37E-13,1.33E+06,,0.173485477,0.270993644,0.359817174
10.29189884,1.11E-06,8.37E-13,1.33E+06,,0.17348697,0.270993644,0.359811665
10.29204172,1.11E-06,8.37E-13,1.33E+06,,0.173488462,0.270993644,0.359806159
10.2921846,1.11E-06,8.37E-13,1.33E+06,,0.173489954,0.270993644,0.359800653
10.29232748,1.11E-06,8.37E-13,1.33E+06,,0.173491447,0.270993644,0.359795144
10.29247035,1.11E-06,8.37E-13,1.33E+06,,0.173492939,0.270993644,0.359789638
10.29261323,1.11E-06,8.37E-13,1.33E+06,,0.173494432,0.270993644,0.359784129
10.29275611,1.11E-06,8.37E-13,1.33E+06,,0.173495924,0.270993644,0.359778623
10.29289899,1.11E-06,8.37E-13,1.33E+06,,0.173497416,0.270993644,0.359773118
10.29304186,1.11E-06,8.37E-13,1.33E+06,,0.173498909,0.270993644,0.359767608
10.29318474,1.11E-06,8.37E-13,1.33E+06,,0.173500401,0.270993644,0.359762103
10.29332762,1.11E-06,8.37E-13,1.33E+06,,0.173501894,0.270993644,0.359756593
10.2934705,1.11E-06,8.37E-13,1.33E+06,,0.173503386,0.270993644,0.359751088
10.29361337,1.11E-06,8.37E-13,1.33E+06,,0.173504879,0.270993644,0.359745578
10.29375625,1.11E-06,8.37E-13,1.33E+06,,0.173506371,0.270993644,0.359740073
10.29389913,1.11E-06,8.37E-13,1.33E+06,,0.173507863,0.270993644,0.359734567
10.29404201,1.11E-06,8.37E-13,1.33E+06,,0.173509356,0.270993644,0.359729058
10.29418488,1.11E-06,8.37E-13,1.33E+06,,0.173510848,0.270993644,0.359723552
10.29432776,1.11E-06,8.37E-13,1.33E+06,,0.173512341,0.270993644,0.359718043
10.29447064,1.11E-06,8.37E-13,1.33E+06,,0.173513833,0.270993644,0.359712537
10.29461352,1.11E-06,8.37E-13,1.33E+06,,0.173515325,0.270993644,0.359707031
10.29475639,1.11E-06,8.37E-13,1.33E+06,,0.173516818,0.270993644,0.359701522
10.29489927,1.11E-06,8.37E-13,1.33E+06,,0.17351831,0.270993644,0.359696016
10.29504215,1.11E-06,8.37E-13,1.33E+06,,0.173519803,0.270993644,0.359690507
10.29518503,1.11E-06,8.37E-13,1.33E+06,,0.173521295,0.270993644,0.359685001
10.2953279,1.11E-06,8.37E-13,1.33E+06,,0.173522787,0.270993644,0.359679496
10.29547078,1.10E-06,8.37E-13,1.31E+06,,0.17352428,0.270993644,0.359673986
10.29561366,1.10E-06,8.37E-13,1.31E+06,,0.173525772,0.270993644,0.35966848
10.29575654,1.10E-06,8.37E-13,1.31E+06,,0.173527265,0.270993644,0.359662971
10.29589941,1.10E-06,8.37E-13,1.31E+06,,0.173528757,0.270993644,0.359657465
10.29604229,1.10E-06,8.37E-13,1.31E+06,,0.173530249,0.270993644,0.35965196
10.29618517,1.10E-06,8.37E-13,1.31E+06,,0.173531742,0.270993644,0.35964645
10.29632805,1.10E-06,8.37E-13,1.31E+06,,0.173533234,0.270993644,0.359640945
10.29647092,1.10E-06,8.37E-13,1.31E+06,,0.173534727,0.270993644,0.359635435
10.2966138,1.10E-06,8.37E-13,1.31E+06,,0.173536219,0.270993644,0.35962993
10.29675668,1.10E-06,8.37E-13,1.31E+06,,0.173537711,0.270993644,0.359624424
10.29689956,1.10E-06,8.37E-13,1.31E+06,,0.173539204,0.270993644,0.359618915
10.29704243,1.10E-06,8.37E-13,1.31E+06,,0.173540696,0.270993644,0.359613409
10.29718531,1.10E-06,8.37E-13,1.31E+06,,0.173542189,0.270993644,0.3596079
10.29732819,1.10E-06,8.37E-13,1.31E+06,,0.173543681,0.270993644,0.359602394
10.29747107,1.10E-06,8.37E-13,1.31E+06,,0.173545173,0.270993644,0.359596888
10.29761394,1.10E-06,8.37E-13,1.31E+06,,0.173546666,0.270993644,0.359591379
10.29775682,1.10E-06,8.37E-13,1.31E+06,,0.173548158,0.270993644,0.359585873
10.2978997,1.10E-06,8.37E-13,1.31E+06,,0.173549651,0.270993644,0.359580364
10.29804258,1.10E-06,8.37E-13,1.31E+06,,0.173551143,0.270993644,0.359574858
10.29818546,1.10E-06,8.37E-13,1.31E+06,,0.173552635,0.270993644,0.359569353
10.29832833,1.10E-06,8.37E-13,1.31E+06,,0.173554128,0.270993644,0.359563843
10.29847121,1.10E-06,8.37E-13,1.31E+06,,0.17355562,0.270993644,0.359558338
10.29861409,1.10E-06,8.37E-13,1.31E+06,,0.173557113,0.270993644,0.359552828
10.29875697,1.10E-06,8.37E-13,1.31E+06,,0.173558605,0.270993644,0.359547323
10.29889984,1.10E-06,8.37E-13,1.31E+06,,0.173560097,0.270993644,0.359541817
10.29904272,1.10E-06,8.37E-13,1.31E+06,,0.17356159,0.270993644,0.359536308
10.2991856,1.10E-06,8.37E-13,1.31E+06,,0.173563082,0.270993644,0.359530802
10.29932848,1.10E-06,8.37E-13,1.31E+06,,0.173564575,0.270993644,0.359525293
10.29947135,1.10E-06,8.37E-13,1.31E+06,,0.173566067,0.270993644,0.359519787
10.29961423,1.10E-06,8.37E-13,1.31E+06,,0.17356756,0.270993644,0.359514278
10.29975711,1.10E-06,8.37E-13,1.31E+06,,0.173569052,0.270993644,0.359508772
10.29989999,1.10E-06,8.37E-13,1.31E+06,,0.173570544,0.270993644,0.359503266
10.30004286,1.10E-06,8.37E-13,1.31E+06,,0.173572113,0.270993644,0.359497476
10.30018574,1.10E-06,8.37E-13,1.31E+06,,0.173573858,0.270993644,0.359491037
10.30032862,1.10E-06,8.37E-13,1.31E+06,,0.173575604,0.270993644,0.359484594
10.3004715,1.10E-06,8.37E-13,1.31E+06,,0.173577349,0.270993644,0.359478155
10.30061437,1.10E-06,8.37E-13,1.31E+06,,0.173579095,0.270993644,0.359471712
10.30075725,1.10E-06,8.37E-13,1.31E+06,,0.17358084,0.270993644,0.359465273
10.30090013,1.10E-06,8.37E-13,1.31E+06,,0.173582586,0.270993644,0.35945883
10.30104301,1.10E-06,8.37E-13,1.31E+06,,0.173584331,0.270993644,0.359452391
10.30118588,1.10E-06,8.37E-13,1.31E+06,,0.173586077,0.270993644,0.359445948
10.30132876,1.10E-06,8.37E-13,1.31E+06,,0.173587822,0.270993644,0.359439508
10.30147164,1.10E-06,8.37E-13,1.31E+06,,0.173589568,0.270993644,0.359433065
10.30161452,1.10E-06,8.37E-13,1.31E+06,,0.173591313,0.270993644,0.359426626
10.30175739,1.10E-06,8.37E-13,1.31E+06,,0.173593059,0.270993644,0.359420183
10.30190027,1.10E-06,8.37E-13,1.31E+06,,0.173594804,0.270993644,0.359413744
10.30204315,1.10E-06,8.37E-13,1.31E+06,,0.17359655,0.270993644,0.359407301
10.30218603,1.10E-06,8.37E-13,1.31E+06,,0.173598295,0.270993644,0.359400862
10.3023289,1.10E-06,8.37E-13,1.31E+06,,0.173600041,0.270993644,0.359394419
10.30247178,1.10E-06,8.37E-13,1.31E+06,,0.173601786,0.270993644,0.359387979
10.30261466,1.10E-06,8.37E-13,1.31E+06,,0.173603532,0.270993644,0.359381536
10.30275754,1.10E-06,8.37E-13,1.31E+06,,0.173605277,0.270993644,0.359375097
10.30290041,1.10E-06,8.37E-13,1.31E+06,,0.173607023,0.270993644,0.359368654
10.30304329,1.10E-06,8.37E-13,1.31E+06,,0.173608768,0.270993644,0.359362215
10.30318617,1.10E-06,8.37E-13,1.31E+06,,0.173610514,0.270993644,0.359355772
10.30332905,1.10E-06,8.37E-13,1.31E+06,,0.173612259,0.270993644,0.359349333
10.30347192,1.10E-06,8.37E-13,1.31E+06,,0.173614005,0.270993644,0.35934289
10.3036148,1.10E-06,8.37E-13,1.31E+06,,0.17361575,0.270993644,0.359336451
10.30375768,1.10E-06,8.37E-13,1.31E+06,,0.173617496,0.270993644,0.359330008
10.30390056,1.10E-06,8.37E-13,1.31E+06,,0.173619241,0.270993644,0.359323568
10.30404343,1.10E-06,8.37E-13,1.31E+06,,0.173620987,0.270993644,0.359317125
10.30418631,1.10E-06,8.37E-13,1.31E+06,,0.173622732,0.270993644,0.359310686
10.30432919,1.10E-06,8.37E-13,1.31E+06,,0.173624478,0.270993644,0.359304243
10.30447207,1.10E-06,8.37E-13,1.31E+06,,0.173626223,0.270993644,0.359297804
10.30461494,1.10E-06,8.37E-13,1.31E+06,,0.173627969,0.270993644,0.359291361
10.30475782,1.10E-06,8.37E-13,1.31E+06,,0.173629715,0.270993644,0.359284918
10.3049007,1.10E-06,8.37E-13,1.31E+06,,0.17363146,0.270993644,0.359278479
10.30504358,1.10E-06,8.37E-13,1.31E+06,,0.173633206,0.270993644,0.359272036
10.30518646,1.10E-06,8.37E-13,1.31E+06,,0.173634951,0.270993644,0.359265597
10.30532933,1.10E-06,8.37E-13,1.31E+06,,0.173636697,0.270993644,0.359259154
10.30547221,1.10E-06,8.37E-13,1.31E+06,,0.173638442,0.270993644,0.359252714
10.30561509,1.09E-06,8.37E-13,1.30E+06,,0.173640188,0.270993644,0.359246271
10.30575797,1.09E-06,8.37E-13,1.30E+06,,0.173641933,0.270993644,0.359239832
10.30590084,1.09E-06,8.37E-13,1.30E+06,,0.173643679,0.270993644,0.359233389
10.30604372,1.09E-06,8.37E-13,1.30E+06,,0.173645424,0.270993644,0.35922695
10.3061866,1.09E-06,8.37E-13,1.30E+06,,0.17364717,0.270993644,0.359220507
10.30632948,1.09E-06,8.37E-13,1.30E+06,,0.173648915,0.270993644,0.359214068
10.30647235,1.09E-06,8.37E-13,1.30E+06,,0.173650661,0.270993644,0.359207625
10.30661523,1.09E-06,8.37E-13,1.30E+06,,0.173652406,0.270993644,0.359201185
10.30675811,1.09E-06,8.37E-13,1.30E+06,,0.173654152,0.270993644,0.359194742
10.30690099,1.09E-06,8.37E-13,1.30E+06,,0.173655897,0.270993644,0.359188303
10.30704386,1.09E-06,8.37E-13,1.30E+06,,0.173657643,0.270993644,0.35918186
10.30718674,1.09E-06,8.37E-13,1.30E+06,,0.173659388,0.270993644,0.359175421
10.30732962,1.09E-06,8.37E-13,1.30E+06,,0.173661134,0.270993644,0.359168978
10.3074725,1.09E-06,8.37E-13,1.30E+06,,0.173662879,0.270993644,0.359162539
10.30761537,1.09E-06,8.37E-13,1.30E+06,,0.173664625,0.270993644,0.359156096
10.30775825,1.09E-06,8.37E-13,1.30E+06,,0.17366637,0.270993644,0.359149657
10.30790113,1.09E-06,8.37E-13,1.30E+06,,0.173668116,0.270993644,0.359143214
10.30804401,1.09E-06,8.37E-13,1.30E+06,,0.173669861,0.270993644,0.359136774
10.30818688,1.09E-06,8.37E-13,1.30E+06,,0.173671607,0.270993644,0.359130331
10.30832976,1.09E-06,8.37E-13,1.30E+06,,0.173673352,0.270993644,0.359123892
10.30847264,1.09E-06,8.37E-13,1.30E+06,,0.173675098,0.270993644,0.359117449
10.30861552,1.09E-06,8.37E-13,1.30E+06,,0.173676843,0.270993644,0.35911101
10.30875839,1.09E-06,8.37E-13,1.30E+06,,0.173678589,0.270993644,0.359104567
10.30890127,1.09E-06,8.37E-13,1.30E+06,,0.173680334,0.270993644,0.359098128
10.30904415,1.09E-06,8.37E-13,1.30E+06,,0.17368208,0.270993644,0.359091685
10.30918703,1.09E-06,8.37E-13,1.30E+06,,0.173683825,0.270993644,0.359085245
10.3093299,1.09E-06,8.37E-13,1.30E+06,,0.173685571,0.270993644,0.359078802
10.30947278,1.09E-06,8.37E-13,1.30E+06,,0.173687316,0.270993644,0.359072363
10.30961566,1.09E-06,8.37E-13,1.30E+06,,0.173689062,0.270993644,0.35906592
10.30975854,1.09E-06,8.37E-13,1.30E+06,,0.173690807,0.270993644,0.359059481
10.30990141,1.09E-06,8.37E-13,1.30E+06,,0.173692553,0.270993644,0.359053038
10.31004429,1.09E-06,8.37E-13,1.30E+06,,0.173694298,0.270993644,0.359046599
10.31018717,1.09E-06,8.37E-13,1.30E+06,,0.173696044,0.270993644,0.359040156
10.31033005,1.09E-06,8.37E-13,1.30E+06,,0.173697789,0.270993644,0.359033717
10.31047292,1.09E-06,8.37E-13,1.30E+06,,0.173699535,0.270993644,0.359027274
10.3106158,1.09E-06,8.37E-13,1.30E+06,,0.17370128,0.270993644,0.359020834
10.31075868,1.09E-06,8.37E-13,1.30E+06,,0.173703026,0.270993644,0.359014391
10.31090156,1.09E-06,8.37E-13,1.30E+06,,0.173704771,0.270993644,0.359007952
10.31104443,1.09E-06,8.37E-13,1.30E+06,,0.173706517,0.270993644,0.359001509
10.31118731,1.09E-06,8.37E-13,1.30E+06,,0.173708262,0.270993644,0.35899507
10.31133019,1.09E-06,8.37E-13,1.30E+06,,0.173710008,0.270993644,0.358988627
10.31147307,1.09E-06,8.37E-13,1.30E+06,,0.173711754,0.270993644,0.358982184
10.31161595,1.09E-06,8.37E-13,1.30E+06,,0.173713499,0.270993644,0.358975745
10.31175882,1.09E-06,8.37E-13,1.30E+06,,0.173715245,0.270993644,0.358969302
10.3119017,1.09E-06,8.37E-13,1.30E+06,,0.17371699,0.270993644,0.358962862
10.31204458,1.09E-06,8.37E-13,1.30E+06,,0.173718736,0.270993644,0.35895642
10.31218746,1.09E-06,8.37E-13,1.30E+06,,0.173720481,0.270993644,0.35894998
10.31233033,1.09E-06,8.37E-13,1.30E+06,,0.173722227,0.270993644,0.358943537
10.31247321,1.09E-06,8.37E-13,1.30E+06,,0.173723972,0.270993644,0.358937098
10.31261609,1.09E-06,8.37E-13,1.30E+06,,0.173725718,0.270993644,0.358930655
10.31275897,1.09E-06,8.37E-13,1.30E+06,,0.173727463,0.270993644,0.358924216
10.31290184,1.09E-06,8.37E-13,1.30E+06,,0.173729209,0.270993644,0.358917773
10.31304472,1.09E-06,8.37E-13,1.30E+06,,0.173730954,0.270993644,0.358911334
10.3131876,1.09E-06,8.37E-13,1.30E+06,,0.1737327,0.270993644,0.358904891
10.31333048,1.09E-06,8.37E-13,1.30E+06,,0.173734445,0.270993644,0.358898451
10.31347335,1.09E-06,8.37E-13,1.30E+06,,0.173736191,0.270993644,0.358892008
10.31361623,1.09E-06,8.37E-13,1.30E+06,,0.173737936,0.270993644,0.358885569
10.31375911,1.09E-06,8.37E-13,1.30E+06,,0.173739682,0.270993644,0.358879126
10.31390199,1.09E-06,8.37E-13,1.30E+06,,0.173741427,0.270993644,0.358872687
10.31404486,1.09E-06,8.37E-13,1.30E+06,,0.173743173,0.270993644,0.358866244
10.31418774,1.09E-06,8.37E-13,1.30E+06,,0.173744918,0.270993644,0.358859805
10.31433062,1.09E-06,8.37E-13,1.30E+06,,0.173746664,0.270993644,0.358853362
10.3144735,1.09E-06,8.37E-13,1.30E+06,,0.173748409,0.270993644,0.358846922
10.31461637,1.09E-06,8.37E-13,1.30E+06,,0.173750155,0.270993644,0.35884048
10.31475925,1.09E-06,8.37E-13,1.30E+06,,0.1737519,0.270993644,0.35883404
10.31490213,1.09E-06,8.37E-13,1.30E+06,,0.173753646,0.270993644,0.358827597
10.31504501,1.09E-06,8.37E-13,1.30E+06,,0.173755391,0.270993644,0.358821158
10.31518788,1.09E-06,8.37E-13,1.30E+06,,0.173757137,0.270993644,0.358814715
10.31533076,1.09E-06,8.37E-13,1.30E+06,,0.173758882,0.270993644,0.358808276
10.31547364,1.09E-06,8.37E-13,1.30E+06,,0.173760628,0.270993644,0.358801833
10.31561652,1.09E-06,8.37E-13,1.30E+06,,0.173762373,0.270993644,0.358795394
10.31575939,1.09E-06,8.37E-13,1.30E+06,,0.173764119,0.270993644,0.358788951
10.31590227,1.09E-06,8.37E-13,1.30E+06,,0.173765864,0.270993644,0.358782511
10.31604515,1.09E-06,8.37E-13,1.30E+06,,0.17376761,0.270993644,0.358776068
10.31618803,1.09E-06,8.37E-13,1.30E+06,,0.173769355,0.270993644,0.358769629
10.3163309,1.09E-06,8.37E-13,1.30E+06,,0.173771101,0.270993644,0.358763186
10.31647378,1.09E-06,8.37E-13,1.30E+06,,0.173772846,0.270993644,0.358756747
10.31661666,1.09E-06,8.37E-13,1.30E+06,,0.173774592,0.270993644,0.358750304
10.31675954,1.08E-06,8.37E-13,1.29E+06,,0.173776337,0.270993644,0.358743865
10.31690241,1.08E-06,8.37E-13,1.29E+06,,0.173778083,0.270993644,0.358737422
10.31704529,1.08E-06,8.37E-13,1.29E+06,,0.173779828,0.270993644,0.358730982
10.31718817,1.08E-06,8.37E-13,1.29E+06,,0.173781574,0.270993644,0.35872454
10.31733105,1.08E-06,8.37E-13,1.29E+06,,0.173783319,0.270993644,0.3587181
10.31747392,1.08E-06,8.37E-13,1.29E+06,,0.173785065,0.270993644,0.358711657
10.3176168,1.08E-06,8.37E-13,1.29E+06,,0.17378681,0.270993644,0.358705218
10.31775968,1.08E-06,8.37E-13,1.29E+06,,0.173788556,0.270993644,0.358698775
10.31790256,1.08E-06,8.37E-13,1.29E+06,,0.173790302,0.270993644,0.358692332
10.31804544,1.08E-06,8.37E-13,1.29E+06,,0.173792047,0.270993644,0.358685893
10.31818831,1.08E-06,8.37E-13,1.29E+06,,0.173793793,0.270993644,0.35867945
10.31833119,1.08E-06,8.37E-13,1.29E+06,,0.173795538,0.270993644,0.358673011
10.31847407,1.08E-06,8.37E-13,1.29E+06,,0.173797284,0.270993644,0.358666568
10.31861695,1.08E-06,8.37E-13,1.29E+06,,0.173799029,0.270993644,0.358660128
10.31875982,1.08E-06,8.37E-13,1.29E+06,,0.173800775,0.270993644,0.358653685
10.3189027,1.08E-06,8.37E-13,1.29E+06,,0.17380252,0.270993644,0.358647246
10.31904558,1.08E-06,8.37E-13,1.29E+06,,0.173804266,0.270993644,0.358640803
10.31918846,1.08E-06,8.37E-13,1.29E+06,,0.173806011,0.270993644,0.358634364
10.31933133,1.08E-06,8.37E-13,1.29E+06,,0.173807757,0.270993644,0.358627921
10.31947421,1.08E-06,8.37E-13,1.29E+06,,0.173809502,0.270993644,0.358621482
10.31961709,1.08E-06,8.37E-13,1.29E+06,,0.173811248,0.270993644,0.358615039
10.31975997,1.08E-06,8.37E-13,1.29E+06,,0.173812993,0.270993644,0.3586086
10.31990284,1.08E-06,8.37E-13,1.29E+06,,0.173814739,0.270993644,0.358602157
10.32004572,1.08E-06,8.37E-13,1.29E+06,,0.173816484,0.270993644,0.358595717
10.3201886,1.08E-06,8.37E-13,1.29E+06,,0.17381823,0.270993644,0.358589274
10.32033148,1.08E-06,8.37E-13,1.29E+06,,0.173819975,0.270993644,0.358582835
10.32047435,1.08E-06,8.37E-13,1.29E+06,,0.173821721,0.270993644,0.358576392
10.32061723,1.08E-06,8.37E-13,1.29E+06,,0.173823466,0.270993644,0.358569953
10.32076011,1.08E-06,8.37E-13,1.29E+06,,0.173825212,0.270993644,0.35856351
10.32090299,1.08E-06,8.37E-13,1.29E+06,,0.173826957,0.270993644,0.358557071
10.32104586,1.08E-06,8.37E-13,1.29E+06,,0.173828703,0.270993644,0.358550628
10.32118874,1.08E-06,8.37E-13,1.29E+06,,0.173830448,0.270993644,0.358544188
10.32133162,1.08E-06,8.37E-13,1.29E+06,,0.173832194,0.270993644,0.358537745
10.3214745,1.08E-06,8.37E-13,1.29E+06,,0.173833939,0.270993644,0.358531306
10.32161737,1.08E-06,8.37E-13,1.29E+06,,0.173835685,0.270993644,0.358524863
10.32176025,1.08E-06,8.37E-13,1.29E+06,,0.17383743,0.270993644,0.358518424
10.32190313,1.08E-06,8.37E-13,1.29E+06,,0.173839176,0.270993644,0.358511981
10.32204601,1.08E-06,8.37E-13,1.29E+06,,0.173840921,0.270993644,0.358505542
10.32218888,1.08E-06,8.37E-13,1.29E+06,,0.173842667,0.270993644,0.358499099
10.32233176,1.08E-06,8.37E-13,1.29E+06,,0.173844412,0.270993644,0.35849266
10.32247464,1.08E-06,8.37E-13,1.29E+06,,0.173846158,0.270993644,0.358486217
10.32261752,1.08E-06,8.37E-13,1.29E+06,,0.173847903,0.270993644,0.358479777
10.32276039,1.08E-06,8.37E-13,1.29E+06,,0.173849649,0.270993644,0.358473334
10.32290327,1.08E-06,8.37E-13,1.29E+06,,0.173851394,0.270993644,0.358466895
10.32304615,1.08E-06,8.37E-13,1.29E+06,,0.17385314,0.270993644,0.358460452
10.32318903,1.08E-06,8.37E-13,1.29E+06,,0.173854885,0.270993644,0.358454013
10.3233319,1.08E-06,8.37E-13,1.29E+06,,0.173856631,0.270993644,0.35844757
10.32347478,1.08E-06,8.37E-13,1.29E+06,,0.173858376,0.270993644,0.358441131
10.32361766,1.08E-06,8.37E-13,1.29E+06,,0.173860122,0.270993644,0.358434688
10.32376054,1.08E-06,8.37E-13,1.29E+06,,0.173861867,0.270993644,0.358428248
10.32390341,1.08E-06,8.37E-13,1.29E+06,,0.173863613,0.270993644,0.358421806
10.32404629,1.08E-06,8.37E-13,1.29E+06,,0.173865358,0.270993644,0.358415366
10.32418917,1.08E-06,8.37E-13,1.29E+06,,0.173867104,0.270993644,0.358408923
10.32433205,1.08E-06,8.37E-13,1.29E+06,,0.173868849,0.270993644,0.358402484
10.32447492,1.08E-06,8.37E-13,1.29E+06,,0.173870595,0.270993644,0.358396041
10.3246178,1.08E-06,8.37E-13,1.29E+06,,0.173872341,0.270993644,0.358389598
10.32476068,1.08E-06,8.37E-13,1.29E+06,,0.173874086,0.270993644,0.358383159
10.32490356,1.08E-06,8.37E-13,1.29E+06,,0.173875832,0.270993644,0.358376716
10.32504644,1.08E-06,8.37E-13,1.29E+06,,0.173877577,0.270993644,0.358370277
10.32518931,1.08E-06,8.37E-13,1.29E+06,,0.173879323,0.270993644,0.358363834
10.32533219,1.08E-06,8.37E-13,1.29E+06,,0.173881068,0.270993644,0.358357394
10.32547507,1.08E-06,8.37E-13,1.29E+06,,0.173882814,0.270993644,0.358350951
10.32561795,1.08E-06,8.37E-13,1.29E+06,,0.173884559,0.270993644,0.358344512
10.32576082,1.08E-06,8.37E-13,1.29E+06,,0.173886305,0.270993644,0.358338069
10.3259037,1.08E-06,8.37E-13,1.29E+06,,0.17388805,0.270993644,0.35833163
10.32604658,1.08E-06,8.37E-13,1.29E+06,,0.173889796,0.270993644,0.358325187
10.32618946,1.08E-06,8.37E-13,1.29E+06,,0.173891541,0.270993644,0.358318748
10.32633233,1.08E-06,8.37E-13,1.29E+06,,0.173893287,0.270993644,0.358312305
10.32647521,1.08E-06,8.37E-13,1.29E+06,,0.173895032,0.270993644,0.358305866
10.32661809,1.08E-06,8.37E-13,1.29E+06,,0.173896778,0.270993644,0.358299423
10.32676097,1.08E-06,8.37E-13,1.29E+06,,0.173898523,0.270993644,0.358292983
10.32690384,1.08E-06,8.37E-13,1.29E+06,,0.173900269,0.270993644,0.35828654
10.32704672,1.08E-06,8.37E-13,1.29E+06,,0.173902014,0.270993644,0.358280101
10.3271896,1.08E-06,8.37E-13,1.29E+06,,0.17390376,0.270993644,0.358273658
10.32733248,1.08E-06,8.37E-13,1.29E+06,,0.173905505,0.270993644,0.358267219
10.32747535,1.08E-06,8.37E-13,1.29E+06,,0.173907251,0.270993644,0.358260776
10.32761823,1.08E-06,8.37E-13,1.29E+06,,0.173908996,0.270993644,0.358254337
10.32776111,1.08E-06,8.37E-13,1.29E+06,,0.173910742,0.270993644,0.358247894
10.32790399,1.07E-06,8.37E-13,1.28E+06,,0.173912487,0.270993644,0.358241454
10.32804686,1.07E-06,8.37E-13,1.28E+06,,0.173914233,0.270993644,0.358235011
10.32818974,1.07E-06,8.37E-13,1.28E+06,,0.173915978,0.270993644,0.358228572
10.32833262,1.07E-06,8.37E-13,1.28E+06,,0.173917724,0.270993644,0.358222129
10.3284755,1.07E-06,8.37E-13,1.28E+06,,0.173919469,0.270993644,0.35821569
10.32861837,1.07E-06,8.37E-13,1.28E+06,,0.173921215,0.270993644,0.358209247
10.32876125,1.07E-06,8.37E-13,1.28E+06,,0.17392296,0.270993644,0.358202808
10.32890413,1.07E-06,8.37E-13,1.28E+06,,0.173924706,0.270993644,0.358196365
10.32904701,1.07E-06,8.37E-13,1.28E+06,,0.173926451,0.270993644,0.358189926
10.32918988,1.07E-06,8.37E-13,1.28E+06,,0.173928197,0.270993644,0.358183483
10.32933276,1.07E-06,8.37E-13,1.28E+06,,0.173929942,0.270993644,0.358177043
10.32947564,1.07E-06,8.37E-13,1.28E+06,,0.173931688,0.270993644,0.3581706
10.32961852,1.07E-06,8.37E-13,1.28E+06,,0.173933433,0.270993644,0.358164161
10.32976139,1.07E-06,8.37E-13,1.28E+06,,0.173935179,0.270993644,0.358157718
10.32990427,1.07E-06,8.37E-13,1.28E+06,,0.173936924,0.270993644,0.358151279
10.33004715,1.07E-06,8.37E-13,1.28E+06,,0.17393867,0.270993644,0.358144836
10.33019003,1.07E-06,8.37E-13,1.28E+06,,0.173940415,0.270993644,0.358138397
10.3303329,1.07E-06,8.37E-13,1.28E+06,,0.173942161,0.270993644,0.358131954
10.33047578,1.07E-06,8.37E-13,1.28E+06,,0.173943906,0.270993644,0.358125514
10.33061866,1.07E-06,8.37E-13,1.28E+06,,0.173945652,0.270993644,0.358119071
10.33076154,1.07E-06,8.37E-13,1.28E+06,,0.173947397,0.270993644,0.358112632
10.33090441,1.07E-06,8.37E-13,1.28E+06,,0.173949143,0.270993644,0.358106189
10.33104729,1.07E-06,8.37E-13,1.28E+06,,0.173950888,0.270993644,0.35809975
10.33119017,1.07E-06,8.37E-13,1.28E+06,,0.173952634,0.270993644,0.358093307
10.33133305,1.07E-06,8.37E-13,1.28E+06,,0.17395438,0.270993644,0.358086864
10.33147593,1.07E-06,8.37E-13,1.28E+06,,0.173956125,0.270993644,0.358080425
10.3316188,1.07E-06,8.37E-13,1.28E+06,,0.173957871,0.270993644,0.358073982
10.33176168,1.07E-06,8.37E-13,1.28E+06,,0.173959616,0.270993644,0.358067543
10.33190456,1.07E-06,8.37E-13,1.28E+06,,0.173961362,0.270993644,0.3580611
10.33204744,1.07E-06,8.37E-13,1.28E+06,,0.173963107,0.270993644,0.35805466
10.33219031,1.07E-06,8.37E-13,1.28E+06,,0.173964853,0.270993644,0.358048217
10.33233319,1.07E-06,8.37E-13,1.28E+06,,0.173966598,0.270993644,0.358041778
10.33247607,1.07E-06,8.37E-13,1.28E+06,,0.173968344,0.270993644,0.358035335
10.33261895,1.07E-06,8.37E-13,1.28E+06,,0.173970089,0.270993644,0.358028896
10.33276182,1.07E-06,8.37E-13,1.28E+06,,0.173971835,0.270993644,0.358022453
10.3329047,1.07E-06,8.37E-13,1.28E+06,,0.17397358,0.270993644,0.358016014
10.33304758,1.07E-06,8.37E-13,1.28E+06,,0.173975326,0.270993644,0.358009571
10.33319046,1.07E-06,8.37E-13,1.28E+06,,0.173977071,0.270993644,0.358003131
10.33333333,1.07E-06,8.37E-13,1.28E+06,,0.173978817,0.270993644,0.357996689
10.33347621,1.07E-06,8.37E-13,1.28E+06,,0.173980562,0.270993644,0.357990249
10.33361909,1.07E-06,8.37E-13,1.28E+06,,0.173982308,0.270993644,0.357983806
10.33376197,1.07E-06,8.37E-13,1.28E+06,,0.173984053,0.270993644,0.357977367
10.33390484,1.07E-06,8.37E-13,1.28E+06,,0.173985799,0.270993644,0.357970924
10.33404772,1.07E-06,8.37E-13,1.28E+06,,0.173987544,0.270993644,0.357964485
10.3341906,1.07E-06,8.37E-13,1.28E+06,,0.17398929,0.270993644,0.357958042
10.33433348,1.07E-06,8.37E-13,1.28E+06,,0.173991035,0.270993644,0.357951603
10.33447635,1.07E-06,8.37E-13,1.28E+06,,0.173992781,0.270993644,0.35794516
10.33461923,1.07E-06,8.37E-13,1.28E+06,,0.173994526,0.270993644,0.35793872
10.33476211,1.07E-06,8.37E-13,1.28E+06,,0.173996272,0.270993644,0.357932277
10.33490499,1.07E-06,8.37E-13,1.28E+06,,0.173998017,0.270993644,0.357925838
10.33504786,1.07E-06,8.37E-13,1.28E+06,,0.173999763,0.270993644,0.357919395
10.33519074,1.07E-06,8.37E-13,1.28E+06,,0.174001508,0.270993644,0.357912956
10.33533362,1.07E-06,8.37E-13,1.28E+06,,0.174003254,0.270993644,0.357906513
10.3354765,1.07E-06,8.37E-13,1.28E+06,,0.174004999,0.270993644,0.357900074
10.33561937,1.07E-06,8.37E-13,1.28E+06,,0.174006745,0.270993644,0.357893631
10.33576225,1.07E-06,8.37E-13,1.28E+06,,0.17400849,0.270993644,0.357887191
10.33590513,1.07E-06,8.37E-13,1.28E+06,,0.174010236,0.270993644,0.357880749
10.33604801,1.07E-06,8.37E-13,1.28E+06,,0.174011981,0.270993644,0.357874309
10.33619088,1.07E-06,8.37E-13,1.28E+06,,0.174013727,0.270993644,0.357867866
10.33633376,1.07E-06,8.37E-13,1.28E+06,,0.174015472,0.270993644,0.357861427
10.33647664,1.07E-06,8.37E-13,1.28E+06,,0.174017218,0.270993644,0.357854984
10.33661952,1.07E-06,8.37E-13,1.28E+06,,0.174018963,0.270993644,0.357848545
10.33676239,1.07E-06,8.37E-13,1.28E+06,,0.174020709,0.270993644,0.357842102
10.33690527,1.07E-06,8.37E-13,1.28E+06,,0.174022454,0.270993644,0.357835663
10.33704815,1.07E-06,8.37E-13,1.28E+06,,0.1740242,0.270993644,0.35782922
10.33719103,1.07E-06,8.37E-13,1.28E+06,,0.174025945,0.270993644,0.35782278
10.3373339,1.07E-06,8.37E-13,1.28E+06,,0.174027691,0.270993644,0.357816337
10.33747678,1.07E-06,8.37E-13,1.28E+06,,0.174029436,0.270993644,0.357809898
10.33761966,1.07E-06,8.37E-13,1.28E+06,,0.174031182,0.270993644,0.357803455
10.33776254,1.07E-06,8.37E-13,1.28E+06,,0.174032928,0.270993644,0.357797012
10.33790542,1.07E-06,8.37E-13,1.28E+06,,0.174034673,0.270993644,0.357790573
10.33804829,1.07E-06,8.37E-13,1.28E+06,,0.174036419,0.270993644,0.35778413
10.33819117,1.07E-06,8.37E-13,1.28E+06,,0.174038164,0.270993644,0.357777691
10.33833405,1.07E-06,8.37E-13,1.28E+06,,0.17403991,0.270993644,0.357771248
10.33847693,1.07E-06,8.37E-13,1.28E+06,,0.174041655,0.270993644,0.357764809
10.3386198,1.07E-06,8.37E-13,1.28E+06,,0.174043401,0.270993644,0.357758366
10.33876268,1.07E-06,8.37E-13,1.28E+06,,0.174045146,0.270993644,0.357751926
10.33890556,1.06E-06,8.37E-13,1.27E+06,,0.174046892,0.270993644,0.357745483
10.33904844,1.06E-06,8.37E-13,1.27E+06,,0.174048637,0.270993644,0.357739044
10.33919131,1.06E-06,8.37E-13,1.27E+06,,0.174050383,0.270993644,0.357732601
10.33933419,1.06E-06,8.37E-13,1.27E+06,,0.174052128,0.270993644,0.357726162
10.33947707,1.06E-06,8.37E-13,1.27E+06,,0.174053874,0.270993644,0.357719719
10.33961995,1.06E-06,8.37E-13,1.27E+06,,0.174055619,0.270993644,0.35771328
10.33976282,1.06E-06,8.37E-13,1.27E+06,,0.174057365,0.270993644,0.357706837
10.3399057,1.06E-06,8.37E-13,1.27E+06,,0.17405911,0.270993644,0.357700397
10.34004858,1.06E-06,8.37E-13,1.27E+06,,0.174060856,0.270993644,0.357693954
10.34019146,1.06E-06,8.37E-13,1.27E+06,,0.174062601,0.270993644,0.357687515
10.34033433,1.06E-06,8.37E-13,1.27E+06,,0.174064347,0.270993644,0.357681072
10.34047721,1.06E-06,8.37E-13,1.27E+06,,0.174066092,0.270993644,0.357674633
10.34062009,1.06E-06,8.37E-13,1.27E+06,,0.174067838,0.270993644,0.35766819
10.34076297,1.06E-06,8.37E-13,1.27E+06,,0.174069583,0.270993644,0.357661751
10.34090584,1.06E-06,8.37E-13,1.27E+06,,0.174071329,0.270993644,0.357655308
10.34104872,1.06E-06,8.37E-13,1.27E+06,,0.174073074,0.270993644,0.357648869
10.3411916,1.06E-06,8.37E-13,1.27E+06,,0.17407482,0.270993644,0.357642426
10.34133448,1.06E-06,8.37E-13,1.27E+06,,0.174076565,0.270993644,0.357635986
10.34147735,1.06E-06,8.37E-13,1.27E+06,,0.174078311,0.270993644,0.357629543
10.34162023,1.06E-06,8.37E-13,1.27E+06,,0.174080056,0.270993644,0.357623104
10.34176311,1.06E-06,8.37E-13,1.27E+06,,0.174081802,0.270993644,0.357616661
10.34190599,1.06E-06,8.37E-13,1.27E+06,,0.174083547,0.270993644,0.357610222
10.34204886,1.06E-06,8.37E-13,1.27E+06,,0.174085293,0.270993644,0.357603779
10.34219174,1.06E-06,8.37E-13,1.27E+06,,0.174087038,0.270993644,0.35759734
10.34233462,1.06E-06,8.37E-13,1.27E+06,,0.174088784,0.270993644,0.357590897
10.3424775,1.06E-06,8.37E-13,1.27E+06,,0.174090529,0.270993644,0.357584457
10.34262037,1.06E-06,8.37E-13,1.27E+06,,0.174092275,0.270993644,0.357578014
10.34276325,1.06E-06,8.37E-13,1.27E+06,,0.17409402,0.270993644,0.357571575
10.34290613,1.06E-06,8.37E-13,1.27E+06,,0.174095766,0.270993644,0.357565132
10.34304901,1.06E-06,8.37E-13,1.27E+06,,0.174097511,0.270993644,0.357558693
10.34319188,1.06E-06,8.37E-13,1.27E+06,,0.174099257,0.270993644,0.35755225
10.34333476,1.06E-06,8.37E-13,1.27E+06,,0.174101002,0.270993644,0.357545811
10.34347764,1.06E-06,8.37E-13,1.27E+06,,0.174102748,0.270993644,0.357539368
10.34362052,1.06E-06,8.37E-13,1.27E+06,,0.174104493,0.270993644,0.357532929
10.34376339,1.06E-06,8.37E-13,1.27E+06,,0.174106239,0.270993644,0.357526486
10.34390627,1.06E-06,8.37E-13,1.27E+06,,0.174107984,0.270993644,0.357520046
10.34404915,1.06E-06,8.37E-13,1.27E+06,,0.17410973,0.270993644,0.357513603
10.34419203,1.06E-06,8.37E-13,1.27E+06,,0.174111475,0.270993644,0.357507164
10.3443349,1.06E-06,8.37E-13,1.27E+06,,0.174113221,0.270993644,0.357500721
10.34447778,1.06E-06,8.37E-13,1.27E+06,,0.174114967,0.270993644,0.357494278
10.34462066,1.06E-06,8.37E-13,1.27E+06,,0.174116712,0.270993644,0.357487839
10.34476354,1.06E-06,8.37E-13,1.27E+06,,0.174118458,0.270993644,0.357481396
10.34490642,1.06E-06,8.37E-13,1.27E+06,,0.174120203,0.270993644,0.357474957
10.34504929,1.06E-06,8.37E-13,1.27E+06,,0.174121949,0.270993644,0.357468514
10.34519217,1.06E-06,8.37E-13,1.27E+06,,0.174123694,0.270993644,0.357462075
10.34533505,1.06E-06,8.37E-13,1.27E+06,,0.17412544,0.270993644,0.357455632
10.34547793,1.06E-06,8.37E-13,1.27E+06,,0.174127185,0.270993644,0.357449192
10.3456208,1.06E-06,8.37E-13,1.27E+06,,0.174128931,0.270993644,0.357442749
10.34576368,1.06E-06,8.37E-13,1.27E+06,,0.174130676,0.270993644,0.35743631
10.34590656,1.06E-06,8.37E-13,1.27E+06,,0.174132422,0.270993644,0.357429867
10.34604944,1.06E-06,8.37E-13,1.27E+06,,0.174134167,0.270993644,0.357423428
10.34619231,1.06E-06,8.37E-13,1.27E+06,,0.174135913,0.270993644,0.357416985
10.34633519,1.06E-06,8.37E-13,1.27E+06,,0.174137658,0.270993644,0.357410546
10.34647807,1.06E-06,8.37E-13,1.27E+06,,0.174139404,0.270993644,0.357404103
10.34662095,1.06E-06,8.37E-13,1.27E+06,,0.174141149,0.270993644,0.357397663
10.34676382,1.06E-06,8.37E-13,1.27E+06,,0.174142895,0.270993644,0.35739122
10.3469067,1.06E-06,8.37E-13,1.27E+06,,0.17414464,0.270993644,0.357384781
10.34704958,1.06E-06,8.37E-13,1.27E+06,,0.174146386,0.270993644,0.357378338
10.34719246,1.06E-06,8.37E-13,1.27E+06,,0.174148131,0.270993644,0.357371899
10.34733533,1.06E-06,8.37E-13,1.27E+06,,0.174149877,0.270993644,0.357365456
10.34747821,1.06E-06,8.37E-13,1.27E+06,,0.174151622,0.270993644,0.357359017
10.34762109,1.06E-06,8.37E-13,1.27E+06,,0.174153368,0.270993644,0.357352574
10.34776397,1.06E-06,8.37E-13,1.27E+06,,0.174155113,0.270993644,0.357346135
10.34790684,1.06E-06,8.37E-13,1.27E+06,,0.174156859,0.270993644,0.357339692
10.34804972,1.06E-06,8.37E-13,1.27E+06,,0.174158604,0.270993644,0.357333252
10.3481926,1.06E-06,8.37E-13,1.27E+06,,0.17416035,0.270993644,0.357326809
10.34833548,1.06E-06,8.37E-13,1.27E+06,,0.174162095,0.270993644,0.35732037
10.34847835,1.06E-06,8.37E-13,1.27E+06,,0.174163841,0.270993644,0.357313927
10.34862123,1.06E-06,8.37E-13,1.27E+06,,0.174165586,0.270993644,0.357307488
10.34876411,1.06E-06,8.37E-13,1.27E+06,,0.174167332,0.270993644,0.357301045
10.34890699,1.06E-06,8.37E-13,1.27E+06,,0.174169077,0.270993644,0.357294606
10.34904986,1.06E-06,8.37E-13,1.27E+06,,0.174170823,0.270993644,0.357288163
10.34919274,1.06E-06,8.37E-13,1.27E+06,,0.174172568,0.270993644,0.357281723
10.34933562,1.06E-06,8.37E-13,1.27E+06,,0.174174314,0.270993644,0.35727528
10.3494785,1.06E-06,8.37E-13,1.27E+06,,0.174176059,0.270993644,0.357268841
10.34962137,1.06E-06,8.37E-13,1.27E+06,,0.174177805,0.270993644,0.357262398
10.34976425,1.06E-06,8.37E-13,1.27E+06,,0.17417955,0.270993644,0.357255959
10.34990713,1.06E-06,8.37E-13,1.27E+06,,0.174181296,0.270993644,0.357249516
10.35005001,1.05E-06,8.37E-13,1.25E+06,,0.174183041,0.270993644,0.357243077
10.35019288,1.05E-06,8.37E-13,1.25E+06,,0.174184787,0.270993644,0.357236634
10.35033576,1.05E-06,8.37E-13,1.25E+06,,0.174186532,0.270993644,0.357230195
10.35047864,1.05E-06,8.37E-13,1.25E+06,,0.174188278,0.270993644,0.357223752
10.35062152,1.05E-06,8.37E-13,1.25E+06,,0.174190023,0.270993644,0.357217312
10.35076439,1.05E-06,8.37E-13,1.25E+06,,0.174191769,0.270993644,0.357210869
10.35090727,1.05E-06,8.37E-13,1.25E+06,,0.174193514,0.270993644,0.35720443
10.35105015,1.05E-06,8.37E-13,1.25E+06,,0.17419526,0.270993644,0.357197987
10.35119303,1.05E-06,8.37E-13,1.25E+06,,0.174197006,0.270993644,0.357191544
10.35133591,1.05E-06,8.37E-13,1.25E+06,,0.174198751,0.270993644,0.357185105
10.35147878,1.05E-06,8.37E-13,1.25E+06,,0.174200497,0.270993644,0.357178662
10.35162166,1.05E-06,8.37E-13,1.25E+06,,0.174202242,0.270993644,0.357172223
10.35176454,1.05E-06,8.37E-13,1.25E+06,,0.174203988,0.270993644,0.35716578
10.35190742,1.05E-06,8.37E-13,1.25E+06,,0.174205733,0.270993644,0.35715934
10.35205029,1.05E-06,8.37E-13,1.25E+06,,0.174207479,0.270993644,0.357152898
10.35219317,1.05E-06,8.37E-13,1.25E+06,,0.174209224,0.270993644,0.357146458
10.35233605,1.05E-06,8.37E-13,1.25E+06,,0.17421097,0.270993644,0.357140015
10.35247893,1.05E-06,8.37E-13,1.25E+06,,0.174212715,0.270993644,0.357133576
10.3526218,1.05E-06,8.37E-13,1.25E+06,,0.174214461,0.270993644,0.357127133
10.35276468,1.05E-06,8.37E-13,1.25E+06,,0.174216206,0.270993644,0.357120694
10.35290756,1.05E-06,8.37E-13,1.25E+06,,0.174217952,0.270993644,0.357114251
10.35305044,1.05E-06,8.37E-13,1.25E+06,,0.174219697,0.270993644,0.357107812
10.35319331,1.05E-06,8.37E-13,1.25E+06,,0.174221443,0.270993644,0.357101369
10.35333619,1.05E-06,8.37E-13,1.25E+06,,0.174223188,0.270993644,0.357094929
10.35347907,1.05E-06,8.37E-13,1.25E+06,,0.174224934,0.270993644,0.357088486
10.35362195,1.05E-06,8.37E-13,1.25E+06,,0.174226679,0.270993644,0.357082047
10.35376482,1.05E-06,8.37E-13,1.25E+06,,0.174228425,0.270993644,0.357075604
10.3539077,1.05E-06,8.37E-13,1.25E+06,,0.17423017,0.270993644,0.357069165
10.35405058,1.05E-06,8.37E-13,1.25E+06,,0.174231916,0.270993644,0.357062722
10.35419346,1.05E-06,8.37E-13,1.25E+06,,0.174233661,0.270993644,0.357056283
10.35433633,1.05E-06,8.37E-13,1.25E+06,,0.174235407,0.270993644,0.35704984
10.35447921,1.05E-06,8.37E-13,1.25E+06,,0.174237152,0.270993644,0.3570434
10.35462209,1.05E-06,8.37E-13,1.25E+06,,0.174238898,0.270993644,0.357036958
10.35476497,1.05E-06,8.37E-13,1.25E+06,,0.174240643,0.270993644,0.357030518
10.35490784,1.05E-06,8.37E-13,1.25E+06,,0.174242389,0.270993644,0.357024075
10.35505072,1.05E-06,8.37E-13,1.25E+06,,0.174244134,0.270993644,0.357017636
10.3551936,1.05E-06,8.37E-13,1.25E+06,,0.17424588,0.270993644,0.357011193
10.35533648,1.05E-06,8.37E-13,1.25E+06,,0.174247625,0.270993644,0.357004754
10.35547935,1.05E-06,8.37E-13,1.25E+06,,0.174249371,0.270993644,0.356998311
10.35562223,1.05E-06,8.37E-13,1.25E+06,,0.174251116,0.270993644,0.356991872
10.35576511,1.05E-06,8.37E-13,1.25E+06,,0.174252862,0.270993644,0.356985429
10.35590799,1.05E-06,8.37E-13,1.25E+06,,0.174254607,0.270993644,0.356978989
10.35605086,1.05E-06,8.37E-13,1.25E+06,,0.174256353,0.270993644,0.356972546
10.35619374,1.05E-06,8.37E-13,1.25E+06,,0.174258098,0.270993644,0.356966107
10.35633662,1.05E-06,8.37E-13,1.25E+06,,0.174259844,0.270993644,0.356959664
10.3564795,1.05E-06,8.37E-13,1.25E+06,,0.174261589,0.270993644,0.356953225
10.35662237,1.05E-06,8.37E-13,1.25E+06,,0.174263335,0.270993644,0.356946782
10.35676525,1.05E-06,8.37E-13,1.25E+06,,0.17426508,0.270993644,0.356940343
10.35690813,1.05E-06,8.37E-13,1.25E+06,,0.174266826,0.270993644,0.3569339
10.35705101,1.05E-06,8.37E-13,1.25E+06,,0.174268571,0.270993644,0.35692746
10.35719388,1.05E-06,8.37E-13,1.25E+06,,0.174270317,0.270993644,0.356921018
10.35733676,1.05E-06,8.37E-13,1.25E+06,,0.174272062,0.270993644,0.356914578
10.35747964,1.05E-06,8.37E-13,1.25E+06,,0.174273808,0.270993644,0.356908135
10.35762252,1.05E-06,8.37E-13,1.25E+06,,0.174275554,0.270993644,0.356901692
10.3577654,1.05E-06,8.37E-13,1.25E+06,,0.174277299,0.270993644,0.356895253
10.35790827,1.05E-06,8.37E-13,1.25E+06,,0.174279045,0.270993644,0.35688881
10.35805115,1.05E-06,8.37E-13,1.25E+06,,0.17428079,0.270993644,0.356882371
10.35819403,1.05E-06,8.37E-13,1.25E+06,,0.174282536,0.270993644,0.356875928
10.35833691,1.05E-06,8.37E-13,1.25E+06,,0.174284281,0.270993644,0.356869489
10.35847978,1.05E-06,8.37E-13,1.25E+06,,0.174286027,0.270993644,0.356863046
10.35862266,1.05E-06,8.37E-13,1.25E+06,,0.174287772,0.270993644,0.356856606
10.35876554,1.05E-06,8.37E-13,1.25E+06,,0.174289518,0.270993644,0.356850163
10.35890842,1.05E-06,8.37E-13,1.25E+06,,0.174291263,0.270993644,0.356843724
10.35905129,1.05E-06,8.37E-13,1.25E+06,,0.174293009,0.270993644,0.356837281
10.35919417,1.05E-06,8.37E-13,1.25E+06,,0.174294754,0.270993644,0.356830842
10.35933705,1.05E-06,8.37E-13,1.25E+06,,0.1742965,0.270993644,0.356824399
10.35947993,1.05E-06,8.37E-13,1.25E+06,,0.174298245,0.270993644,0.35681796
10.3596228,1.05E-06,8.37E-13,1.25E+06,,0.174299991,0.270993644,0.356811517
10.35976568,1.05E-06,8.37E-13,1.25E+06,,0.174301736,0.270993644,0.356805078
10.35990856,1.05E-06,8.37E-13,1.25E+06,,0.174303482,0.270993644,0.356798635
10.36005144,1.05E-06,8.37E-13,1.25E+06,,0.174305227,0.270993644,0.356792195
10.36019431,1.05E-06,8.37E-13,1.25E+06,,0.174306973,0.270993644,0.356785752
10.36033719,1.05E-06,8.37E-13,1.25E+06,,0.174308718,0.270993644,0.356779313
10.36048007,1.05E-06,8.37E-13,1.25E+06,,0.174310464,0.270993644,0.35677287
10.36062295,1.05E-06,8.37E-13,1.25E+06,,0.174312209,0.270993644,0.356766431
10.36076582,1.05E-06,8.37E-13,1.25E+06,,0.174313955,0.270993644,0.356759988
10.3609087,1.05E-06,8.37E-13,1.25E+06,,0.1743157,0.270993644,0.356753549
10.36105158,1.05E-06,8.37E-13,1.25E+06,,0.174317446,0.270993644,0.356747106
10.36119446,1.04E-06,8.37E-13,1.24E+06,,0.174319191,0.270993644,0.356740666
10.36133733,1.04E-06,8.37E-13,1.24E+06,,0.174320937,0.270993644,0.356734223
10.36148021,1.04E-06,8.37E-13,1.24E+06,,0.174322682,0.270993644,0.356727784
10.36162309,1.04E-06,8.37E-13,1.24E+06,,0.174324428,0.270993644,0.356721341
10.36176597,1.04E-06,8.37E-13,1.24E+06,,0.174326173,0.270993644,0.356714902
10.36190884,1.04E-06,8.37E-13,1.24E+06,,0.174327919,0.270993644,0.356708459
10.36205172,1.04E-06,8.37E-13,1.24E+06,,0.174329664,0.270993644,0.35670202
10.3621946,1.04E-06,8.37E-13,1.24E+06,,0.17433141,0.270993644,0.356695577
10.36233748,1.04E-06,8.37E-13,1.24E+06,,0.174333155,0.270993644,0.356689138
10.36248035,1.04E-06,8.37E-13,1.24E+06,,0.174334901,0.270993644,0.356682695
10.36262323,1.04E-06,8.37E-13,1.24E+06,,0.174336646,0.270993644,0.356676255
10.36276611,1.04E-06,8.37E-13,1.24E+06,,0.174338392,0.270993644,0.356669812
10.36290899,1.04E-06,8.37E-13,1.24E+06,,0.174340137,0.270993644,0.356663373
10.36305186,1.04E-06,8.37E-13,1.24E+06,,0.174341883,0.270993644,0.35665693
10.36319474,1.04E-06,8.37E-13,1.24E+06,,0.174343628,0.270993644,0.356650491
10.36333762,1.04E-06,8.37E-13,1.24E+06,,0.174345374,0.270993644,0.356644048
10.3634805,1.04E-06,8.37E-13,1.24E+06,,0.174347119,0.270993644,0.356637609
10.36362337,1.04E-06,8.37E-13,1.24E+06,,0.174348865,0.270993644,0.356631166
10.36376625,1.04E-06,8.37E-13,1.24E+06,,0.17435061,0.270993644,0.356624726
10.36390913,1.04E-06,8.37E-13,1.24E+06,,0.174352356,0.270993644,0.356618283
10.36405201,1.04E-06,8.37E-13,1.24E+06,,0.174354101,0.270993644,0.356611844
10.36419488,1.04E-06,8.37E-13,1.24E+06,,0.174355847,0.270993644,0.356605401
10.36433776,1.04E-06,8.37E-13,1.24E+06,,0.174357593,0.270993644,0.356598958
10.36448064,1.04E-06,8.37E-13,1.24E+06,,0.174359338,0.270993644,0.356592519
10.36462352,1.04E-06,8.37E-13,1.24E+06,,0.174361084,0.270993644,0.356586076
10.3647664,1.04E-06,8.37E-13,1.24E+06,,0.174362829,0.270993644,0.356579637
10.36490927,1.04E-06,8.37E-13,1.24E+06,,0.174364575,0.270993644,0.356573194
10.36505215,1.04E-06,8.37E-13,1.24E+06,,0.17436632,0.270993644,0.356566755
10.36519503,1.04E-06,8.37E-13,1.24E+06,,0.174368066,0.270993644,0.356560312
10.36533791,1.04E-06,8.37E-13,1.24E+06,,0.174369811,0.270993644,0.356553872
10.36548078,1.04E-06,8.37E-13,1.24E+06,,0.174371557,0.270993644,0.356547429
10.36562366,1.04E-06,8.37E-13,1.24E+06,,0.174373302,0.270993644,0.35654099
10.36576654,1.04E-06,8.37E-13,1.24E+06,,0.174375048,0.270993644,0.356534547
10.36590942,1.04E-06,8.37E-13,1.24E+06,,0.174376793,0.270993644,0.356528108
10.36605229,1.04E-06,8.37E-13,1.24E+06,,0.174378539,0.270993644,0.356521665
10.36619517,1.04E-06,8.37E-13,1.24E+06,,0.174380284,0.270993644,0.356515226
10.36633805,1.04E-06,8.37E-13,1.24E+06,,0.17438203,0.270993644,0.356508783
10.36648093,1.04E-06,8.37E-13,1.24E+06,,0.174383775,0.270993644,0.356502344
10.3666238,1.04E-06,8.37E-13,1.24E+06,,0.174385521,0.270993644,0.356495901
10.36676668,1.04E-06,8.37E-13,1.24E+06,,0.174387266,0.270993644,0.356489461
10.36690956,1.04E-06,8.37E-13,1.24E+06,,0.174389012,0.270993644,0.356483018
10.36705244,1.04E-06,8.37E-13,1.24E+06,,0.174390757,0.270993644,0.356476579
10.36719531,1.04E-06,8.37E-13,1.24E+06,,0.174392503,0.270993644,0.356470136
10.36733819,1.04E-06,8.37E-13,1.24E+06,,0.174394248,0.270993644,0.356463697
10.36748107,1.04E-06,8.37E-13,1.24E+06,,0.174395994,0.270993644,0.356457254
10.36762395,1.04E-06,8.37E-13,1.24E+06,,0.174397739,0.270993644,0.356450815
10.36776682,1.04E-06,8.37E-13,1.24E+06,,0.174399485,0.270993644,0.356444372
10.3679097,1.04E-06,8.37E-13,1.24E+06,,0.17440123,0.270993644,0.356437932
10.36805258,1.04E-06,8.37E-13,1.24E+06,,0.174402976,0.270993644,0.356431489
10.36819546,1.04E-06,8.37E-13,1.24E+06,,0.174404721,0.270993644,0.35642505
10.36833833,1.04E-06,8.37E-13,1.24E+06,,0.174406467,0.270993644,0.356418607
10.36848121,1.04E-06,8.37E-13,1.24E+06,,0.174408212,0.270993644,0.356412168
10.36862409,1.04E-06,8.37E-13,1.24E+06,,0.174409958,0.270993644,0.356405725
10.36876697,1.04E-06,8.37E-13,1.24E+06,,0.174411703,0.270993644,0.356399286
10.36890984,1.04E-06,8.37E-13,1.24E+06,,0.174413449,0.270993644,0.356392843
10.36905272,1.04E-06,8.37E-13,1.24E+06,,0.174415194,0.270993644,0.356386404
10.3691956,1.04E-06,8.37E-13,1.24E+06,,0.17441694,0.270993644,0.356379961
10.36933848,1.04E-06,8.37E-13,1.24E+06,,0.174418685,0.270993644,0.356373521
10.36948135,1.04E-06,8.37E-13,1.24E+06,,0.174420431,0.270993644,0.356367078
10.36962423,1.04E-06,8.37E-13,1.24E+06,,0.174422176,0.270993644,0.356360639
10.36976711,1.04E-06,8.37E-13,1.24E+06,,0.174423922,0.270993644,0.356354196
10.36990999,1.04E-06,8.37E-13,1.24E+06,,0.174425667,0.270993644,0.356347757
10.37005286,1.04E-06,8.37E-13,1.24E+06,,0.174427413,0.270993644,0.356341314
10.37019574,1.04E-06,8.37E-13,1.24E+06,,0.174429158,0.270993644,0.356334875
10.37033862,1.04E-06,8.37E-13,1.24E+06,,0.174430904,0.270993644,0.356328432
10.3704815,1.04E-06,8.37E-13,1.24E+06,,0.174432649,0.270993644,0.356321992
10.37062437,1.04E-06,8.37E-13,1.24E+06,,0.174434395,0.270993644,0.356315549
10.37076725,1.04E-06,8.37E-13,1.24E+06,,0.17443614,0.270993644,0.35630911
10.37091013,1.04E-06,8.37E-13,1.24E+06,,0.174437886,0.270993644,0.356302667
10.37105301,1.04E-06,8.37E-13,1.24E+06,,0.174439632,0.270993644,0.356296224
10.37119589,1.04E-06,8.37E-13,1.24E+06,,0.174441377,0.270993644,0.356289785
10.37133876,1.04E-06,8.37E-13,1.24E+06,,0.174443123,0.270993644,0.356283342
10.37148164,1.04E-06,8.37E-13,1.24E+06,,0.174444868,0.270993644,0.356276903
10.37162452,1.04E-06,8.37E-13,1.24E+06,,0.174446614,0.270993644,0.35627046
10.3717674,1.04E-06,8.37E-13,1.24E+06,,0.174448359,0.270993644,0.356264021
10.37191027,1.04E-06,8.37E-13,1.24E+06,,0.174450105,0.270993644,0.356257578
10.37205315,1.04E-06,8.37E-13,1.24E+06,,0.17445185,0.270993644,0.356251138
10.37219603,1.04E-06,8.37E-13,1.24E+06,,0.174453596,0.270993644,0.356244695
10.37233891,1.03E-06,8.37E-13,1.23E+06,,0.174455341,0.270993644,0.356238256
10.37248178,1.03E-06,8.37E-13,1.23E+06,,0.174457087,0.270993644,0.356231813
10.37262466,1.03E-06,8.37E-13,1.23E+06,,0.174458832,0.270993644,0.356225374
10.37276754,1.03E-06,8.37E-13,1.23E+06,,0.174460578,0.270993644,0.356218931
10.37291042,1.03E-06,8.37E-13,1.23E+06,,0.174462323,0.270993644,0.356212492
10.37305329,1.03E-06,8.37E-13,1.23E+06,,0.174464069,0.270993644,0.356206049
10.37319617,1.03E-06,8.37E-13,1.23E+06,,0.174465814,0.270993644,0.356199609
10.37333905,1.03E-06,8.37E-13,1.23E+06,,0.17446756,0.270993644,0.356193167
10.37348193,1.03E-06,8.37E-13,1.23E+06,,0.174469305,0.270993644,0.356186727
10.3736248,1.03E-06,8.37E-13,1.23E+06,,0.174471051,0.270993644,0.356180284
10.37376768,1.03E-06,8.37E-13,1.23E+06,,0.174472796,0.270993644,0.356173845
10.37391056,1.03E-06,8.37E-13,1.23E+06,,0.174474542,0.270993644,0.356167402
10.37405344,1.03E-06,8.37E-13,1.23E+06,,0.174476287,0.270993644,0.356160963
10.37419631,1.03E-06,8.37E-13,1.23E+06,,0.174478033,0.270993644,0.35615452
10.37433919,1.03E-06,8.37E-13,1.23E+06,,0.174479778,0.270993644,0.356148081
10.37448207,1.03E-06,8.37E-13,1.23E+06,,0.174481524,0.270993644,0.356141638
10.37462495,1.03E-06,8.37E-13,1.23E+06,,0.174483269,0.270993644,0.356135198
10.37476782,1.03E-06,8.37E-13,1.23E+06,,0.174485015,0.270993644,0.356128755
10.3749107,1.03E-06,8.37E-13,1.23E+06,,0.17448676,0.270993644,0.356122316
10.37505358,1.03E-06,8.37E-13,1.23E+06,,0.174488506,0.270993644,0.356115873
10.37519646,1.03E-06,8.37E-13,1.23E+06,,0.174490251,0.270993644,0.356109434
10.37533933,1.03E-06,8.37E-13,1.23E+06,,0.174491997,0.270993644,0.356102991
10.37548221,1.03E-06,8.37E-13,1.23E+06,,0.174493742,0.270993644,0.356096552
10.37562509,1.03E-06,8.37E-13,1.23E+06,,0.174495488,0.270993644,0.356090109
10.37576797,1.03E-06,8.37E-13,1.23E+06,,0.174497233,0.270993644,0.356083669
10.37591084,1.03E-06,8.37E-13,1.23E+06,,0.174498979,0.270993644,0.356077227
10.37605372,1.03E-06,8.37E-13,1.23E+06,,0.174500724,0.270993644,0.356070787
10.3761966,1.03E-06,8.37E-13,1.23E+06,,0.17450247,0.270993644,0.356064344
10.37633948,1.03E-06,8.37E-13,1.23E+06,,0.174504215,0.270993644,0.356057905
10.37648235,1.03E-06,8.37E-13,1.23E+06,,0.174505961,0.270993644,0.356051462
10.37662523,1.03E-06,8.37E-13,1.23E+06,,0.174507706,0.270993644,0.356045023
10.37676811,1.03E-06,8.37E-13,1.23E+06,,0.174509452,0.270993644,0.35603858
10.37691099,1.03E-06,8.37E-13,1.23E+06,,0.174511197,0.270993644,0.356032141
10.37705386,1.03E-06,8.37E-13,1.23E+06,,0.174512943,0.270993644,0.356025698
10.37719674,1.03E-06,8.37E-13,1.23E+06,,0.174514688,0.270993644,0.356019258
10.37733962,1.03E-06,8.37E-13,1.23E+06,,0.174516434,0.270993644,0.356012815
10.3774825,1.03E-06,8.37E-13,1.23E+06,,0.174518179,0.270993644,0.356006376
10.37762538,1.03E-06,8.37E-13,1.23E+06,,0.174519925,0.270993644,0.355999933
10.37776825,1.03E-06,8.37E-13,1.23E+06,,0.174521671,0.270993644,0.35599349
10.37791113,1.03E-06,8.37E-13,1.23E+06,,0.174523416,0.270993644,0.355987051
10.37805401,1.03E-06,8.37E-13,1.23E+06,,0.174525162,0.270993644,0.355980608
10.37819689,1.03E-06,8.37E-13,1.23E+06,,0.174526907,0.270993644,0.355974169
10.37833976,1.03E-06,8.37E-13,1.23E+06,,0.174528653,0.270993644,0.355967726
10.37848264,1.03E-06,8.37E-13,1.23E+06,,0.174530398,0.270993644,0.355961287
10.37862552,1.03E-06,8.37E-13,1.23E+06,,0.174532144,0.270993644,0.355954844
10.3787684,1.03E-06,8.37E-13,1.23E+06,,0.174533889,0.270993644,0.355948404
10.37891127,1.03E-06,8.37E-13,1.23E+06,,0.174535635,0.270993644,0.355941961
10.37905415,1.03E-06,8.37E-13,1.23E+06,,0.17453738,0.270993644,0.355935522
10.37919703,1.03E-06,8.37E-13,1.23E+06,,0.174539126,0.270993644,0.355929079
10.37933991,1.03E-06,8.37E-13,1.23E+06,,0.174540871,0.270993644,0.35592264
10.37948278,1.03E-06,8.37E-13,1.23E+06,,0.174542617,0.270993644,0.355916197
10.37962566,1.03E-06,8.37E-13,1.23E+06,,0.174544362,0.270993644,0.355909758
10.37976854,1.03E-06,8.37E-13,1.23E+06,,0.174546108,0.270993644,0.355903315
10.37991142,1.03E-06,8.37E-13,1.23E+06,,0.174547853,0.270993644,0.355896875
10.38005429,1.03E-06,8.37E-13,1.23E+06,,0.174549599,0.270993644,0.355890432
10.38019717,1.03E-06,8.37E-13,1.23E+06,,0.174551344,0.270993644,0.355883993
10.38034005,1.03E-06,8.37E-13,1.23E+06,,0.17455309,0.270993644,0.35587755
10.38048293,1.03E-06,8.37E-13,1.23E+06,,0.174554835,0.270993644,0.355871111
10.3806258,1.03E-06,8.37E-13,1.23E+06,,0.174556581,0.270993644,0.355864668
10.38076868,1.03E-06,8.37E-13,1.23E+06,,0.174558326,0.270993644,0.355858229
10.38091156,1.03E-06,8.37E-13,1.23E+06,,0.174560072,0.270993644,0.355851786
10.38105444,1.03E-06,8.37E-13,1.23E+06,,0.174561817,0.270993644,0.355845347
10.38119731,1.03E-06,8.37E-13,1.23E+06,,0.174563563,0.270993644,0.355838904
10.38134019,1.03E-06,8.37E-13,1.23E+06,,0.174565308,0.270993644,0.355832464
10.38148307,1.03E-06,8.37E-13,1.23E+06,,0.174567054,0.270993644,0.355826021
10.38162595,1.03E-06,8.37E-13,1.23E+06,,0.174568799,0.270993644,0.355819582
10.38176882,1.03E-06,8.37E-13,1.23E+06,,0.174570545,0.270993644,0.355813139
10.3819117,1.03E-06,8.37E-13,1.23E+06,,0.17457229,0.270993644,0.3558067
10.38205458,1.03E-06,8.37E-13,1.23E+06,,0.174574036,0.270993644,0.355800257
10.38219746,1.03E-06,8.37E-13,1.23E+06,,0.174575781,0.270993644,0.355793818
10.38234033,1.03E-06,8.37E-13,1.23E+06,,0.174577527,0.270993644,0.355787375
10.38248321,1.03E-06,8.37E-13,1.23E+06,,0.174579272,0.270993644,0.355780935
10.38262609,1.03E-06,8.37E-13,1.23E+06,,0.174581018,0.270993644,0.355774492
10.38276897,1.03E-06,8.37E-13,1.23E+06,,0.174582763,0.270993644,0.355768053
10.38291184,1.03E-06,8.37E-13,1.23E+06,,0.174584509,0.270993644,0.35576161
10.38305472,1.03E-06,8.37E-13,1.23E+06,,0.174586254,0.270993644,0.355755171
10.3831976,1.03E-06,8.37E-13,1.23E+06,,0.174588,0.270993644,0.355748728
10.38334048,1.02E-06,8.37E-13,1.22E+06,,0.174589745,0.270993644,0.355742289
10.38348335,1.02E-06,8.37E-13,1.22E+06,,0.174591491,0.270993644,0.355735846
10.38362623,1.02E-06,8.37E-13,1.22E+06,,0.174593236,0.270993644,0.355729407
10.38376911,1.02E-06,8.37E-13,1.22E+06,,0.174594982,0.270993644,0.355722964
10.38391199,1.02E-06,8.37E-13,1.22E+06,,0.174596727,0.270993644,0.355716524
10.38405486,1.02E-06,8.37E-13,1.22E+06,,0.174598473,0.270993644,0.355710081
10.38419774,1.02E-06,8.37E-13,1.22E+06,,0.174600219,0.270993644,0.355703638
10.38434062,1.02E-06,8.37E-13,1.22E+06,,0.174601964,0.270993644,0.355697199
10.3844835,1.02E-06,8.37E-13,1.22E+06,,0.17460371,0.270993644,0.355690756
10.38462638,1.02E-06,8.37E-13,1.22E+06,,0.174605455,0.270993644,0.355684317
10.38476925,1.02E-06,8.37E-13,1.22E+06,,0.174607201,0.270993644,0.355677874
10.38491213,1.02E-06,8.37E-13,1.22E+06,,0.174608946,0.270993644,0.355671435
10.38505501,1.02E-06,8.37E-13,1.22E+06,,0.174610692,0.270993644,0.355664992
10.38519789,1.02E-06,8.37E-13,1.22E+06,,0.174612437,0.270993644,0.355658553
10.38534076,1.02E-06,8.37E-13,1.22E+06,,0.174614183,0.270993644,0.35565211
10.38548364,1.02E-06,8.37E-13,1.22E+06,,0.174615928,0.270993644,0.35564567
10.38562652,1.02E-06,8.37E-13,1.22E+06,,0.174617674,0.270993644,0.355639227
10.3857694,1.02E-06,8.37E-13,1.22E+06,,0.174619419,0.270993644,0.355632788
10.38591227,1.02E-06,8.37E-13,1.22E+06,,0.174621165,0.270993644,0.355626345
10.38605515,1.02E-06,8.37E-13,1.22E+06,,0.17462291,0.270993644,0.355619906
10.38619803,1.02E-06,8.37E-13,1.22E+06,,0.174624656,0.270993644,0.355613463
10.38634091,1.02E-06,8.37E-13,1.22E+06,,0.174626401,0.270993644,0.355607024
10.38648378,1.02E-06,8.37E-13,1.22E+06,,0.174628147,0.270993644,0.355600581
10.38662666,1.02E-06,8.37E-13,1.22E+06,,0.174629892,0.270993644,0.355594141
10.38676954,1.02E-06,8.37E-13,1.22E+06,,0.174631638,0.270993644,0.355587698
10.38691242,1.02E-06,8.37E-13,1.22E+06,,0.174633383,0.270993644,0.355581259
10.38705529,1.02E-06,8.37E-13,1.22E+06,,0.174635129,0.270993644,0.355574816
10.38719817,1.02E-06,8.37E-13,1.22E+06,,0.174636874,0.270993644,0.355568377
10.38734105,1.02E-06,8.37E-13,1.22E+06,,0.17463862,0.270993644,0.355561934
10.38748393,1.02E-06,8.37E-13,1.22E+06,,0.174640365,0.270993644,0.355555495
10.3876268,1.02E-06,8.37E-13,1.22E+06,,0.174642111,0.270993644,0.355549052
10.38776968,1.02E-06,8.37E-13,1.22E+06,,0.174643856,0.270993644,0.355542613
10.38791256,1.02E-06,8.37E-13,1.22E+06,,0.174645602,0.270993644,0.35553617
10.38805544,1.02E-06,8.37E-13,1.22E+06,,0.174647347,0.270993644,0.35552973
10.38819831,1.02E-06,8.37E-13,1.22E+06,,0.174649093,0.270993644,0.355523287
10.38834119,1.02E-06,8.37E-13,1.22E+06,,0.174650838,0.270993644,0.355516848
10.38848407,1.02E-06,8.37E-13,1.22E+06,,0.174652584,0.270993644,0.355510405
10.38862695,1.02E-06,8.37E-13,1.22E+06,,0.174654329,0.270993644,0.355503966
10.38876982,1.02E-06,8.37E-13,1.22E+06,,0.174656075,0.270993644,0.355497523
10.3889127,1.02E-06,8.37E-13,1.22E+06,,0.17465782,0.270993644,0.355491084
10.38905558,1.02E-06,8.37E-13,1.22E+06,,0.174659566,0.270993644,0.355484641
10.38919846,1.02E-06,8.37E-13,1.22E+06,,0.174661311,0.270993644,0.355478201
10.38934133,1.02E-06,8.37E-13,1.22E+06,,0.174663057,0.270993644,0.355471758
10.38948421,1.02E-06,8.37E-13,1.22E+06,,0.174664802,0.270993644,0.355465319
10.38962709,1.02E-06,8.37E-13,1.22E+06,,0.174666548,0.270993644,0.355458876
10.38976997,1.02E-06,8.37E-13,1.22E+06,,0.174668293,0.270993644,0.355452437
10.38991284,1.02E-06,8.37E-13,1.22E+06,,0.174670039,0.270993644,0.355445994
10.39005572,1.02E-06,8.37E-13,1.22E+06,,0.174671784,0.270993644,0.355439555
10.3901986,1.02E-06,8.37E-13,1.22E+06,,0.17467353,0.270993644,0.355433112
10.39034148,1.02E-06,8.37E-13,1.22E+06,,0.174675275,0.270993644,0.355426673
10.39048435,1.02E-06,8.37E-13,1.22E+06,,0.174677021,0.270993644,0.35542023
10.39062723,1.02E-06,8.37E-13,1.22E+06,,0.174678766,0.270993644,0.35541379
10.39077011,1.02E-06,8.37E-13,1.22E+06,,0.174680512,0.270993644,0.355407347
10.39091299,1.02E-06,8.37E-13,1.22E+06,,0.174682258,0.270993644,0.355400904
10.39105587,1.02E-06,8.37E-13,1.22E+06,,0.174684003,0.270993644,0.355394465
10.39119874,1.02E-06,8.37E-13,1.22E+06,,0.174685749,0.270993644,0.355388022
10.39134162,1.02E-06,8.37E-13,1.22E+06,,0.174687494,0.270993644,0.355381583
10.3914845,1.02E-06,8.37E-13,1.22E+06,,0.17468924,0.270993644,0.35537514
10.39162738,1.02E-06,8.37E-13,1.22E+06,,0.174690985,0.270993644,0.355368701
10.39177025,1.02E-06,8.37E-13,1.22E+06,,0.174692731,0.270993644,0.355362258
10.39191313,1.02E-06,8.37E-13,1.22E+06,,0.174694476,0.270993644,0.355355818
10.39205601,1.02E-06,8.37E-13,1.22E+06,,0.174696222,0.270993644,0.355349376
10.39219889,1.02E-06,8.37E-13,1.22E+06,,0.174697967,0.270993644,0.355342936
10.39234176,1.02E-06,8.37E-13,1.22E+06,,0.174699713,0.270993644,0.355336493
10.39248464,1.02E-06,8.37E-13,1.22E+06,,0.174701458,0.270993644,0.355330054
10.39262752,1.02E-06,8.37E-13,1.22E+06,,0.174703204,0.270993644,0.355323611
10.3927704,1.02E-06,8.37E-13,1.22E+06,,0.174704949,0.270993644,0.355317172
10.39291327,1.02E-06,8.37E-13,1.22E+06,,0.174706695,0.270993644,0.355310729
10.39305615,1.02E-06,8.37E-13,1.22E+06,,0.17470844,0.270993644,0.35530429
10.39319903,1.02E-06,8.37E-13,1.22E+06,,0.174710186,0.270993644,0.355297847
10.39334191,1.02E-06,8.37E-13,1.22E+06,,0.174711931,0.270993644,0.355291407
10.39348478,1.02E-06,8.37E-13,1.22E+06,,0.174713677,0.270993644,0.355284964
10.39362766,1.02E-06,8.37E-13,1.22E+06,,0.174715422,0.270993644,0.355278525
10.39377054,1.02E-06,8.37E-13,1.22E+06,,0.174717168,0.270993644,0.355272082
10.39391342,1.02E-06,8.37E-13,1.22E+06,,0.174718913,0.270993644,0.355265643
10.39405629,1.02E-06,8.37E-13,1.22E+06,,0.174720659,0.270993644,0.3552592
10.39419917,1.02E-06,8.37E-13,1.22E+06,,0.174722404,0.270993644,0.355252761
10.39434205,1.02E-06,8.37E-13,1.22E+06,,0.17472415,0.270993644,0.355246318
10.39448493,1.01E-06,8.37E-13,1.21E+06,,0.174725895,0.270993644,0.355239878
10.3946278,1.01E-06,8.37E-13,1.21E+06,,0.174727641,0.270993644,0.355233436
10.39477068,1.01E-06,8.37E-13,1.21E+06,,0.174729386,0.270993644,0.355226996
10.39491356,1.01E-06,8.37E-13,1.21E+06,,0.174731132,0.270993644,0.355220553
10.39505644,1.01E-06,8.37E-13,1.21E+06,,0.174732877,0.270993644,0.355214114
10.39519931,1.01E-06,8.37E-13,1.21E+06,,0.174734623,0.270993644,0.355207671
10.39534219,1.01E-06,8.37E-13,1.21E+06,,0.174736368,0.270993644,0.355201232
10.39548507,1.01E-06,8.37E-13,1.21E+06,,0.174738114,0.270993644,0.355194789
10.39562795,1.01E-06,8.37E-13,1.21E+06,,0.174739859,0.270993644,0.35518835
10.39577082,1.01E-06,8.37E-13,1.21E+06,,0.174741605,0.270993644,0.355181907
10.3959137,1.01E-06,8.37E-13,1.21E+06,,0.17474335,0.270993644,0.355175467
10.39605658,1.01E-06,8.37E-13,1.21E+06,,0.174745096,0.270993644,0.355169024
10.39619946,1.01E-06,8.37E-13,1.21E+06,,0.174746841,0.270993644,0.355162585
10.39634233,1.01E-06,8.37E-13,1.21E+06,,0.174748587,0.270993644,0.355156142
10.39648521,1.01E-06,8.37E-13,1.21E+06,,0.174750332,0.270993644,0.355149703
10.39662809,1.01E-06,8.37E-13,1.21E+06,,0.174752078,0.270993644,0.35514326
10.39677097,1.01E-06,8.37E-13,1.21E+06,,0.174753823,0.270993644,0.355136821
10.39691384,1.01E-06,8.37E-13,1.21E+06,,0.174755569,0.270993644,0.355130378
10.39705672,1.01E-06,8.37E-13,1.21E+06,,0.174757314,0.270993644,0.355123938
10.3971996,1.01E-06,8.37E-13,1.21E+06,,0.17475906,0.270993644,0.355117496
10.39734248,1.01E-06,8.37E-13,1.21E+06,,0.174760805,0.270993644,0.355111056
10.39748536,1.01E-06,8.37E-13,1.21E+06,,0.174762551,0.270993644,0.355104613
10.39762823,1.01E-06,8.37E-13,1.21E+06,,0.174764297,0.270993644,0.35509817
10.39777111,1.01E-06,8.37E-13,1.21E+06,,0.174766042,0.270993644,0.355091731
10.39791399,1.01E-06,8.37E-13,1.21E+06,,0.174767788,0.270993644,0.355085288
10.39805687,1.01E-06,8.37E-13,1.21E+06,,0.174769533,0.270993644,0.355078849
10.39819974,1.01E-06,8.37E-13,1.21E+06,,0.174771279,0.270993644,0.355072406
10.39834262,1.01E-06,8.37E-13,1.21E+06,,0.174773024,0.270993644,0.355065967
10.3984855,1.01E-06,8.37E-13,1.21E+06,,0.17477477,0.270993644,0.355059524
10.39862838,1.01E-06,8.37E-13,1.21E+06,,0.174776515,0.270993644,0.355053084
10.39877125,1.01E-06,8.37E-13,1.21E+06,,0.174778261,0.270993644,0.355046641
10.39891413,1.01E-06,8.37E-13,1.21E+06,,0.174780006,0.270993644,0.355040202
10.39905701,1.01E-06,8.37E-13,1.21E+06,,0.174781752,0.270993644,0.355033759
10.39919989,1.01E-06,8.37E-13,1.21E+06,,0.174783497,0.270993644,0.35502732
10.39934276,1.01E-06,8.37E-13,1.21E+06,,0.174785243,0.270993644,0.355020877
10.39948564,1.01E-06,8.37E-13,1.21E+06,,0.174786988,0.270993644,0.355014438
10.39962852,1.01E-06,8.37E-13,1.21E+06,,0.174788734,0.270993644,0.355007995
10.3997714,1.01E-06,8.37E-13,1.21E+06,,0.174790479,0.270993644,0.355001556
10.39991427,1.01E-06,8.37E-13,1.21E+06,,0.174792225,0.270993644,0.354995113
10.40005715,1.01E-06,8.37E-13,1.21E+06,,0.174794091,0.270993644,0.354988227
10.40020003,1.01E-06,8.37E-13,1.21E+06,,0.17479614,0.270993644,0.354980666
10.40034291,1.01E-06,8.37E-13,1.21E+06,,0.174798189,0.270993644,0.354973105
10.40048578,1.01E-06,8.37E-13,1.21E+06,,0.174800238,0.270993644,0.354965544
10.40062866,1.01E-06,8.37E-13,1.21E+06,,0.174802286,0.270993644,0.354957986
10.40077154,1.01E-06,8.37E-13,1.21E+06,,0.174804335,0.270993644,0.354950425
10.40091442,1.01E-06,8.37E-13,1.21E+06,,0.174806384,0.270993644,0.354942864
10.40105729,1.01E-06,8.37E-13,1.21E+06,,0.174808433,0.270993644,0.354935303
10.40120017,1.01E-06,8.37E-13,1.21E+06,,0.174810481,0.270993644,0.354927746
10.40134305,1.01E-06,8.37E-13,1.21E+06,,0.17481253,0.270993644,0.354920185
10.40148593,1.01E-06,8.37E-13,1.21E+06,,0.174814579,0.270993644,0.354912624
10.4016288,1.01E-06,8.37E-13,1.21E+06,,0.174816628,0.270993644,0.354905063
10.40177168,1.01E-06,8.37E-13,1.21E+06,,0.174818676,0.270993644,0.354897505
10.40191456,1.01E-06,8.37E-13,1.21E+06,,0.174820725,0.270993644,0.354889944
10.40205744,1.01E-06,8.37E-13,1.21E+06,,0.174822774,0.270993644,0.354882383
10.40220031,1.01E-06,8.37E-13,1.21E+06,,0.174824823,0.270993644,0.354874822
10.40234319,1.01E-06,8.37E-13,1.21E+06,,0.174826871,0.270993644,0.354867265
10.40248607,1.01E-06,8.37E-13,1.21E+06,,0.17482892,0.270993644,0.354859704
10.40262895,1.01E-06,8.37E-13,1.21E+06,,0.174830969,0.270993644,0.354852142
10.40277182,1.01E-06,8.37E-13,1.21E+06,,0.174833018,0.270993644,0.354844581
10.4029147,1.01E-06,8.37E-13,1.21E+06,,0.174835066,0.270993644,0.354837024
10.40305758,1.01E-06,8.37E-13,1.21E+06,,0.174837115,0.270993644,0.354829463
10.40320046,1.01E-06,8.37E-13,1.21E+06,,0.174839164,0.270993644,0.354821902
10.40334333,1.01E-06,8.37E-13,1.21E+06,,0.174841213,0.270993644,0.354814341
10.40348621,1.01E-06,8.37E-13,1.21E+06,,0.174843261,0.270993644,0.354806783
10.40362909,1.01E-06,8.37E-13,1.21E+06,,0.17484531,0.270993644,0.354799222
10.40377197,1.01E-06,8.37E-13,1.21E+06,,0.174847359,0.270993644,0.354791661
10.40391484,1.01E-06,8.37E-13,1.21E+06,,0.174849408,0.270993644,0.3547841
10.40405772,1.01E-06,8.37E-13,1.21E+06,,0.174851456,0.270993644,0.354776543
10.4042006,1.01E-06,8.37E-13,1.21E+06,,0.174853505,0.270993644,0.354768982
10.40434348,1.01E-06,8.37E-13,1.21E+06,,0.174855554,0.270993644,0.354761421
10.40448636,1.01E-06,8.37E-13,1.21E+06,,0.174857603,0.270993644,0.35475386
10.40462923,1.01E-06,8.37E-13,1.21E+06,,0.174859651,0.270993644,0.354746302
10.40477211,1.01E-06,8.37E-13,1.21E+06,,0.1748617,0.270993644,0.354738741
10.40491499,1.01E-06,8.37E-13,1.21E+06,,0.174863749,0.270993644,0.35473118
10.40505787,1.01E-06,8.37E-13,1.21E+06,,0.174865798,0.270993644,0.354723619
10.40520074,1.01E-06,8.37E-13,1.21E+06,,0.174867846,0.270993644,0.354716062
10.40534362,1.01E-06,8.37E-13,1.21E+06,,0.174869895,0.270993644,0.354708501
10.4054865,1.00E-06,8.37E-13,1.19E+06,,0.174871944,0.270993644,0.35470094
10.40562938,1.00E-06,8.37E-13,1.19E+06,,0.174873993,0.270993644,0.354693379
10.40577225,1.00E-06,8.37E-13,1.19E+06,,0.174876041,0.270993644,0.354685821
10.40591513,1.00E-06,8.37E-13,1.19E+06,,0.17487809,0.270993644,0.35467826
10.40605801,1.00E-06,8.37E-13,1.19E+06,,0.174880139,0.270993644,0.354670699
10.40620089,1.00E-06,8.37E-13,1.19E+06,,0.174882188,0.270993644,0.354663138
10.40634376,1.00E-06,8.37E-13,1.19E+06,,0.174884236,0.270993644,0.354655581
10.40648664,1.00E-06,8.37E-13,1.19E+06,,0.174886285,0.270993644,0.35464802
10.40662952,1.00E-06,8.37E-13,1.19E+06,,0.174888334,0.270993644,0.354640459
10.4067724,1.00E-06,8.37E-13,1.19E+06,,0.174890383,0.270993644,0.354632897
10.40691527,1.00E-06,8.37E-13,1.19E+06,,0.174892431,0.270993644,0.35462534
10.40705815,1.00E-06,8.37E-13,1.19E+06,,0.17489448,0.270993644,0.354617779
10.40720103,1.00E-06,8.37E-13,1.19E+06,,0.174896529,0.270993644,0.354610218
10.40734391,1.00E-06,8.37E-13,1.19E+06,,0.174898578,0.270993644,0.354602657
10.40748678,1.00E-06,8.37E-13,1.19E+06,,0.174900626,0.270993644,0.3545951
10.40762966,1.00E-06,8.37E-13,1.19E+06,,0.174902675,0.270993644,0.354587538
10.40777254,1.00E-06,8.37E-13,1.19E+06,,0.174904724,0.270993644,0.354579977
10.40791542,1.00E-06,8.37E-13,1.19E+06,,0.174906773,0.270993644,0.354572416
10.40805829,1.00E-06,8.37E-13,1.19E+06,,0.174908821,0.270993644,0.354564859
10.40820117,1.00E-06,8.37E-13,1.19E+06,,0.17491087,0.270993644,0.354557298
10.40834405,1.00E-06,8.37E-13,1.19E+06,,0.174912919,0.270993644,0.354549737
10.40848693,1.00E-06,8.37E-13,1.19E+06,,0.174914968,0.270993644,0.354542176
10.4086298,1.00E-06,8.37E-13,1.19E+06,,0.174917016,0.270993644,0.354534618
10.40877268,1.00E-06,8.37E-13,1.19E+06,,0.174919065,0.270993644,0.354527057
10.40891556,1.00E-06,8.37E-13,1.19E+06,,0.174921114,0.270993644,0.354519496
10.40905844,1.00E-06,8.37E-13,1.19E+06,,0.174923163,0.270993644,0.354511935
10.40920131,1.00E-06,8.37E-13,1.19E+06,,0.174925211,0.270993644,0.354504378
10.40934419,1.00E-06,8.37E-13,1.19E+06,,0.17492726,0.270993644,0.354496817
10.40948707,1.00E-06,8.37E-13,1.19E+06,,0.174929309,0.270993644,0.354489256
10.40962995,1.00E-06,8.37E-13,1.19E+06,,0.174931358,0.270993644,0.354481695
10.40977282,1.00E-06,8.37E-13,1.19E+06,,0.174933406,0.270993644,0.354474137
10.4099157,1.00E-06,8.37E-13,1.19E+06,,0.174935455,0.270993644,0.354466576
10.41005858,1.00E-06,8.37E-13,1.19E+06,,0.174937504,0.270993644,0.354459015
10.41020146,1.00E-06,8.37E-13,1.19E+06,,0.174939553,0.270993644,0.354451454
10.41034433,1.00E-06,8.37E-13,1.19E+06,,0.174941601,0.270993644,0.354443897
10.41048721,1.00E-06,8.37E-13,1.19E+06,,0.17494365,0.270993644,0.354436336
10.41063009,1.00E-06,8.37E-13,1.19E+06,,0.174945699,0.270993644,0.354428775
10.41077297,1.00E-06,8.37E-13,1.19E+06,,0.174947748,0.270993644,0.354421214
10.41091585,1.00E-06,8.37E-13,1.19E+06,,0.174949796,0.270993644,0.354413656
10.41105872,1.00E-06,8.37E-13,1.19E+06,,0.174951845,0.270993644,0.354406095
10.4112016,1.00E-06,8.37E-13,1.19E+06,,0.174953894,0.270993644,0.354398534
10.41134448,1.00E-06,8.37E-13,1.19E+06,,0.174955943,0.270993644,0.354390973
10.41148736,9.99E-07,8.37E-13,1.19E+06,,0.174957991,0.270993644,0.354383416
10.41163023,9.99E-07,8.37E-13,1.19E+06,,0.17496004,0.270993644,0.354375855
10.41177311,9.99E-07,8.37E-13,1.19E+06,,0.174962089,0.270993644,0.354368293
10.41191599,9.99E-07,8.37E-13,1.19E+06,,0.174964138,0.270993644,0.354360732
10.41205887,9.99E-07,8.37E-13,1.19E+06,,0.174966186,0.270993644,0.354353175
10.41220174,9.99E-07,8.37E-13,1.19E+06,,0.174968235,0.270993644,0.354345614
10.41234462,9.99E-07,8.37E-13,1.19E+06,,0.174970284,0.270993644,0.354338053
10.4124875,9.99E-07,8.37E-13,1.19E+06,,0.174972333,0.270993644,0.354330492
10.41263038,9.98E-07,8.37E-13,1.19E+06,,0.174974381,0.270993644,0.354322934
10.41277325,9.98E-07,8.37E-13,1.19E+06,,0.17497643,0.270993644,0.354315373
10.41291613,9.98E-07,8.37E-13,1.19E+06,,0.174978479,0.270993644,0.354307812
10.41305901,9.98E-07,8.37E-13,1.19E+06,,0.174980528,0.270993644,0.354300251
10.41320189,9.98E-07,8.37E-13,1.19E+06,,0.174982576,0.270993644,0.354292694
10.41334476,9.98E-07,8.37E-13,1.19E+06,,0.174984625,0.270993644,0.354285133
10.41348764,9.98E-07,8.37E-13,1.19E+06,,0.174986674,0.270993644,0.354277572
10.41363052,9.97E-07,8.37E-13,1.19E+06,,0.174988723,0.270993644,0.354270011
10.4137734,9.97E-07,8.37E-13,1.19E+06,,0.174990771,0.270993644,0.354262453
10.41391627,9.97E-07,8.37E-13,1.19E+06,,0.17499282,0.270993644,0.354254892
10.41405915,9.97E-07,8.37E-13,1.19E+06,,0.174994869,0.270993644,0.354247331
10.41420203,9.97E-07,8.37E-13,1.19E+06,,0.174996918,0.270993644,0.35423977
10.41434491,9.97E-07,8.37E-13,1.19E+06,,0.174998966,0.270993644,0.354232213
10.41448778,9.97E-07,8.37E-13,1.19E+06,,0.175001015,0.270993644,0.354224652
10.41463066,9.97E-07,8.37E-13,1.19E+06,,0.175003064,0.270993644,0.354217091
10.41477354,9.96E-07,8.37E-13,1.19E+06,,0.175005113,0.270993644,0.35420953
10.41491642,9.96E-07,8.37E-13,1.19E+06,,0.175007161,0.270993644,0.354201972
10.41505929,9.96E-07,8.37E-13,1.19E+06,,0.17500921,0.270993644,0.354194411
10.41520217,9.96E-07,8.37E-13,1.19E+06,,0.175011259,0.270993644,0.35418685
10.41534505,9.96E-07,8.37E-13,1.19E+06,,0.175013308,0.270993644,0.354179289
10.41548793,9.96E-07,8.37E-13,1.19E+06,,0.175015356,0.270993644,0.354171732
10.4156308,9.96E-07,8.37E-13,1.19E+06,,0.175017405,0.270993644,0.354164171
10.41577368,9.95E-07,8.37E-13,1.19E+06,,0.175019454,0.270993644,0.35415661
10.41591656,9.95E-07,8.37E-13,1.19E+06,,0.175021503,0.270993644,0.354149048
10.41605944,9.95E-07,8.37E-13,1.19E+06,,0.175023551,0.270993644,0.354141491
10.41620231,9.95E-07,8.37E-13,1.19E+06,,0.1750256,0.270993644,0.35413393
10.41634519,9.95E-07,8.37E-13,1.19E+06,,0.175027649,0.270993644,0.354126369
10.41648807,9.95E-07,8.37E-13,1.19E+06,,0.175029698,0.270993644,0.354118808
10.41663095,9.95E-07,8.37E-13,1.19E+06,,0.175031746,0.270993644,0.354111251
10.41677382,9.95E-07,8.37E-13,1.19E+06,,0.175033795,0.270993644,0.354103689
10.4169167,9.94E-07,8.37E-13,1.19E+06,,0.175035844,0.270993644,0.354096128
10.41705958,9.94E-07,8.37E-13,1.19E+06,,0.175037893,0.270993644,0.354088567
10.41720246,9.94E-07,8.37E-13,1.19E+06,,0.175039941,0.270993644,0.35408101
10.41734534,9.94E-07,8.37E-13,1.19E+06,,0.17504199,0.270993644,0.354073449
10.41748821,9.94E-07,8.37E-13,1.19E+06,,0.175044039,0.270993644,0.354065888
10.41763109,9.94E-07,8.37E-13,1.19E+06,,0.175046088,0.270993644,0.354058327
10.41777397,9.94E-07,8.37E-13,1.19E+06,,0.175048136,0.270993644,0.354050769
10.41791685,9.94E-07,8.37E-13,1.19E+06,,0.175050185,0.270993644,0.354043208
10.41805972,9.93E-07,8.37E-13,1.19E+06,,0.175052234,0.270993644,0.354035647
10.4182026,9.93E-07,8.37E-13,1.19E+06,,0.175054283,0.270993644,0.354028086
10.41834548,9.93E-07,8.37E-13,1.19E+06,,0.175056331,0.270993644,0.354020529
10.41848836,9.93E-07,8.37E-13,1.19E+06,,0.17505838,0.270993644,0.354012968
10.41863123,9.93E-07,8.37E-13,1.19E+06,,0.175060429,0.270993644,0.354005407
10.41877411,9.93E-07,8.37E-13,1.19E+06,,0.175062478,0.270993644,0.353997846
10.41891699,9.93E-07,8.37E-13,1.19E+06,,0.175064526,0.270993644,0.353990288
10.41905987,9.92E-07,8.37E-13,1.18E+06,,0.175066575,0.270993644,0.353982727
10.41920274,9.92E-07,8.37E-13,1.18E+06,,0.175068624,0.270993644,0.353975166
10.41934562,9.92E-07,8.37E-13,1.18E+06,,0.175070673,0.270993644,0.353967605
10.4194885,9.92E-07,8.37E-13,1.18E+06,,0.175072721,0.270993644,0.353960048
10.41963138,9.92E-07,8.37E-13,1.18E+06,,0.17507477,0.270993644,0.353952487
10.41977425,9.92E-07,8.37E-13,1.18E+06,,0.175076819,0.270993644,0.353944926
10.41991713,9.92E-07,8.37E-13,1.18E+06,,0.175078868,0.270993644,0.353937365
10.42006001,9.92E-07,8.37E-13,1.18E+06,,0.175080916,0.270993644,0.353929807
10.42020289,9.91E-07,8.37E-13,1.18E+06,,0.175082965,0.270993644,0.353922246
10.42034576,9.91E-07,8.37E-13,1.18E+06,,0.175085014,0.270993644,0.353914685
10.42048864,9.91E-07,8.37E-13,1.18E+06,,0.175087063,0.270993644,0.353907124
10.42063152,9.91E-07,8.37E-13,1.18E+06,,0.175089111,0.270993644,0.353899567
10.4207744,9.91E-07,8.37E-13,1.18E+06,,0.17509116,0.270993644,0.353892006
10.42091727,9.91E-07,8.37E-13,1.18E+06,,0.175093209,0.270993644,0.353884444
10.42106015,9.91E-07,8.37E-13,1.18E+06,,0.175095258,0.270993644,0.353876883
10.42120303,9.90E-07,8.37E-13,1.18E+06,,0.175097306,0.270993644,0.353869326
10.42134591,9.90E-07,8.37E-13,1.18E+06,,0.175099355,0.270993644,0.353861765
10.42148878,9.90E-07,8.37E-13,1.18E+06,,0.175101404,0.270993644,0.353854204
10.42163166,9.90E-07,8.37E-13,1.18E+06,,0.175103453,0.270993644,0.353846643
10.42177454,9.90E-07,8.37E-13,1.18E+06,,0.175105501,0.270993644,0.353839085
10.42191742,9.90E-07,8.37E-13,1.18E+06,,0.17510755,0.270993644,0.353831524
10.42206029,9.90E-07,8.37E-13,1.18E+06,,0.175109599,0.270993644,0.353823963
10.42220317,9.90E-07,8.37E-13,1.18E+06,,0.175111648,0.270993644,0.353816402
10.42234605,9.89E-07,8.37E-13,1.18E+06,,0.175113696,0.270993644,0.353808845
10.42248893,9.89E-07,8.37E-13,1.18E+06,,0.175115745,0.270993644,0.353801284
10.4226318,9.89E-07,8.37E-13,1.18E+06,,0.175117794,0.270993644,0.353793723
10.42277468,9.89E-07,8.37E-13,1.18E+06,,0.175119842,0.270993644,0.353786165
10.42291756,9.89E-07,8.37E-13,1.18E+06,,0.175121891,0.270993644,0.353778604
10.42306044,9.89E-07,8.37E-13,1.18E+06,,0.17512394,0.270993644,0.353771043
10.42320331,9.89E-07,8.37E-13,1.18E+06,,0.175125989,0.270993644,0.353763482
10.42334619,9.89E-07,8.37E-13,1.18E+06,,0.175128037,0.270993644,0.353755925
10.42348907,9.88E-07,8.37E-13,1.18E+06,,0.175130086,0.270993644,0.353748364
10.42363195,9.88E-07,8.37E-13,1.18E+06,,0.175132135,0.270993644,0.353740803
10.42377482,9.88E-07,8.37E-13,1.18E+06,,0.175134184,0.270993644,0.353733242
10.4239177,9.88E-07,8.37E-13,1.18E+06,,0.175136232,0.270993644,0.353725684
10.42406058,9.88E-07,8.37E-13,1.18E+06,,0.175138281,0.270993644,0.353718123
10.42420346,9.88E-07,8.37E-13,1.18E+06,,0.17514033,0.270993644,0.353710562
10.42434634,9.88E-07,8.37E-13,1.18E+06,,0.175142379,0.270993644,0.353703001
10.42448921,9.87E-07,8.37E-13,1.18E+06,,0.175144427,0.270993644,0.353695444
10.42463209,9.87E-07,8.37E-13,1.18E+06,,0.175146476,0.270993644,0.353687883
10.42477497,9.87E-07,8.37E-13,1.18E+06,,0.175148525,0.270993644,0.353680322
10.42491785,9.87E-07,8.37E-13,1.18E+06,,0.175150574,0.270993644,0.353672761
10.42506072,9.87E-07,8.37E-13,1.18E+06,,0.175152622,0.270993644,0.353665203
10.4252036,9.87E-07,8.37E-13,1.18E+06,,0.175154671,0.270993644,0.353657642
10.42534648,9.87E-07,8.37E-13,1.18E+06,,0.17515672,0.270993644,0.353650081
10.42548936,9.87E-07,8.37E-13,1.18E+06,,0.175158769,0.270993644,0.35364252
10.42563223,9.86E-07,8.37E-13,1.18E+06,,0.175160817,0.270993644,0.353634963
10.42577511,9.86E-07,8.37E-13,1.18E+06,,0.175162866,0.270993644,0.353627402
10.42591799,9.86E-07,8.37E-13,1.18E+06,,0.175164915,0.270993644,0.35361984
10.42606087,9.86E-07,8.37E-13,1.18E+06,,0.175166964,0.270993644,0.353612279
10.42620374,9.86E-07,8.37E-13,1.18E+06,,0.175169012,0.270993644,0.353604722
10.42634662,9.86E-07,8.37E-13,1.18E+06,,0.175171061,0.270993644,0.353597161
10.4264895,9.86E-07,8.37E-13,1.18E+06,,0.17517311,0.270993644,0.3535896
10.42663238,9.85E-07,8.37E-13,1.18E+06,,0.175175159,0.270993644,0.353582039
10.42677525,9.85E-07,8.37E-13,1.18E+06,,0.175177207,0.270993644,0.353574481
10.42691813,9.85E-07,8.37E-13,1.18E+06,,0.175179256,0.270993644,0.35356692
10.42706101,9.85E-07,8.37E-13,1.18E+06,,0.175181305,0.270993644,0.353559359
10.42720389,9.85E-07,8.37E-13,1.18E+06,,0.175183354,0.270993644,0.353551798
10.42734676,9.85E-07,8.37E-13,1.18E+06,,0.175185402,0.270993644,0.353544241
10.42748964,9.85E-07,8.37E-13,1.18E+06,,0.175187451,0.270993644,0.35353668
10.42763252,9.85E-07,8.37E-13,1.18E+06,,0.1751895,0.270993644,0.353529119
10.4277754,9.84E-07,8.37E-13,1.17E+06,,0.175191549,0.270993644,0.353521558
10.42791827,9.84E-07,8.37E-13,1.17E+06,,0.175193597,0.270993644,0.353514
10.42806115,9.84E-07,8.37E-13,1.17E+06,,0.175195646,0.270993644,0.353506439
10.42820403,9.84E-07,8.37E-13,1.17E+06,,0.175197695,0.270993644,0.353498878
10.42834691,9.84E-07,8.37E-13,1.17E+06,,0.175199744,0.270993644,0.353491317
10.42848978,9.84E-07,8.37E-13,1.17E+06,,0.175201792,0.270993644,0.35348376
10.42863266,9.84E-07,8.37E-13,1.17E+06,,0.175203841,0.270993644,0.353476199
10.42877554,9.84E-07,8.37E-13,1.17E+06,,0.17520589,0.270993644,0.353468638
10.42891842,9.83E-07,8.37E-13,1.17E+06,,0.175207939,0.270993644,0.353461077
10.42906129,9.83E-07,8.37E-13,1.17E+06,,0.175209987,0.270993644,0.353453519
10.42920417,9.83E-07,8.37E-13,1.17E+06,,0.175212036,0.270993644,0.353445958
10.42934705,9.83E-07,8.37E-13,1.17E+06,,0.175214085,0.270993644,0.353438397
10.42948993,9.83E-07,8.37E-13,1.17E+06,,0.175216134,0.270993644,0.353430836
10.4296328,9.83E-07,8.37E-13,1.17E+06,,0.175218182,0.270993644,0.353423279
10.42977568,9.83E-07,8.37E-13,1.17E+06,,0.175220231,0.270993644,0.353415718
10.42991856,9.82E-07,8.37E-13,1.17E+06,,0.17522228,0.270993644,0.353408157
10.43006144,9.82E-07,8.37E-13,1.17E+06,,0.175224329,0.270993644,0.353400595
10.43020431,9.82E-07,8.37E-13,1.17E+06,,0.175226377,0.270993644,0.353393038
10.43034719,9.82E-07,8.37E-13,1.17E+06,,0.175228426,0.270993644,0.353385477
10.43049007,9.82E-07,8.37E-13,1.17E+06,,0.175230475,0.270993644,0.353377916
10.43063295,9.82E-07,8.37E-13,1.17E+06,,0.175232524,0.270993644,0.353370355
10.43077583,9.82E-07,8.37E-13,1.17E+06,,0.175234572,0.270993644,0.353362798
10.4309187,9.82E-07,8.37E-13,1.17E+06,,0.175236621,0.270993644,0.353355236
10.43106158,9.81E-07,8.37E-13,1.17E+06,,0.17523867,0.270993644,0.353347675
10.43120446,9.81E-07,8.37E-13,1.17E+06,,0.175240719,0.270993644,0.353340114
10.43134734,9.81E-07,8.37E-13,1.17E+06,,0.175242767,0.270993644,0.353332557
10.43149021,9.81E-07,8.37E-13,1.17E+06,,0.175244816,0.270993644,0.353324996
10.43163309,9.81E-07,8.37E-13,1.17E+06,,0.175246865,0.270993644,0.353317435
10.43177597,9.81E-07,8.37E-13,1.17E+06,,0.175248914,0.270993644,0.353309874
10.43191885,9.81E-07,8.37E-13,1.17E+06,,0.175250962,0.270993644,0.353302316
10.43206172,9.81E-07,8.37E-13,1.17E+06,,0.175253011,0.270993644,0.353294755
10.4322046,9.80E-07,8.37E-13,1.17E+06,,0.17525506,0.270993644,0.353287194
10.43234748,9.80E-07,8.37E-13,1.17E+06,,0.175257109,0.270993644,0.353279633
10.43249036,9.80E-07,8.37E-13,1.17E+06,,0.175259157,0.270993644,0.353272076
10.43263323,9.80E-07,8.37E-13,1.17E+06,,0.175261206,0.270993644,0.353264515
10.43277611,9.80E-07,8.37E-13,1.17E+06,,0.175263255,0.270993644,0.353256954
10.43291899,9.80E-07,8.37E-13,1.17E+06,,0.175265304,0.270993644,0.353249393
10.43306187,9.80E-07,8.37E-13,1.17E+06,,0.175267352,0.270993644,0.353241835
10.43320474,9.79E-07,8.37E-13,1.17E+06,,0.175269401,0.270993644,0.353234274
10.43334762,9.79E-07,8.37E-13,1.17E+06,,0.17527145,0.270993644,0.353226713
10.4334905,9.79E-07,8.37E-13,1.17E+06,,0.175273499,0.270993644,0.353219152
10.43363338,9.79E-07,8.37E-13,1.17E+06,,0.175275547,0.270993644,0.353211595
10.43377625,9.79E-07,8.37E-13,1.17E+06,,0.175277596,0.270993644,0.353204034
10.43391913,9.79E-07,8.37E-13,1.17E+06,,0.175279645,0.270993644,0.353196473
10.43406201,9.79E-07,8.37E-13,1.17E+06,,0.175281694,0.270993644,0.353188912
10.43420489,9.79E-07,8.37E-13,1.17E+06,,0.175283742,0.270993644,0.353181354
10.43434776,9.78E-07,8.37E-13,1.17E+06,,0.175285791,0.270993644,0.353173793
10.43449064,9.78E-07,8.37E-13,1.17E+06,,0.17528784,0.270993644,0.353166232
10.43463352,9.78E-07,8.37E-13,1.17E+06,,0.175289889,0.270993644,0.353158671
10.4347764,9.78E-07,8.37E-13,1.17E+06,,0.175291937,0.270993644,0.353151114
10.43491927,9.78E-07,8.37E-13,1.17E+06,,0.175293986,0.270993644,0.353143553
10.43506215,9.78E-07,8.37E-13,1.17E+06,,0.175296035,0.270993644,0.353135991
10.43520503,9.78E-07,8.37E-13,1.17E+06,,0.175298084,0.270993644,0.35312843
10.43534791,9.77E-07,8.37E-13,1.17E+06,,0.175300132,0.270993644,0.353120873
10.43549078,9.77E-07,8.37E-13,1.17E+06,,0.175302181,0.270993644,0.353113312
10.43563366,9.77E-07,8.37E-13,1.17E+06,,0.17530423,0.270993644,0.353105751
10.43577654,9.77E-07,8.37E-13,1.17E+06,,0.175306279,0.270993644,0.35309819
10.43591942,9.77E-07,8.37E-13,1.17E+06,,0.175308327,0.270993644,0.353090632
10.43606229,9.77E-07,8.37E-13,1.17E+06,,0.175310376,0.270993644,0.353083071
10.43620517,9.77E-07,8.37E-13,1.17E+06,,0.175312425,0.270993644,0.35307551
10.43634805,9.77E-07,8.37E-13,1.17E+06,,0.175314474,0.270993644,0.353067949
10.43649093,9.76E-07,8.37E-13,1.17E+06,,0.175316522,0.270993644,0.353060392
10.4366338,9.76E-07,8.37E-13,1.17E+06,,0.175318571,0.270993644,0.353052831
10.43677668,9.76E-07,8.37E-13,1.17E+06,,0.17532062,0.270993644,0.35304527
10.43691956,9.76E-07,8.37E-13,1.17E+06,,0.175322669,0.270993644,0.353037709
10.43706244,9.76E-07,8.37E-13,1.17E+06,,0.175324717,0.270993644,0.353030151
10.43720532,9.76E-07,8.37E-13,1.17E+06,,0.175326766,0.270993644,0.35302259
10.43734819,9.76E-07,8.37E-13,1.17E+06,,0.175328815,0.270993644,0.353015029
10.43749107,9.76E-07,8.37E-13,1.17E+06,,0.175330864,0.270993644,0.353007468
10.43763395,9.75E-07,8.37E-13,1.16E+06,,0.175332912,0.270993644,0.352999911
10.43777683,9.75E-07,8.37E-13,1.16E+06,,0.175334961,0.270993644,0.35299235
10.4379197,9.75E-07,8.37E-13,1.16E+06,,0.17533701,0.270993644,0.352984789
10.43806258,9.75E-07,8.37E-13,1.16E+06,,0.175339059,0.270993644,0.352977228
10.43820546,9.75E-07,8.37E-13,1.16E+06,,0.175341107,0.270993644,0.35296967
10.43834834,9.75E-07,8.37E-13,1.16E+06,,0.175343156,0.270993644,0.352962109
10.43849121,9.75E-07,8.37E-13,1.16E+06,,0.175345205,0.270993644,0.352954548
10.43863409,9.74E-07,8.37E-13,1.16E+06,,0.175347254,0.270993644,0.352946987
10.43877697,9.74E-07,8.37E-13,1.16E+06,,0.175349302,0.270993644,0.35293943
10.43891985,9.74E-07,8.37E-13,1.16E+06,,0.175351351,0.270993644,0.352931869
10.43906272,9.74E-07,8.37E-13,1.16E+06,,0.1753534,0.270993644,0.352924308
10.4392056,9.74E-07,8.37E-13,1.16E+06,,0.175355449,0.270993644,0.352916747
10.43934848,9.74E-07,8.37E-13,1.16E+06,,0.175357497,0.270993644,0.352909189
10.43949136,9.74E-07,8.37E-13,1.16E+06,,0.175359546,0.270993644,0.352901628
10.43963423,9.74E-07,8.37E-13,1.16E+06,,0.175361595,0.270993644,0.352894067
10.43977711,9.73E-07,8.37E-13,1.16E+06,,0.175363644,0.270993644,0.352886506
10.43991999,9.73E-07,8.37E-13,1.16E+06,,0.175365692,0.270993644,0.352878949
10.44006287,9.73E-07,8.37E-13,1.16E+06,,0.175367741,0.270993644,0.352871388
10.44020574,9.73E-07,8.37E-13,1.16E+06,,0.17536979,0.270993644,0.352863826
10.44034862,9.73E-07,8.37E-13,1.16E+06,,0.175371839,0.270993644,0.352856265
10.4404915,9.73E-07,8.37E-13,1.16E+06,,0.175373887,0.270993644,0.352848708
10.44063438,9.73E-07,8.37E-13,1.16E+06,,0.175375936,0.270993644,0.352841147
10.44077725,9.72E-07,8.37E-13,1.16E+06,,0.175377985,0.270993644,0.352833586
10.44092013,9.72E-07,8.37E-13,1.16E+06,,0.175380034,0.270993644,0.352826025
10.44106301,9.72E-07,8.37E-13,1.16E+06,,0.175382082,0.270993644,0.352818467
10.44120589,9.72E-07,8.37E-13,1.16E+06,,0.175384131,0.270993644,0.352810906
10.44134876,9.72E-07,8.37E-13,1.16E+06,,0.17538618,0.270993644,0.352803345
10.44149164,9.72E-07,8.37E-13,1.16E+06,,0.175388229,0.270993644,0.352795784
10.44163452,9.72E-07,8.37E-13,1.16E+06,,0.175390277,0.270993644,0.352788227
10.4417774,9.72E-07,8.37E-13,1.16E+06,,0.175392326,0.270993644,0.352780666
10.44192027,9.71E-07,8.37E-13,1.16E+06,,0.175394375,0.270993644,0.352773105
10.44206315,9.71E-07,8.37E-13,1.16E+06,,0.175396424,0.270993644,0.352765544
10.44220603,9.71E-07,8.37E-13,1.16E+06,,0.175398472,0.270993644,0.352757986
10.44234891,9.71E-07,8.37E-13,1.16E+06,,0.175400521,0.270993644,0.352750425
10.44249178,9.71E-07,8.37E-13,1.16E+06,,0.17540257,0.270993644,0.352742864
10.44263466,9.71E-07,8.37E-13,1.16E+06,,0.175404619,0.270993644,0.352735303
10.44277754,9.71E-07,8.37E-13,1.16E+06,,0.175406667,0.270993644,0.352727746
10.44292042,9.71E-07,8.37E-13,1.16E+06,,0.175408716,0.270993644,0.352720185
10.44306329,9.70E-07,8.37E-13,1.16E+06,,0.175410765,0.270993644,0.352712624
10.44320617,9.70E-07,8.37E-13,1.16E+06,,0.175412814,0.270993644,0.352705063
10.44334905,9.70E-07,8.37E-13,1.16E+06,,0.175414862,0.270993644,0.352697505
10.44349193,9.70E-07,8.37E-13,1.16E+06,,0.175416911,0.270993644,0.352689944
10.4436348,9.70E-07,8.37E-13,1.16E+06,,0.17541896,0.270993644,0.352682383
10.44377768,9.70E-07,8.37E-13,1.16E+06,,0.175421009,0.270993644,0.352674822
10.44392056,9.70E-07,8.37E-13,1.16E+06,,0.175423057,0.270993644,0.352667265
10.44406344,9.69E-07,8.37E-13,1.16E+06,,0.175425106,0.270993644,0.352659704
10.44420632,9.69E-07,8.37E-13,1.16E+06,,0.175427155,0.270993644,0.352652143
10.44434919,9.69E-07,8.37E-13,1.16E+06,,0.175429204,0.270993644,0.352644581
10.44449207,9.69E-07,8.37E-13,1.16E+06,,0.175431252,0.270993644,0.352637024
10.44463495,9.69E-07,8.37E-13,1.16E+06,,0.175433301,0.270993644,0.352629463
10.44477783,9.69E-07,8.37E-13,1.16E+06,,0.17543535,0.270993644,0.352621902
10.4449207,9.69E-07,8.37E-13,1.16E+06,,0.175437398,0.270993644,0.352614345
10.44506358,9.69E-07,8.37E-13,1.16E+06,,0.175439447,0.270993644,0.352606784
10.44520646,9.68E-07,8.37E-13,1.16E+06,,0.175441496,0.270993644,0.352599222
10.44534934,9.68E-07,8.37E-13,1.16E+06,,0.175443545,0.270993644,0.352591661
10.44549221,9.68E-07,8.37E-13,1.16E+06,,0.175445593,0.270993644,0.352584104
10.44563509,9.68E-07,8.37E-13,1.16E+06,,0.175447642,0.270993644,0.352576543
10.44577797,9.68E-07,8.37E-13,1.16E+06,,0.175449691,0.270993644,0.352568982
10.44592085,9.68E-07,8.37E-13,1.16E+06,,0.17545174,0.270993644,0.352561421
10.44606372,9.68E-07,8.37E-13,1.16E+06,,0.175453788,0.270993644,0.352553863
10.4462066,9.67E-07,8.37E-13,1.15E+06,,0.175455837,0.270993644,0.352546302
10.44634948,9.67E-07,8.37E-13,1.15E+06,,0.175457886,0.270993644,0.352538741
10.44649236,9.67E-07,8.37E-13,1.15E+06,,0.175459935,0.270993644,0.35253118
10.44663523,9.67E-07,8.37E-13,1.15E+06,,0.175461983,0.270993644,0.352523623
10.44677811,9.67E-07,8.37E-13,1.15E+06,,0.175464032,0.270993644,0.352516062
10.44692099,9.67E-07,8.37E-13,1.15E+06,,0.175466081,0.270993644,0.352508501
10.44706387,9.67E-07,8.37E-13,1.15E+06,,0.17546813,0.270993644,0.35250094
10.44720674,9.67E-07,8.37E-13,1.15E+06,,0.175470178,0.270993644,0.352493382
10.44734962,9.66E-07,8.37E-13,1.15E+06,,0.175472227,0.270993644,0.352485821
10.4474925,9.66E-07,8.37E-13,1.15E+06,,0.175474276,0.270993644,0.35247826
10.44763538,9.66E-07,8.37E-13,1.15E+06,,0.175476325,0.270993644,0.352470699
10.44777825,9.66E-07,8.37E-13,1.15E+06,,0.175478373,0.270993644,0.352463142
10.44792113,9.66E-07,8.37E-13,1.15E+06,,0.175480422,0.270993644,0.352455581
10.44806401,9.66E-07,8.37E-13,1.15E+06,,0.175482471,0.270993644,0.35244802
10.44820689,9.66E-07,8.37E-13,1.15E+06,,0.17548452,0.270993644,0.352440459
10.44834976,9.66E-07,8.37E-13,1.15E+06,,0.175486568,0.270993644,0.352432901
10.44849264,9.65E-07,8.37E-13,1.15E+06,,0.175488617,0.270993644,0.35242534
10.44863552,9.65E-07,8.37E-13,1.15E+06,,0.175490666,0.270993644,0.352417779
10.4487784,9.65E-07,8.37E-13,1.15E+06,,0.175492715,0.270993644,0.352410218
10.44892127,9.65E-07,8.37E-13,1.15E+06,,0.175494763,0.270993644,0.352402661
10.44906415,9.65E-07,8.37E-13,1.15E+06,,0.175496812,0.270993644,0.3523951
10.44920703,9.65E-07,8.37E-13,1.15E+06,,0.175498861,0.270993644,0.352387539
10.44934991,9.65E-07,8.37E-13,1.15E+06,,0.17550091,0.270993644,0.352379977
10.44949278,9.64E-07,8.37E-13,1.15E+06,,0.175502958,0.270993644,0.35237242
10.44963566,9.64E-07,8.37E-13,1.15E+06,,0.175505007,0.270993644,0.352364859
10.44977854,9.64E-07,8.37E-13,1.15E+06,,0.175507056,0.270993644,0.352357298
10.44992142,9.64E-07,8.37E-13,1.15E+06,,0.175509105,0.270993644,0.352349737
10.45006429,9.64E-07,8.37E-13,1.15E+06,,0.175511153,0.270993644,0.35234218
10.45020717,9.64E-07,8.37E-13,1.15E+06,,0.175513202,0.270993644,0.352334618
10.45035005,9.64E-07,8.37E-13,1.15E+06,,0.175515251,0.270993644,0.352327057
10.45049293,9.64E-07,8.37E-13,1.15E+06,,0.1755173,0.270993644,0.352319496
10.45063581,9.63E-07,8.37E-13,1.15E+06,,0.175519348,0.270993644,0.352311939
10.45077868,9.63E-07,8.37E-13,1.15E+06,,0.175521397,0.270993644,0.352304378
10.45092156,9.63E-07,8.37E-13,1.15E+06,,0.175523446,0.270993644,0.352296817
10.45106444,9.63E-07,8.37E-13,1.15E+06,,0.175525495,0.270993644,0.352289256
10.45120732,9.63E-07,8.37E-13,1.15E+06,,0.175527543,0.270993644,0.352281698
10.45135019,9.63E-07,8.37E-13,1.15E+06,,0.175529592,0.270993644,0.352274137
10.45149307,9.63E-07,8.37E-13,1.15E+06,,0.175531641,0.270993644,0.352266576
10.45163595,9.62E-07,8.37E-13,1.15E+06,,0.17553369,0.270993644,0.352259015
10.45177883,9.62E-07,8.37E-13,1.15E+06,,0.175535738,0.270993644,0.352251458
10.4519217,9.62E-07,8.37E-13,1.15E+06,,0.175537787,0.270993644,0.352243897
10.45206458,9.62E-07,8.37E-13,1.15E+06,,0.175539836,0.270993644,0.352236336
10.45220746,9.62E-07,8.37E-13,1.15E+06,,0.175541885,0.270993644,0.352228775
10.45235034,9.62E-07,8.37E-13,1.15E+06,,0.175543933,0.270993644,0.352221217
10.45249321,9.62E-07,8.37E-13,1.15E+06,,0.175545982,0.270993644,0.352213656
10.45263609,9.62E-07,8.37E-13,1.15E+06,,0.175548031,0.270993644,0.352206095
10.45277897,9.61E-07,8.37E-13,1.15E+06,,0.17555008,0.270993644,0.352198534
10.45292185,9.61E-07,8.37E-13,1.15E+06,,0.175552128,0.270993644,0.352190977
10.45306472,9.61E-07,8.37E-13,1.15E+06,,0.175554177,0.270993644,0.352183416
10.4532076,9.61E-07,8.37E-13,1.15E+06,,0.175556226,0.270993644,0.352175855
10.45335048,9.61E-07,8.37E-13,1.15E+06,,0.175558275,0.270993644,0.352168294
10.45349336,9.61E-07,8.37E-13,1.15E+06,,0.175560323,0.270993644,0.352160736
10.45363623,9.61E-07,8.37E-13,1.15E+06,,0.175562372,0.270993644,0.352153175
10.45377911,9.61E-07,8.37E-13,1.15E+06,,0.175564421,0.270993644,0.352145614
10.45392199,9.60E-07,8.37E-13,1.15E+06,,0.17556647,0.270993644,0.352138053
10.45406487,9.60E-07,8.37E-13,1.15E+06,,0.175568518,0.270993644,0.352130496
10.45420774,9.60E-07,8.37E-13,1.15E+06,,0.175570567,0.270993644,0.352122935
10.45435062,9.60E-07,8.37E-13,1.15E+06,,0.175572616,0.270993644,0.352115373
10.4544935,9.60E-07,8.37E-13,1.15E+06,,0.175574665,0.270993644,0.352107812
10.45463638,9.60E-07,8.37E-13,1.15E+06,,0.175576713,0.270993644,0.352100255
10.45477925,9.60E-07,8.37E-13,1.15E+06,,0.175578762,0.270993644,0.352092694
10.45492213,9.59E-07,8.37E-13,1.15E+06,,0.175580811,0.270993644,0.352085133
10.45506501,9.59E-07,8.37E-13,1.15E+06,,0.17558286,0.270993644,0.352077572
10.45520789,9.59E-07,8.37E-13,1.15E+06,,0.175584908,0.270993644,0.352070014
10.45535076,9.59E-07,8.37E-13,1.15E+06,,0.175586957,0.270993644,0.352062453
10.45549364,9.59E-07,8.37E-13,1.15E+06,,0.175589006,0.270993644,0.352054892
10.45563652,9.59E-07,8.37E-13,1.15E+06,,0.175591055,0.270993644,0.352047331
10.4557794,9.59E-07,8.37E-13,1.15E+06,,0.175593103,0.270993644,0.352039774
10.45592227,9.59E-07,8.37E-13,1.15E+06,,0.175595152,0.270993644,0.352032213
10.45606515,9.58E-07,8.37E-13,1.14E+06,,0.175597201,0.270993644,0.352024652
10.45620803,9.58E-07,8.37E-13,1.14E+06,,0.17559925,0.270993644,0.352017091
10.45635091,9.58E-07,8.37E-13,1.14E+06,,0.175601298,0.270993644,0.352009533
10.45649378,9.58E-07,8.37E-13,1.14E+06,,0.175603347,0.270993644,0.352001972
10.45663666,9.58E-07,8.37E-13,1.14E+06,,0.175605396,0.270993644,0.351994411
10.45677954,9.58E-07,8.37E-13,1.14E+06,,0.175607445,0.270993644,0.35198685
10.45692242,9.58E-07,8.37E-13,1.14E+06,,0.175609493,0.270993644,0.351979293
10.4570653,9.57E-07,8.37E-13,1.14E+06,,0.175611542,0.270993644,0.351971732
10.45720817,9.57E-07,8.37E-13,1.14E+06,,0.175613591,0.270993644,0.351964171
10.45735105,9.57E-07,8.37E-13,1.14E+06,,0.17561564,0.270993644,0.35195661
10.45749393,9.57E-07,8.37E-13,1.14E+06,,0.175617688,0.270993644,0.351949052
10.45763681,9.57E-07,8.37E-13,1.14E+06,,0.175619737,0.270993644,0.351941491
10.45777968,9.57E-07,8.37E-13,1.14E+06,,0.175621786,0.270993644,0.35193393
10.45792256,9.57E-07,8.37E-13,1.14E+06,,0.175623835,0.270993644,0.351926369
10.45806544,9.57E-07,8.37E-13,1.14E+06,,0.175625883,0.270993644,0.351918812
10.45820832,9.56E-07,8.37E-13,1.14E+06,,0.175627932,0.270993644,0.351911251
10.45835119,9.56E-07,8.37E-13,1.14E+06,,0.175629981,0.270993644,0.35190369
10.45849407,9.56E-07,8.37E-13,1.14E+06,,0.17563203,0.270993644,0.351896128
10.45863695,9.56E-07,8.37E-13,1.14E+06,,0.175634078,0.270993644,0.351888571
10.45877983,9.56E-07,8.37E-13,1.14E+06,,0.175636127,0.270993644,0.35188101
10.4589227,9.56E-07,8.37E-13,1.14E+06,,0.175638176,0.270993644,0.351873449
10.45906558,9.56E-07,8.37E-13,1.14E+06,,0.175640225,0.270993644,0.351865888
10.45920846,9.56E-07,8.37E-13,1.14E+06,,0.175642273,0.270993644,0.351858331
10.45935134,9.55E-07,8.37E-13,1.14E+06,,0.175644322,0.270993644,0.351850769
10.45949421,9.55E-07,8.37E-13,1.14E+06,,0.175646371,0.270993644,0.351843208
10.45963709,9.55E-07,8.37E-13,1.14E+06,,0.17564842,0.270993644,0.351835647
10.45977997,9.55E-07,8.37E-13,1.14E+06,,0.175650468,0.270993644,0.35182809
10.45992285,9.55E-07,8.37E-13,1.14E+06,,0.175652517,0.270993644,0.351820529
10.46006572,9.55E-07,8.37E-13,1.14E+06,,0.175654566,0.270993644,0.351812968
10.4602086,9.55E-07,8.37E-13,1.14E+06,,0.175656615,0.270993644,0.351805407
10.46035148,9.54E-07,8.37E-13,1.14E+06,,0.175658663,0.270993644,0.351797849
10.46049436,9.54E-07,8.37E-13,1.14E+06,,0.175660712,0.270993644,0.351790288
10.46063723,9.54E-07,8.37E-13,1.14E+06,,0.175662761,0.270993644,0.351782727
10.46078011,9.54E-07,8.37E-13,1.14E+06,,0.17566481,0.270993644,0.351775166
10.46092299,9.54E-07,8.37E-13,1.14E+06,,0.175666858,0.270993644,0.351767609
10.46106587,9.54E-07,8.37E-13,1.14E+06,,0.175668907,0.270993644,0.351760048
10.46120874,9.54E-07,8.37E-13,1.14E+06,,0.175670956,0.270993644,0.351752487
10.46135162,9.54E-07,8.37E-13,1.14E+06,,0.175673005,0.270993644,0.351744926
10.4614945,9.53E-07,8.37E-13,1.14E+06,,0.175675053,0.270993644,0.351737368
10.46163738,9.53E-07,8.37E-13,1.14E+06,,0.175677102,0.270993644,0.351729807
10.46178025,9.53E-07,8.37E-13,1.14E+06,,0.175679151,0.270993644,0.351722246
10.46192313,9.53E-07,8.37E-13,1.14E+06,,0.1756812,0.270993644,0.351714685
10.46206601,9.53E-07,8.37E-13,1.14E+06,,0.175683248,0.270993644,0.351707128
10.46220889,9.53E-07,8.37E-13,1.14E+06,,0.175685297,0.270993644,0.351699567
10.46235176,9.53E-07,8.37E-13,1.14E+06,,0.175687346,0.270993644,0.351692006
10.46249464,9.53E-07,8.37E-13,1.14E+06,,0.175689395,0.270993644,0.351684445
10.46263752,9.52E-07,8.37E-13,1.14E+06,,0.175691443,0.270993644,0.351676887
10.4627804,9.52E-07,8.37E-13,1.14E+06,,0.175693492,0.270993644,0.351669326
10.46292327,9.52E-07,8.37E-13,1.14E+06,,0.175695541,0.270993644,0.351661765
10.46306615,9.52E-07,8.37E-13,1.14E+06,,0.17569759,0.270993644,0.351654204
10.46320903,9.52E-07,8.37E-13,1.14E+06,,0.175699638,0.270993644,0.351646647
10.46335191,9.52E-07,8.37E-13,1.14E+06,,0.175701687,0.270993644,0.351639086
10.46349478,9.52E-07,8.37E-13,1.14E+06,,0.175703736,0.270993644,0.351631524
10.46363766,9.51E-07,8.37E-13,1.14E+06,,0.175705785,0.270993644,0.351623963
10.46378054,9.51E-07,8.37E-13,1.14E+06,,0.175707833,0.270993644,0.351616406
10.46392342,9.51E-07,8.37E-13,1.14E+06,,0.175709882,0.270993644,0.351608845
10.4640663,9.51E-07,8.37E-13,1.14E+06,,0.175711931,0.270993644,0.351601284
10.46420917,9.51E-07,8.37E-13,1.14E+06,,0.17571398,0.270993644,0.351593723
10.46435205,9.51E-07,8.37E-13,1.14E+06,,0.175716028,0.270993644,0.351586165
10.46449493,9.51E-07,8.37E-13,1.14E+06,,0.175718077,0.270993644,0.351578604
10.46463781,9.51E-07,8.37E-13,1.14E+06,,0.175720126,0.270993644,0.351571043
10.46478068,9.50E-07,8.37E-13,1.13E+06,,0.175722175,0.270993644,0.351563482
10.46492356,9.50E-07,8.37E-13,1.13E+06,,0.175724223,0.270993644,0.351555925
10.46506644,9.50E-07,8.37E-13,1.13E+06,,0.175726272,0.270993644,0.351548364
10.46520932,9.50E-07,8.37E-13,1.13E+06,,0.175728321,0.270993644,0.351540803
10.46535219,9.50E-07,8.37E-13,1.13E+06,,0.17573037,0.270993644,0.351533242
10.46549507,9.50E-07,8.37E-13,1.13E+06,,0.175732418,0.270993644,0.351525684
10.46563795,9.50E-07,8.37E-13,1.13E+06,,0.175734467,0.270993644,0.351518123
10.46578083,9.49E-07,8.37E-13,1.13E+06,,0.175736516,0.270993644,0.351510562
10.4659237,9.49E-07,8.37E-13,1.13E+06,,0.175738565,0.270993644,0.351503001
10.46606658,9.49E-07,8.37E-13,1.13E+06,,0.175740613,0.270993644,0.351495444
10.46620946,9.49E-07,8.37E-13,1.13E+06,,0.175742662,0.270993644,0.351487883
10.46635234,9.49E-07,8.37E-13,1.13E+06,,0.175744711,0.270993644,0.351480322
10.46649521,9.49E-07,8.37E-13,1.13E+06,,0.17574676,0.270993644,0.351472761
10.46663809,9.49E-07,8.37E-13,1.13E+06,,0.175748808,0.270993644,0.351465203
10.46678097,9.49E-07,8.37E-13,1.13E+06,,0.175750857,0.270993644,0.351457642
10.46692385,9.48E-07,8.37E-13,1.13E+06,,0.175752906,0.270993644,0.351450081
10.46706672,9.48E-07,8.37E-13,1.13E+06,,0.175754954,0.270993644,0.351442524
10.4672096,9.48E-07,8.37E-13,1.13E+06,,0.175757003,0.270993644,0.351434963
10.46735248,9.48E-07,8.37E-13,1.13E+06,,0.175759052,0.270993644,0.351427402
10.46749536,9.48E-07,8.37E-13,1.13E+06,,0.175761101,0.270993644,0.351419841
10.46763823,9.48E-07,8.37E-13,1.13E+06,,0.175763149,0.270993644,0.351412283
10.46778111,9.48E-07,8.37E-13,1.13E+06,,0.175765198,0.270993644,0.351404722
10.46792399,9.48E-07,8.37E-13,1.13E+06,,0.175767247,0.270993644,0.351397161
10.46806687,9.47E-07,8.37E-13,1.13E+06,,0.175769296,0.270993644,0.3513896
10.46820974,9.47E-07,8.37E-13,1.13E+06,,0.175771344,0.270993644,0.351382043
10.46835262,9.47E-07,8.37E-13,1.13E+06,,0.175773393,0.270993644,0.351374482
10.4684955,9.47E-07,8.37E-13,1.13E+06,,0.175775442,0.270993644,0.35136692
10.46863838,9.47E-07,8.37E-13,1.13E+06,,0.175777491,0.270993644,0.351359359
10.46878125,9.47E-07,8.37E-13,1.13E+06,,0.175779539,0.270993644,0.351351802
10.46892413,9.47E-07,8.37E-13,1.13E+06,,0.175781588,0.270993644,0.351344241
10.46906701,9.46E-07,8.37E-13,1.13E+06,,0.175783637,0.270993644,0.35133668
10.46920989,9.46E-07,8.37E-13,1.13E+06,,0.175785686,0.270993644,0.351329119
10.46935276,9.46E-07,8.37E-13,1.13E+06,,0.175787734,0.270993644,0.351321561
10.46949564,9.46E-07,8.37E-13,1.13E+06,,0.175789783,0.270993644,0.351314
10.46963852,9.46E-07,8.37E-13,1.13E+06,,0.175791832,0.270993644,0.351306439
10.4697814,9.46E-07,8.37E-13,1.13E+06,,0.175793881,0.270993644,0.351298878
10.46992427,9.46E-07,8.37E-13,1.13E+06,,0.175795929,0.270993644,0.351291321
10.47006715,9.46E-07,8.37E-13,1.13E+06,,0.175797978,0.270993644,0.35128376
10.47021003,9.45E-07,8.37E-13,1.13E+06,,0.175800027,0.270993644,0.351276199
10.47035291,9.45E-07,8.37E-13,1.13E+06,,0.175802076,0.270993644,0.351268638
10.47049579,9.45E-07,8.37E-13,1.13E+06,,0.175804124,0.270993644,0.35126108
10.47063866,9.45E-07,8.37E-13,1.13E+06,,0.175806173,0.270993644,0.351253519
10.47078154,9.45E-07,8.37E-13,1.13E+06,,0.175808222,0.270993644,0.351245958
10.47092442,9.45E-07,8.37E-13,1.13E+06,,0.175810271,0.270993644,0.351238397
10.4710673,9.45E-07,8.37E-13,1.13E+06,,0.175812319,0.270993644,0.35123084
10.47121017,9.44E-07,8.37E-13,1.13E+06,,0.175814368,0.270993644,0.351223279
10.47135305,9.44E-07,8.37E-13,1.13E+06,,0.175816417,0.270993644,0.351215718
10.47149593,9.44E-07,8.37E-13,1.13E+06,,0.175818466,0.270993644,0.351208157
10.47163881,9.44E-07,8.37E-13,1.13E+06,,0.175820514,0.270993644,0.351200599
10.47178168,9.44E-07,8.37E-13,1.13E+06,,0.175822563,0.270993644,0.351193038
10.47192456,9.44E-07,8.37E-13,1.13E+06,,0.175824612,0.270993644,0.351185477
10.47206744,9.44E-07,8.37E-13,1.13E+06,,0.175826661,0.270993644,0.351177916
10.47221032,9.44E-07,8.37E-13,1.13E+06,,0.175828709,0.270993644,0.351170359
10.47235319,9.43E-07,8.37E-13,1.13E+06,,0.175830758,0.270993644,0.351162798
10.47249607,9.43E-07,8.37E-13,1.13E+06,,0.175832807,0.270993644,0.351155237
10.47263895,9.43E-07,8.37E-13,1.13E+06,,0.175834856,0.270993644,0.351147675
10.47278183,9.43E-07,8.37E-13,1.13E+06,,0.175836904,0.270993644,0.351140118
10.4729247,9.43E-07,8.37E-13,1.13E+06,,0.175838953,0.270993644,0.351132557
10.47306758,9.43E-07,8.37E-13,1.13E+06,,0.175841002,0.270993644,0.351124996
10.47321046,9.43E-07,8.37E-13,1.13E+06,,0.175843051,0.270993644,0.351117435
10.47335334,9.43E-07,8.37E-13,1.13E+06,,0.175845099,0.270993644,0.351109878
10.47349621,9.42E-07,8.37E-13,1.12E+06,,0.175847148,0.270993644,0.351102316
10.47363909,9.42E-07,8.37E-13,1.12E+06,,0.175849197,0.270993644,0.351094755
10.47378197,9.42E-07,8.37E-13,1.12E+06,,0.175851246,0.270993644,0.351087194
10.47392485,9.42E-07,8.37E-13,1.12E+06,,0.175853294,0.270993644,0.351079637
10.47406772,9.42E-07,8.37E-13,1.12E+06,,0.175855343,0.270993644,0.351072076
10.4742106,9.42E-07,8.37E-13,1.12E+06,,0.175857392,0.270993644,0.351064515
10.47435348,9.42E-07,8.37E-13,1.12E+06,,0.175859441,0.270993644,0.351056954
10.47449636,9.41E-07,8.37E-13,1.12E+06,,0.175861489,0.270993644,0.351049396
10.47463923,9.41E-07,8.37E-13,1.12E+06,,0.175863538,0.270993644,0.351041835
10.47478211,9.41E-07,8.37E-13,1.12E+06,,0.175865587,0.270993644,0.351034274
10.47492499,9.41E-07,8.37E-13,1.12E+06,,0.175867636,0.270993644,0.351026713
10.47506787,9.41E-07,8.37E-13,1.12E+06,,0.175869684,0.270993644,0.351019156
10.47521074,9.41E-07,8.37E-13,1.12E+06,,0.175871733,0.270993644,0.351011595
10.47535362,9.41E-07,8.37E-13,1.12E+06,,0.175873782,0.270993644,0.351004034
10.4754965,9.41E-07,8.37E-13,1.12E+06,,0.175875831,0.270993644,0.350996473
10.47563938,9.40E-07,8.37E-13,1.12E+06,,0.175877879,0.270993644,0.350988915
10.47578225,9.40E-07,8.37E-13,1.12E+06,,0.175879928,0.270993644,0.350981354
10.47592513,9.40E-07,8.37E-13,1.12E+06,,0.175881977,0.270993644,0.350973793
10.47606801,9.40E-07,8.37E-13,1.12E+06,,0.175884026,0.270993644,0.350966232
10.47621089,9.40E-07,8.37E-13,1.12E+06,,0.175886074,0.270993644,0.350958675
10.47635376,9.40E-07,8.37E-13,1.12E+06,,0.175888123,0.270993644,0.350951114
10.47649664,9.40E-07,8.37E-13,1.12E+06,,0.175890172,0.270993644,0.350943553
10.47663952,9.39E-07,8.37E-13,1.12E+06,,0.175892221,0.270993644,0.350935992
10.4767824,9.39E-07,8.37E-13,1.12E+06,,0.175894269,0.270993644,0.350928434
10.47692528,9.39E-07,8.37E-13,1.12E+06,,0.175896318,0.270993644,0.350920873
10.47706815,9.39E-07,8.37E-13,1.12E+06,,0.175898367,0.270993644,0.350913312
10.47721103,9.39E-07,8.37E-13,1.12E+06,,0.175900416,0.270993644,0.350905751
10.47735391,9.39E-07,8.37E-13,1.12E+06,,0.175902464,0.270993644,0.350898194
10.47749679,9.39E-07,8.37E-13,1.12E+06,,0.175904513,0.270993644,0.350890633
10.47763966,9.39E-07,8.37E-13,1.12E+06,,0.175906562,0.270993644,0.350883071
10.47778254,9.38E-07,8.37E-13,1.12E+06,,0.175908611,0.270993644,0.35087551
10.47792542,9.38E-07,8.37E-13,1.12E+06,,0.175910659,0.270993644,0.350867953
10.4780683,9.38E-07,8.37E-13,1.12E+06,,0.175912708,0.270993644,0.350860392
10.47821117,9.38E-07,8.37E-13,1.12E+06,,0.175914757,0.270993644,0.350852831
10.47835405,9.38E-07,8.37E-13,1.12E+06,,0.175916806,0.270993644,0.35084527
10.47849693,9.38E-07,8.37E-13,1.12E+06,,0.175918854,0.270993644,0.350837713
10.47863981,9.38E-07,8.37E-13,1.12E+06,,0.175920903,0.270993644,0.350830151
10.47878268,9.38E-07,8.37E-13,1.12E+06,,0.175922952,0.270993644,0.35082259
10.47892556,9.37E-07,8.37E-13,1.12E+06,,0.175925001,0.270993644,0.350815029
10.47906844,9.37E-07,8.37E-13,1.12E+06,,0.175927049,0.270993644,0.350807472
10.47921132,9.37E-07,8.37E-13,1.12E+06,,0.175929098,0.270993644,0.350799911
10.47935419,9.37E-07,8.37E-13,1.12E+06,,0.175931147,0.270993644,0.35079235
10.47949707,9.37E-07,8.37E-13,1.12E+06,,0.175933196,0.270993644,0.350784789
10.47963995,9.37E-07,8.37E-13,1.12E+06,,0.175935244,0.270993644,0.350777231
10.47978283,9.37E-07,8.37E-13,1.12E+06,,0.175937293,0.270993644,0.35076967
10.4799257,9.36E-07,8.37E-13,1.12E+06,,0.175939342,0.270993644,0.350762109
10.48006858,9.36E-07,8.37E-13,1.12E+06,,0.175941391,0.270993644,0.350754548
10.48021146,9.36E-07,8.37E-13,1.12E+06,,0.175943439,0.270993644,0.350746991
10.48035434,9.36E-07,8.37E-13,1.12E+06,,0.175945488,0.270993644,0.35073943
10.48049721,9.36E-07,8.37E-13,1.12E+06,,0.175947537,0.270993644,0.350731869
10.48064009,9.36E-07,8.37E-13,1.12E+06,,0.175949586,0.270993644,0.350724308
10.48078297,9.36E-07,8.37E-13,1.12E+06,,0.175951634,0.270993644,0.35071675
10.48092585,9.36E-07,8.37E-13,1.12E+06,,0.175953683,0.270993644,0.350709189
10.48106872,9.35E-07,8.37E-13,1.12E+06,,0.175955732,0.270993644,0.350701628
10.4812116,9.35E-07,8.37E-13,1.12E+06,,0.175957781,0.270993644,0.350694067
10.48135448,9.35E-07,8.37E-13,1.12E+06,,0.175959829,0.270993644,0.35068651
10.48149736,9.35E-07,8.37E-13,1.12E+06,,0.175961878,0.270993644,0.350678949
10.48164023,9.35E-07,8.37E-13,1.12E+06,,0.175963927,0.270993644,0.350671388
10.48178311,9.35E-07,8.37E-13,1.12E+06,,0.175965976,0.270993644,0.350663827
10.48192599,9.35E-07,8.37E-13,1.12E+06,,0.175968024,0.270993644,0.350656269
10.48206887,9.34E-07,8.37E-13,1.12E+06,,0.175970073,0.270993644,0.350648708
10.48221174,9.34E-07,8.37E-13,1.12E+06,,0.175972122,0.270993644,0.350641147
10.48235462,9.34E-07,8.37E-13,1.12E+06,,0.175974171,0.270993644,0.350633586
10.4824975,9.34E-07,8.37E-13,1.12E+06,,0.175976219,0.270993644,0.350626029
10.48264038,9.34E-07,8.37E-13,1.12E+06,,0.175978268,0.270993644,0.350618468
10.48278325,9.34E-07,8.37E-13,1.12E+06,,0.175980317,0.270993644,0.350610906
10.48292613,9.34E-07,8.37E-13,1.12E+06,,0.175982366,0.270993644,0.350603345
10.48306901,9.34E-07,8.37E-13,1.12E+06,,0.175984414,0.270993644,0.350595788
10.48321189,9.33E-07,8.37E-13,1.11E+06,,0.175986463,0.270993644,0.350588227
10.48335476,9.33E-07,8.37E-13,1.11E+06,,0.175988512,0.270993644,0.350580666
10.48349764,9.33E-07,8.37E-13,1.11E+06,,0.175990561,0.270993644,0.350573105
10.48364052,9.33E-07,8.37E-13,1.11E+06,,0.175992609,0.270993644,0.350565547
10.4837834,9.33E-07,8.37E-13,1.11E+06,,0.175994658,0.270993644,0.350557986
10.48392628,9.33E-07,8.37E-13,1.11E+06,,0.175996707,0.270993644,0.350550425
10.48406915,9.33E-07,8.37E-13,1.11E+06,,0.175998756,0.270993644,0.350542864
10.48421203,9.33E-07,8.37E-13,1.11E+06,,0.176000804,0.270993644,0.350535307
10.48435491,9.32E-07,8.37E-13,1.11E+06,,0.176002853,0.270993644,0.350527746
10.48449779,9.32E-07,8.37E-13,1.11E+06,,0.176004902,0.270993644,0.350520185
10.48464066,9.32E-07,8.37E-13,1.11E+06,,0.176006951,0.270993644,0.350512624
10.48478354,9.32E-07,8.37E-13,1.11E+06,,0.176008999,0.270993644,0.350505066
10.48492642,9.32E-07,8.37E-13,1.11E+06,,0.176011048,0.270993644,0.350497505
10.4850693,9.32E-07,8.37E-13,1.11E+06,,0.176013097,0.270993644,0.350489944
10.48521217,9.32E-07,8.37E-13,1.11E+06,,0.176015146,0.270993644,0.350482383
10.48535505,9.31E-07,8.37E-13,1.11E+06,,0.176017194,0.270993644,0.350474826
10.48549793,9.31E-07,8.37E-13,1.11E+06,,0.176019243,0.270993644,0.350467265
10.48564081,9.31E-07,8.37E-13,1.11E+06,,0.176021292,0.270993644,0.350459704
10.48578368,9.31E-07,8.37E-13,1.11E+06,,0.176023341,0.270993644,0.350452143
10.48592656,9.31E-07,8.37E-13,1.11E+06,,0.176025389,0.270993644,0.350444585
10.48606944,9.31E-07,8.37E-13,1.11E+06,,0.176027438,0.270993644,0.350437024
10.48621232,9.31E-07,8.37E-13,1.11E+06,,0.176029487,0.270993644,0.350429463
10.48635519,9.31E-07,8.37E-13,1.11E+06,,0.176031536,0.270993644,0.350421902
10.48649807,9.30E-07,8.37E-13,1.11E+06,,0.176033584,0.270993644,0.350414345
10.48664095,9.30E-07,8.37E-13,1.11E+06,,0.176035633,0.270993644,0.350406784
10.48678383,9.30E-07,8.37E-13,1.11E+06,,0.176037682,0.270993644,0.350399223
10.4869267,9.30E-07,8.37E-13,1.11E+06,,0.176039731,0.270993644,0.350391661
10.48706958,9.30E-07,8.37E-13,1.11E+06,,0.176041779,0.270993644,0.350384104
10.48721246,9.30E-07,8.37E-13,1.11E+06,,0.176043828,0.270993644,0.350376543
10.48735534,9.30E-07,8.37E-13,1.11E+06,,0.176045877,0.270993644,0.350368982
10.48749821,9.30E-07,8.37E-13,1.11E+06,,0.176047926,0.270993644,0.350361421
10.48764109,9.29E-07,8.37E-13,1.11E+06,,0.176049974,0.270993644,0.350353864
10.48778397,9.29E-07,8.37E-13,1.11E+06,,0.176052023,0.270993644,0.350346302
10.48792685,9.29E-07,8.37E-13,1.11E+06,,0.176054072,0.270993644,0.350338741
10.48806972,9.29E-07,8.37E-13,1.11E+06,,0.176056121,0.270993644,0.35033118
10.4882126,9.29E-07,8.37E-13,1.11E+06,,0.176058169,0.270993644,0.350323623
10.48835548,9.29E-07,8.37E-13,1.11E+06,,0.176060218,0.270993644,0.350316062
10.48849836,9.29E-07,8.37E-13,1.11E+06,,0.176062267,0.270993644,0.350308501
10.48864123,9.28E-07,8.37E-13,1.11E+06,,0.176064316,0.270993644,0.35030094
10.48878411,9.28E-07,8.37E-13,1.11E+06,,0.176066364,0.270993644,0.350293382
10.48892699,9.28E-07,8.37E-13,1.11E+06,,0.176068413,0.270993644,0.350285821
10.48906987,9.28E-07,8.37E-13,1.11E+06,,0.176070462,0.270993644,0.35027826
10.48921274,9.28E-07,8.37E-13,1.11E+06,,0.17607251,0.270993644,0.350270703
10.48935562,9.28E-07,8.37E-13,1.11E+06,,0.176074559,0.270993644,0.350263142
10.4894985,9.28E-07,8.37E-13,1.11E+06,,0.176076608,0.270993644,0.350255581
10.48964138,9.28E-07,8.37E-13,1.11E+06,,0.176078657,0.270993644,0.35024802
10.48978425,9.27E-07,8.37E-13,1.11E+06,,0.176080705,0.270993644,0.350240462
10.48992713,9.27E-07,8.37E-13,1.11E+06,,0.176082754,0.270993644,0.350232901
10.49007001,9.27E-07,8.37E-13,1.11E+06,,0.176084803,0.270993644,0.35022534
10.49021289,9.27E-07,8.37E-13,1.11E+06,,0.176086852,0.270993644,0.350217779
10.49035577,9.27E-07,8.37E-13,1.11E+06,,0.1760889,0.270993644,0.350210222
10.49049864,9.27E-07,8.37E-13,1.11E+06,,0.176090949,0.270993644,0.350202661
10.49064152,9.27E-07,8.37E-13,1.11E+06,,0.176092998,0.270993644,0.3501951
10.4907844,9.26E-07,8.37E-13,1.11E+06,,0.176095047,0.270993644,0.350187539
10.49092728,9.26E-07,8.37E-13,1.11E+06,,0.176097095,0.270993644,0.350179981
10.49107015,9.26E-07,8.37E-13,1.11E+06,,0.176099144,0.270993644,0.35017242
10.49121303,9.26E-07,8.37E-13,1.11E+06,,0.176101193,0.270993644,0.350164859
10.49135591,9.26E-07,8.37E-13,1.11E+06,,0.176103242,0.270993644,0.350157298
10.49149879,9.26E-07,8.37E-13,1.11E+06,,0.17610529,0.270993644,0.350149741
10.49164166,9.26E-07,8.37E-13,1.11E+06,,0.176107339,0.270993644,0.35014218
10.49178454,9.26E-07,8.37E-13,1.11E+06,,0.176109388,0.270993644,0.350134619
10.49192742,9.25E-07,8.37E-13,1.10E+06,,0.176111437,0.270993644,0.350127057
10.4920703,9.25E-07,8.37E-13,1.10E+06,,0.176113485,0.270993644,0.3501195
10.49221317,9.25E-07,8.37E-13,1.10E+06,,0.176115534,0.270993644,0.350111939
10.49235605,9.25E-07,8.37E-13,1.10E+06,,0.176117583,0.270993644,0.350104378
10.49249893,9.25E-07,8.37E-13,1.10E+06,,0.176119632,0.270993644,0.350096817
10.49264181,9.25E-07,8.37E-13,1.10E+06,,0.17612168,0.270993644,0.35008926
10.49278468,9.25E-07,8.37E-13,1.10E+06,,0.176123729,0.270993644,0.350081698
10.49292756,9.25E-07,8.37E-13,1.10E+06,,0.176125778,0.270993644,0.350074137
10.49307044,9.24E-07,8.37E-13,1.10E+06,,0.176127827,0.270993644,0.350066576
10.49321332,9.24E-07,8.37E-13,1.10E+06,,0.176129875,0.270993644,0.350059019
10.49335619,9.24E-07,8.37E-13,1.10E+06,,0.176131924,0.270993644,0.350051458
10.49349907,9.24E-07,8.37E-13,1.10E+06,,0.176133973,0.270993644,0.350043897
10.49364195,9.24E-07,8.37E-13,1.10E+06,,0.176136022,0.270993644,0.350036336
10.49378483,9.24E-07,8.37E-13,1.10E+06,,0.17613807,0.270993644,0.350028778
10.4939277,9.24E-07,8.37E-13,1.10E+06,,0.176140119,0.270993644,0.350021217
10.49407058,9.23E-07,8.37E-13,1.10E+06,,0.176142168,0.270993644,0.350013656
10.49421346,9.23E-07,8.37E-13,1.10E+06,,0.176144217,0.270993644,0.350006095
10.49435634,9.23E-07,8.37E-13,1.10E+06,,0.176146265,0.270993644,0.349998538
10.49449921,9.23E-07,8.37E-13,1.10E+06,,0.176148314,0.270993644,0.349990977
10.49464209,9.23E-07,8.37E-13,1.10E+06,,0.176150363,0.270993644,0.349983416
10.49478497,9.23E-07,8.37E-13,1.10E+06,,0.176152412,0.270993644,0.349975855
10.49492785,9.23E-07,8.37E-13,1.10E+06,,0.17615446,0.270993644,0.349968297
10.49507072,9.23E-07,8.37E-13,1.10E+06,,0.176156509,0.270993644,0.349960736
10.4952136,9.22E-07,8.37E-13,1.10E+06,,0.176158558,0.270993644,0.349953175
10.49535648,9.22E-07,8.37E-13,1.10E+06,,0.176160607,0.270993644,0.349945614
10.49549936,9.22E-07,8.37E-13,1.10E+06,,0.176162655,0.270993644,0.349938057
10.49564223,9.22E-07,8.37E-13,1.10E+06,,0.176164704,0.270993644,0.349930496
10.49578511,9.22E-07,8.37E-13,1.10E+06,,0.176166753,0.270993644,0.349922935
10.49592799,9.22E-07,8.37E-13,1.10E+06,,0.176168802,0.270993644,0.349915374
10.49607087,9.22E-07,8.37E-13,1.10E+06,,0.17617085,0.270993644,0.349907816
10.49621374,9.21E-07,8.37E-13,1.10E+06,,0.176172899,0.270993644,0.349900255
10.49635662,9.21E-07,8.37E-13,1.10E+06,,0.176174948,0.270993644,0.349892694
10.4964995,9.21E-07,8.37E-13,1.10E+06,,0.176176997,0.270993644,0.349885133
10.49664238,9.21E-07,8.37E-13,1.10E+06,,0.176179045,0.270993644,0.349877576
10.49678526,9.21E-07,8.37E-13,1.10E+06,,0.176181094,0.270993644,0.349870015
10.49692813,9.21E-07,8.37E-13,1.10E+06,,0.176183143,0.270993644,0.349862453
10.49707101,9.21E-07,8.37E-13,1.10E+06,,0.176185192,0.270993644,0.349854892
10.49721389,9.21E-07,8.37E-13,1.10E+06,,0.17618724,0.270993644,0.349847335
10.49735677,9.20E-07,8.37E-13,1.10E+06,,0.176189289,0.270993644,0.349839774
10.49749964,9.20E-07,8.37E-13,1.10E+06,,0.176191338,0.270993644,0.349832213
10.49764252,9.20E-07,8.37E-13,1.10E+06,,0.176193387,0.270993644,0.349824652
10.4977854,9.20E-07,8.37E-13,1.10E+06,,0.176195435,0.270993644,0.349817094
10.49792828,9.20E-07,8.37E-13,1.10E+06,,0.176197484,0.270993644,0.349809533
10.49807115,9.20E-07,8.37E-13,1.10E+06,,0.176199533,0.270993644,0.349801972
10.49821403,9.20E-07,8.37E-13,1.10E+06,,0.176201582,0.270993644,0.349794411
10.49835691,9.20E-07,8.37E-13,1.10E+06,,0.17620363,0.270993644,0.349786854
10.49849979,9.19E-07,8.37E-13,1.10E+06,,0.176205679,0.270993644,0.349779293
10.49864266,9.19E-07,8.37E-13,1.10E+06,,0.176207728,0.270993644,0.349771732
10.49878554,9.19E-07,8.37E-13,1.10E+06,,0.176209777,0.270993644,0.349764171
10.49892842,9.19E-07,8.37E-13,1.10E+06,,0.176211825,0.270993644,0.349756613
10.4990713,9.19E-07,8.37E-13,1.10E+06,,0.176213874,0.270993644,0.349749052
10.49921417,9.19E-07,8.37E-13,1.10E+06,,0.176215923,0.270993644,0.349741491
10.49935705,9.19E-07,8.37E-13,1.10E+06,,0.176217972,0.270993644,0.34973393
10.49949993,9.18E-07,8.37E-13,1.10E+06,,0.17622002,0.270993644,0.349726373
10.49964281,9.18E-07,8.37E-13,1.10E+06,,0.176222069,0.270993644,0.349718812
10.49978568,9.18E-07,8.37E-13,1.10E+06,,0.176224118,0.270993644,0.349711251
10.49992856,9.18E-07,8.37E-13,1.10E+06,,0.176226167,0.270993644,0.34970369
10.50007144,9.18E-07,8.37E-13,1.10E+06,,0.176228392,0.270993644,0.349695479
10.50021432,9.18E-07,8.37E-13,1.10E+06,,0.176230794,0.270993644,0.349686615
10.50035719,9.18E-07,8.37E-13,1.10E+06,,0.176233195,0.270993644,0.349677755
10.50050007,9.18E-07,8.37E-13,1.10E+06,,0.176235597,0.270993644,0.349668892
10.50064295,9.17E-07,8.37E-13,1.09E+06,,0.176237999,0.270993644,0.349660028
10.50078583,9.17E-07,8.37E-13,1.09E+06,,0.1762404,0.270993644,0.349651168
10.5009287,9.17E-07,8.37E-13,1.09E+06,,0.176242802,0.270993644,0.349642304
10.50107158,9.17E-07,8.37E-13,1.09E+06,,0.176245204,0.270993644,0.349633441
10.50121446,9.17E-07,8.37E-13,1.09E+06,,0.176247606,0.270993644,0.349624577
10.50135734,9.17E-07,8.37E-13,1.09E+06,,0.176250007,0.270993644,0.349615717
10.50150021,9.17E-07,8.37E-13,1.09E+06,,0.176252409,0.270993644,0.349606853
10.50164309,9.17E-07,8.37E-13,1.09E+06,,0.176254811,0.270993644,0.34959799
10.50178597,9.17E-07,8.37E-13,1.09E+06,,0.176257212,0.270993644,0.34958913
10.50192885,9.16E-07,8.37E-13,1.09E+06,,0.176259614,0.270993644,0.349580266
10.50207172,9.16E-07,8.37E-13,1.09E+06,,0.176262016,0.270993644,0.349571402
10.5022146,9.16E-07,8.37E-13,1.09E+06,,0.176264418,0.270993644,0.349562539
10.50235748,9.16E-07,8.37E-13,1.09E+06,,0.176266819,0.270993644,0.349553679
10.50250036,9.16E-07,8.37E-13,1.09E+06,,0.176269221,0.270993644,0.349544815
10.50264323,9.16E-07,8.37E-13,1.09E+06,,0.176271623,0.270993644,0.349535951
10.50278611,9.16E-07,8.37E-13,1.09E+06,,0.176274025,0.270993644,0.349527088
10.50292899,9.16E-07,8.37E-13,1.09E+06,,0.176276426,0.270993644,0.349518228
10.50307187,9.16E-07,8.37E-13,1.09E+06,,0.176278828,0.270993644,0.349509364
10.50321474,9.15E-07,8.37E-13,1.09E+06,,0.17628123,0.270993644,0.3495005
10.50335762,9.15E-07,8.37E-13,1.09E+06,,0.176283631,0.270993644,0.34949164
10.5035005,9.15E-07,8.37E-13,1.09E+06,,0.176286033,0.270993644,0.349482777
10.50364338,9.15E-07,8.37E-13,1.09E+06,,0.176288435,0.270993644,0.349473913
10.50378626,9.15E-07,8.37E-13,1.09E+06,,0.176290837,0.270993644,0.349465049
10.50392913,9.15E-07,8.37E-13,1.09E+06,,0.176293238,0.270993644,0.349456189
10.50407201,9.15E-07,8.37E-13,1.09E+06,,0.17629564,0.270993644,0.349447326
10.50421489,9.15E-07,8.37E-13,1.09E+06,,0.176298042,0.270993644,0.349438462
10.50435777,9.14E-07,8.37E-13,1.09E+06,,0.176300443,0.270993644,0.349429602
10.50450064,9.14E-07,8.37E-13,1.09E+06,,0.176302845,0.270993644,0.349420738
10.50464352,9.14E-07,8.37E-13,1.09E+06,,0.176305247,0.270993644,0.349411875
10.5047864,9.14E-07,8.37E-13,1.09E+06,,0.176307649,0.270993644,0.349403011
10.50492928,9.14E-07,8.37E-13,1.09E+06,,0.17631005,0.270993644,0.349394151
10.50507215,9.14E-07,8.37E-13,1.09E+06,,0.176312452,0.270993644,0.349385287
10.50521503,9.14E-07,8.37E-13,1.09E+06,,0.176314854,0.270993644,0.349376424
10.50535791,9.14E-07,8.37E-13,1.09E+06,,0.176317255,0.270993644,0.349367564
10.50550079,9.14E-07,8.37E-13,1.09E+06,,0.176319657,0.270993644,0.3493587
10.50564366,9.13E-07,8.37E-13,1.09E+06,,0.176322059,0.270993644,0.349349836
10.50578654,9.13E-07,8.37E-13,1.09E+06,,0.176324461,0.270993644,0.349340973
10.50592942,9.13E-07,8.37E-13,1.09E+06,,0.176326862,0.270993644,0.349332113
10.5060723,9.13E-07,8.37E-13,1.09E+06,,0.176329264,0.270993644,0.349323249
10.50621517,9.13E-07,8.37E-13,1.09E+06,,0.176331666,0.270993644,0.349314385
10.50635805,9.13E-07,8.37E-13,1.09E+06,,0.176334067,0.270993644,0.349305525
10.50650093,9.13E-07,8.37E-13,1.09E+06,,0.176336469,0.270993644,0.349296662
10.50664381,9.13E-07,8.37E-13,1.09E+06,,0.176338871,0.270993644,0.349287798
10.50678668,9.13E-07,8.37E-13,1.09E+06,,0.176341273,0.270993644,0.349278934
10.50692956,9.12E-07,8.37E-13,1.09E+06,,0.176343674,0.270993644,0.349270074
10.50707244,9.12E-07,8.37E-13,1.09E+06,,0.176346076,0.270993644,0.349261211
10.50721532,9.12E-07,8.37E-13,1.09E+06,,0.176348478,0.270993644,0.349252347
10.50735819,9.12E-07,8.37E-13,1.09E+06,,0.17635088,0.270993644,0.349243483
10.50750107,9.12E-07,8.37E-13,1.09E+06,,0.176353281,0.270993644,0.349234623
10.50764395,9.12E-07,8.37E-13,1.09E+06,,0.176355683,0.270993644,0.34922576
10.50778683,9.12E-07,8.37E-13,1.09E+06,,0.176358085,0.270993644,0.349216896
10.5079297,9.12E-07,8.37E-13,1.09E+06,,0.176360486,0.270993644,0.349208036
10.50807258,9.11E-07,8.37E-13,1.09E+06,,0.176362888,0.270993644,0.349199172
10.50821546,9.11E-07,8.37E-13,1.09E+06,,0.17636529,0.270993644,0.349190309
10.50835834,9.11E-07,8.37E-13,1.09E+06,,0.176367692,0.270993644,0.349181445
10.50850121,9.11E-07,8.37E-13,1.09E+06,,0.176370093,0.270993644,0.349172585
10.50864409,9.11E-07,8.37E-13,1.09E+06,,0.176372495,0.270993644,0.349163721
10.50878697,9.11E-07,8.37E-13,1.09E+06,,0.176374897,0.270993644,0.349154858
10.50892985,9.11E-07,8.37E-13,1.09E+06,,0.176377298,0.270993644,0.349145998
10.50907272,9.11E-07,8.37E-13,1.09E+06,,0.1763797,0.270993644,0.349137134
10.5092156,9.11E-07,8.37E-13,1.09E+06,,0.176382102,0.270993644,0.34912827
10.50935848,9.10E-07,8.37E-13,1.09E+06,,0.176384504,0.270993644,0.349119407
10.50950136,9.10E-07,8.37E-13,1.09E+06,,0.176386905,0.270993644,0.349110547
10.50964423,9.10E-07,8.37E-13,1.09E+06,,0.176389307,0.270993644,0.349101683
10.50978711,9.10E-07,8.37E-13,1.09E+06,,0.176391709,0.270993644,0.349092819
10.50992999,9.10E-07,8.37E-13,1.09E+06,,0.17639411,0.270993644,0.349083959
10.51007287,9.10E-07,8.37E-13,1.09E+06,,0.176396512,0.270993644,0.349075096
10.51021575,9.10E-07,8.37E-13,1.09E+06,,0.176398914,0.270993644,0.349066232
10.51035862,9.10E-07,8.37E-13,1.09E+06,,0.176401316,0.270993644,0.349057368
10.5105015,9.09E-07,8.37E-13,1.09E+06,,0.176403717,0.270993644,0.349048508
10.51064438,9.09E-07,8.37E-13,1.09E+06,,0.176406119,0.270993644,0.349039645
10.51078726,9.09E-07,8.37E-13,1.09E+06,,0.176408521,0.270993644,0.349030781
10.51093013,9.09E-07,8.37E-13,1.09E+06,,0.176410922,0.270993644,0.349021921
10.51107301,9.09E-07,8.37E-13,1.09E+06,,0.176413324,0.270993644,0.349013057
10.51121589,9.09E-07,8.37E-13,1.09E+06,,0.176415726,0.270993644,0.349004193
10.51135877,9.09E-07,8.37E-13,1.09E+06,,0.176418128,0.270993644,0.34899533
10.51150164,9.09E-07,8.37E-13,1.09E+06,,0.176420529,0.270993644,0.34898647
10.51164452,9.09E-07,8.37E-13,1.09E+06,,0.176422931,0.270993644,0.348977606
10.5117874,9.08E-07,8.37E-13,1.08E+06,,0.176425333,0.270993644,0.348968742
10.51193028,9.08E-07,8.37E-13,1.08E+06,,0.176427735,0.270993644,0.348959879
10.51207315,9.08E-07,8.37E-13,1.08E+06,,0.176430136,0.270993644,0.348951019
10.51221603,9.08E-07,8.37E-13,1.08E+06,,0.176432538,0.270993644,0.348942155
10.51235891,9.08E-07,8.37E-13,1.08E+06,,0.17643494,0.270993644,0.348933291
10.51250179,9.08E-07,8.37E-13,1.08E+06,,0.176437341,0.270993644,0.348924431
10.51264466,9.08E-07,8.37E-13,1.08E+06,,0.176439743,0.270993644,0.348915568
10.51278754,9.08E-07,8.37E-13,1.08E+06,,0.176442145,0.270993644,0.348906704
10.51293042,9.08E-07,8.37E-13,1.08E+06,,0.176444547,0.270993644,0.34889784
10.5130733,9.07E-07,8.37E-13,1.08E+06,,0.176446948,0.270993644,0.34888898
10.51321617,9.07E-07,8.37E-13,1.08E+06,,0.17644935,0.270993644,0.348880117
10.51335905,9.07E-07,8.37E-13,1.08E+06,,0.176451752,0.270993644,0.348871253
10.51350193,9.07E-07,8.37E-13,1.08E+06,,0.176454153,0.270993644,0.348862393
10.51364481,9.07E-07,8.37E-13,1.08E+06,,0.176456555,0.270993644,0.348853529
10.51378768,9.07E-07,8.37E-13,1.08E+06,,0.176458957,0.270993644,0.348844666
10.51393056,9.07E-07,8.37E-13,1.08E+06,,0.176461359,0.270993644,0.348835802
10.51407344,9.07E-07,8.37E-13,1.08E+06,,0.17646376,0.270993644,0.348826942
10.51421632,9.06E-07,8.37E-13,1.08E+06,,0.176466162,0.270993644,0.348818078
10.51435919,9.06E-07,8.37E-13,1.08E+06,,0.176468564,0.270993644,0.348809215
10.51450207,9.06E-07,8.37E-13,1.08E+06,,0.176470965,0.270993644,0.348800355
10.51464495,9.06E-07,8.37E-13,1.08E+06,,0.176473367,0.270993644,0.348791491
10.51478783,9.06E-07,8.37E-13,1.08E+06,,0.176475769,0.270993644,0.348782627
10.5149307,9.06E-07,8.37E-13,1.08E+06,,0.176478171,0.270993644,0.348773764
10.51507358,9.06E-07,8.37E-13,1.08E+06,,0.176480572,0.270993644,0.348764904
10.51521646,9.06E-07,8.37E-13,1.08E+06,,0.176482974,0.270993644,0.34875604
10.51535934,9.06E-07,8.37E-13,1.08E+06,,0.176485376,0.270993644,0.348747176
10.51550221,9.05E-07,8.37E-13,1.08E+06,,0.176487777,0.270993644,0.348738316
10.51564509,9.05E-07,8.37E-13,1.08E+06,,0.176490179,0.270993644,0.348729453
10.51578797,9.05E-07,8.37E-13,1.08E+06,,0.176492581,0.270993644,0.348720589
10.51593085,9.05E-07,8.37E-13,1.08E+06,,0.176494983,0.270993644,0.348711725
10.51607372,9.05E-07,8.37E-13,1.08E+06,,0.176497384,0.270993644,0.348702865
10.5162166,9.05E-07,8.37E-13,1.08E+06,,0.176499786,0.270993644,0.348694002
10.51635948,9.05E-07,8.37E-13,1.08E+06,,0.176502188,0.270993644,0.348685138
10.51650236,9.05E-07,8.37E-13,1.08E+06,,0.17650459,0.270993644,0.348676274
10.51664524,9.05E-07,8.37E-13,1.08E+06,,0.176506991,0.270993644,0.348667414
10.51678811,9.04E-07,8.37E-13,1.08E+06,,0.176509393,0.270993644,0.348658551
10.51693099,9.04E-07,8.37E-13,1.08E+06,,0.176511795,0.270993644,0.348649687
10.51707387,9.04E-07,8.37E-13,1.08E+06,,0.176514196,0.270993644,0.348640827
10.51721675,9.04E-07,8.37E-13,1.08E+06,,0.176516598,0.270993644,0.348631963
10.51735962,9.04E-07,8.37E-13,1.08E+06,,0.176519,0.270993644,0.3486231
10.5175025,9.04E-07,8.37E-13,1.08E+06,,0.176521402,0.270993644,0.348614236
10.51764538,9.04E-07,8.37E-13,1.08E+06,,0.176523803,0.270993644,0.348605376
10.51778826,9.04E-07,8.37E-13,1.08E+06,,0.176526205,0.270993644,0.348596512
10.51793113,9.03E-07,8.37E-13,1.08E+06,,0.176528607,0.270993644,0.348587649
10.51807401,9.03E-07,8.37E-13,1.08E+06,,0.176531008,0.270993644,0.348578789
10.51821689,9.03E-07,8.37E-13,1.08E+06,,0.17653341,0.270993644,0.348569925
10.51835977,9.03E-07,8.37E-13,1.08E+06,,0.176535812,0.270993644,0.348561061
10.51850264,9.03E-07,8.37E-13,1.08E+06,,0.176538214,0.270993644,0.348552198
10.51864552,9.03E-07,8.37E-13,1.08E+06,,0.176540615,0.270993644,0.348543338
10.5187884,9.03E-07,8.37E-13,1.08E+06,,0.176543017,0.270993644,0.348534474
10.51893128,9.03E-07,8.37E-13,1.08E+06,,0.176545419,0.270993644,0.34852561
10.51907415,9.03E-07,8.37E-13,1.08E+06,,0.17654782,0.270993644,0.34851675
10.51921703,9.02E-07,8.37E-13,1.08E+06,,0.176550222,0.270993644,0.348507887
10.51935991,9.02E-07,8.37E-13,1.08E+06,,0.176552624,0.270993644,0.348499023
10.51950279,9.02E-07,8.37E-13,1.08E+06,,0.176555026,0.270993644,0.348490159
10.51964566,9.02E-07,8.37E-13,1.08E+06,,0.176557427,0.270993644,0.348481299
10.51978854,9.02E-07,8.37E-13,1.08E+06,,0.176559829,0.270993644,0.348472436
10.51993142,9.02E-07,8.37E-13,1.08E+06,,0.176562231,0.270993644,0.348463572
10.5200743,9.02E-07,8.37E-13,1.08E+06,,0.176564632,0.270993644,0.348454712
10.52021717,9.02E-07,8.37E-13,1.08E+06,,0.176567034,0.270993644,0.348445848
10.52036005,9.02E-07,8.37E-13,1.08E+06,,0.176569436,0.270993644,0.348436985
10.52050293,9.01E-07,8.37E-13,1.08E+06,,0.176571838,0.270993644,0.348428121
10.52064581,9.01E-07,8.37E-13,1.08E+06,,0.176574239,0.270993644,0.348419261
10.52078868,9.01E-07,8.37E-13,1.08E+06,,0.176576641,0.270993644,0.348410397
10.52093156,9.01E-07,8.37E-13,1.08E+06,,0.176579043,0.270993644,0.348401534
10.52107444,9.01E-07,8.37E-13,1.08E+06,,0.176581445,0.270993644,0.34839267
10.52121732,9.01E-07,8.37E-13,1.08E+06,,0.176583846,0.270993644,0.34838381
10.52136019,9.01E-07,8.37E-13,1.08E+06,,0.176586248,0.270993644,0.348374946
10.52150307,9.01E-07,8.37E-13,1.08E+06,,0.17658865,0.270993644,0.348366083
10.52164595,9.00E-07,8.37E-13,1.07E+06,,0.176591051,0.270993644,0.348357223
10.52178883,9.00E-07,8.37E-13,1.07E+06,,0.176593453,0.270993644,0.348348359
10.5219317,9.00E-07,8.37E-13,1.07E+06,,0.176595855,0.270993644,0.348339495
10.52207458,9.00E-07,8.37E-13,1.07E+06,,0.176598257,0.270993644,0.348330632
10.52221746,9.00E-07,8.37E-13,1.07E+06,,0.176600658,0.270993644,0.348321772
10.52236034,9.00E-07,8.37E-13,1.07E+06,,0.17660306,0.270993644,0.348312908
10.52250321,9.00E-07,8.37E-13,1.07E+06,,0.176605462,0.270993644,0.348304044
10.52264609,9.00E-07,8.37E-13,1.07E+06,,0.176607863,0.270993644,0.348295184
10.52278897,9.00E-07,8.37E-13,1.07E+06,,0.176610265,0.270993644,0.348286321
10.52293185,8.99E-07,8.37E-13,1.07E+06,,0.176612667,0.270993644,0.348277457
10.52307472,8.99E-07,8.37E-13,1.07E+06,,0.176615069,0.270993644,0.348268593
10.5232176,8.99E-07,8.37E-13,1.07E+06,,0.17661747,0.270993644,0.348259733
10.52336048,8.99E-07,8.37E-13,1.07E+06,,0.176619872,0.270993644,0.34825087
10.52350336,8.99E-07,8.37E-13,1.07E+06,,0.176622274,0.270993644,0.348242006
10.52364624,8.99E-07,8.37E-13,1.07E+06,,0.176624675,0.270993644,0.348233146
10.52378911,8.99E-07,8.37E-13,1.07E+06,,0.176627077,0.270993644,0.348224282
10.52393199,8.99E-07,8.37E-13,1.07E+06,,0.176629479,0.270993644,0.348215419
10.52407487,8.98E-07,8.37E-13,1.07E+06,,0.176631881,0.270993644,0.348206555
10.52421775,8.98E-07,8.37E-13,1.07E+06,,0.176634282,0.270993644,0.348197695
10.52436062,8.98E-07,8.37E-13,1.07E+06,,0.176636684,0.270993644,0.348188831
10.5245035,8.98E-07,8.37E-13,1.07E+06,,0.176639086,0.270993644,0.348179968
10.52464638,8.98E-07,8.37E-13,1.07E+06,,0.176641487,0.270993644,0.348171108
10.52478926,8.98E-07,8.37E-13,1.07E+06,,0.176643889,0.270993644,0.348162244
10.52493213,8.98E-07,8.37E-13,1.07E+06,,0.176646291,0.270993644,0.34815338
10.52507501,8.98E-07,8.37E-13,1.07E+06,,0.176648693,0.270993644,0.348144516
10.52521789,8.98E-07,8.37E-13,1.07E+06,,0.176651094,0.270993644,0.348135657
10.52536077,8.97E-07,8.37E-13,1.07E+06,,0.176653496,0.270993644,0.348126793
10.52550364,8.97E-07,8.37E-13,1.07E+06,,0.176655898,0.270993644,0.348117929
10.52564652,8.97E-07,8.37E-13,1.07E+06,,0.1766583,0.270993644,0.348109065
10.5257894,8.97E-07,8.37E-13,1.07E+06,,0.176660701,0.270993644,0.348100205
10.52593228,8.97E-07,8.37E-13,1.07E+06,,0.176663103,0.270993644,0.348091342
10.52607515,8.97E-07,8.37E-13,1.07E+06,,0.176665505,0.270993644,0.348082478
10.52621803,8.97E-07,8.37E-13,1.07E+06,,0.176667906,0.270993644,0.348073618
10.52636091,8.97E-07,8.37E-13,1.07E+06,,0.176670308,0.270993644,0.348064754
10.52650379,8.97E-07,8.37E-13,1.07E+06,,0.17667271,0.270993644,0.348055891
10.52664666,8.96E-07,8.37E-13,1.07E+06,,0.176675112,0.270993644,0.348047027
10.52678954,8.96E-07,8.37E-13,1.07E+06,,0.176677513,0.270993644,0.348038167
10.52693242,8.96E-07,8.37E-13,1.07E+06,,0.176679915,0.270993644,0.348029303
10.5270753,8.96E-07,8.37E-13,1.07E+06,,0.176682317,0.270993644,0.34802044
10.52721817,8.96E-07,8.37E-13,1.07E+06,,0.176684718,0.270993644,0.34801158
10.52736105,8.96E-07,8.37E-13,1.07E+06,,0.17668712,0.270993644,0.348002716
10.52750393,8.96E-07,8.37E-13,1.07E+06,,0.176689522,0.270993644,0.347993852
10.52764681,8.96E-07,8.37E-13,1.07E+06,,0.176691924,0.270993644,0.347984989
10.52778968,8.95E-07,8.37E-13,1.07E+06,,0.176694325,0.270993644,0.347976129
10.52793256,8.95E-07,8.37E-13,1.07E+06,,0.176696727,0.270993644,0.347967265
10.52807544,8.95E-07,8.37E-13,1.07E+06,,0.176699129,0.270993644,0.347958401
10.52821832,8.95E-07,8.37E-13,1.07E+06,,0.17670153,0.270993644,0.347949541
10.52836119,8.95E-07,8.37E-13,1.07E+06,,0.176703932,0.270993644,0.347940678
10.52850407,8.95E-07,8.37E-13,1.07E+06,,0.176706334,0.270993644,0.347931814
10.52864695,8.95E-07,8.37E-13,1.07E+06,,0.176708736,0.270993644,0.34792295
10.52878983,8.95E-07,8.37E-13,1.07E+06,,0.176711137,0.270993644,0.34791409
10.5289327,8.95E-07,8.37E-13,1.07E+06,,0.176713539,0.270993644,0.347905227
10.52907558,8.94E-07,8.37E-13,1.07E+06,,0.176715941,0.270993644,0.347896363
10.52921846,8.94E-07,8.37E-13,1.07E+06,,0.176718342,0.270993644,0.347887503
10.52936134,8.94E-07,8.37E-13,1.07E+06,,0.176720744,0.270993644,0.347878639
10.52950421,8.94E-07,8.37E-13,1.07E+06,,0.176723146,0.270993644,0.347869776
10.52964709,8.94E-07,8.37E-13,1.07E+06,,0.176725548,0.270993644,0.347860912
10.52978997,8.94E-07,8.37E-13,1.07E+06,,0.176727949,0.270993644,0.347852052
10.52993285,8.94E-07,8.37E-13,1.07E+06,,0.176730351,0.270993644,0.347843188
10.53007573,8.94E-07,8.37E-13,1.07E+06,,0.176732753,0.270993644,0.347834325
10.5302186,8.94E-07,8.37E-13,1.07E+06,,0.176735155,0.270993644,0.347825461
10.53036148,8.93E-07,8.37E-13,1.07E+06,,0.176737556,0.270993644,0.347816601
10.53050436,8.93E-07,8.37E-13,1.07E+06,,0.176739958,0.270993644,0.347807737
10.53064724,8.93E-07,8.37E-13,1.07E+06,,0.17674236,0.270993644,0.347798874
10.53079011,8.93E-07,8.37E-13,1.07E+06,,0.176744761,0.270993644,0.347790014
10.53093299,8.93E-07,8.37E-13,1.07E+06,,0.176747163,0.270993644,0.34778115
10.53107587,8.93E-07,8.37E-13,1.07E+06,,0.176749565,0.270993644,0.347772286
10.53121875,8.93E-07,8.37E-13,1.07E+06,,0.176751967,0.270993644,0.347763423
10.53136162,8.93E-07,8.37E-13,1.07E+06,,0.176754368,0.270993644,0.347754563
10.5315045,8.92E-07,8.37E-13,1.07E+06,,0.17675677,0.270993644,0.347745699
10.53164738,8.92E-07,8.37E-13,1.07E+06,,0.176759172,0.270993644,0.347736835
10.53179026,8.92E-07,8.37E-13,1.07E+06,,0.176761573,0.270993644,0.347727975
10.53193313,8.92E-07,8.37E-13,1.07E+06,,0.176763975,0.270993644,0.347719112
10.53207601,8.92E-07,8.37E-13,1.07E+06,,0.176766377,0.270993644,0.347710248
10.53221889,8.92E-07,8.37E-13,1.07E+06,,0.176768779,0.270993644,0.347701384
10.53236177,8.92E-07,8.37E-13,1.07E+06,,0.17677118,0.270993644,0.347692524
10.53250464,8.92E-07,8.37E-13,1.07E+06,,0.176773582,0.270993644,0.347683661
10.53264752,8.92E-07,8.37E-13,1.07E+06,,0.176775984,0.270993644,0.347674797
10.5327904,8.91E-07,8.37E-13,1.06E+06,,0.176778385,0.270993644,0.347665937
10.53293328,8.91E-07,8.37E-13,1.06E+06,,0.176780787,0.270993644,0.347657073
10.53307615,8.91E-07,8.37E-13,1.06E+06,,0.176783189,0.270993644,0.34764821
10.53321903,8.91E-07,8.37E-13,1.06E+06,,0.176785591,0.270993644,0.347639346
10.53336191,8.91E-07,8.37E-13,1.06E+06,,0.176787992,0.270993644,0.347630486
10.53350479,8.91E-07,8.37E-13,1.06E+06,,0.176790394,0.270993644,0.347621622
10.53364766,8.91E-07,8.37E-13,1.06E+06,,0.176792796,0.270993644,0.347612759
10.53379054,8.91E-07,8.37E-13,1.06E+06,,0.176795198,0.270993644,0.347603895
10.53393342,8.91E-07,8.37E-13,1.06E+06,,0.176797599,0.270993644,0.347595035
10.5340763,8.90E-07,8.37E-13,1.06E+06,,0.176800001,0.270993644,0.347586171
10.53421917,8.90E-07,8.37E-13,1.06E+06,,0.176802403,0.270993644,0.347577308
10.53436205,8.90E-07,8.37E-13,1.06E+06,,0.176804804,0.270993644,0.347568448
10.53450493,8.90E-07,8.37E-13,1.06E+06,,0.176807206,0.270993644,0.347559584
10.53464781,8.90E-07,8.37E-13,1.06E+06,,0.176809608,0.270993644,0.34755072
10.53479068,8.90E-07,8.37E-13,1.06E+06,,0.17681201,0.270993644,0.347541857
10.53493356,8.90E-07,8.37E-13,1.06E+06,,0.176814411,0.270993644,0.347532997
10.53507644,8.90E-07,8.37E-13,1.06E+06,,0.176816813,0.270993644,0.347524133
10.53521932,8.89E-07,8.37E-13,1.06E+06,,0.176819215,0.270993644,0.347515269
10.53536219,8.89E-07,8.37E-13,1.06E+06,,0.176821616,0.270993644,0.347506409
10.53550507,8.89E-07,8.37E-13,1.06E+06,,0.176824018,0.270993644,0.347497546
10.53564795,8.89E-07,8.37E-13,1.06E+06,,0.17682642,0.270993644,0.347488682
10.53579083,8.89E-07,8.37E-13,1.06E+06,,0.176828822,0.270993644,0.347479818
10.5359337,8.89E-07,8.37E-13,1.06E+06,,0.176831223,0.270993644,0.347470958
10.53607658,8.89E-07,8.37E-13,1.06E+06,,0.176833625,0.270993644,0.347462095
10.53621946,8.89E-07,8.37E-13,1.06E+06,,0.176836027,0.270993644,0.347453231
10.53636234,8.89E-07,8.37E-13,1.06E+06,,0.176838428,0.270993644,0.347444371
10.53650522,8.88E-07,8.37E-13,1.06E+06,,0.17684083,0.270993644,0.347435507
10.53664809,8.88E-07,8.37E-13,1.06E+06,,0.176843232,0.270993644,0.347426644
10.53679097,8.88E-07,8.37E-13,1.06E+06,,0.176845634,0.270993644,0.34741778
10.53693385,8.88E-07,8.37E-13,1.06E+06,,0.176848035,0.270993644,0.34740892
10.53707673,8.88E-07,8.37E-13,1.06E+06,,0.176850437,0.270993644,0.347400056
10.5372196,8.88E-07,8.37E-13,1.06E+06,,0.176852839,0.270993644,0.347391193
10.53736248,8.88E-07,8.37E-13,1.06E+06,,0.17685524,0.270993644,0.347382333
10.53750536,8.88E-07,8.37E-13,1.06E+06,,0.176857642,0.270993644,0.347373469
10.53764824,8.88E-07,8.37E-13,1.06E+06,,0.176860044,0.270993644,0.347364605
10.53779111,8.87E-07,8.37E-13,1.06E+06,,0.176862446,0.270993644,0.347355742
10.53793399,8.87E-07,8.37E-13,1.06E+06,,0.176864847,0.270993644,0.347346882
10.53807687,8.87E-07,8.37E-13,1.06E+06,,0.176867249,0.270993644,0.347338018
10.53821975,8.87E-07,8.37E-13,1.06E+06,,0.176869651,0.270993644,0.347329154
10.53836262,8.87E-07,8.37E-13,1.06E+06,,0.176872053,0.270993644,0.347320291
10.5385055,8.87E-07,8.37E-13,1.06E+06,,0.176874454,0.270993644,0.347311431
10.53864838,8.87E-07,8.37E-13,1.06E+06,,0.176876856,0.270993644,0.347302567
10.53879126,8.87E-07,8.37E-13,1.06E+06,,0.176879258,0.270993644,0.347293703
10.53893413,8.86E-07,8.37E-13,1.06E+06,,0.176881659,0.270993644,0.347284843
10.53907701,8.86E-07,8.37E-13,1.06E+06,,0.176884061,0.270993644,0.34727598
10.53921989,8.86E-07,8.37E-13,1.06E+06,,0.176886463,0.270993644,0.347267116
10.53936277,8.86E-07,8.37E-13,1.06E+06,,0.176888865,0.270993644,0.347258252
10.53950564,8.86E-07,8.37E-13,1.06E+06,,0.176891266,0.270993644,0.347249392
10.53964852,8.86E-07,8.37E-13,1.06E+06,,0.176893668,0.270993644,0.347240529
10.5397914,8.86E-07,8.37E-13,1.06E+06,,0.17689607,0.270993644,0.347231665
10.53993428,8.86E-07,8.37E-13,1.06E+06,,0.176898471,0.270993644,0.347222805
10.54007715,8.86E-07,8.37E-13,1.06E+06,,0.176900873,0.270993644,0.347213941
10.54022003,8.85E-07,8.37E-13,1.06E+06,,0.176903275,0.270993644,0.347205077
10.54036291,8.85E-07,8.37E-13,1.06E+06,,0.176905677,0.270993644,0.347196214
10.54050579,8.85E-07,8.37E-13,1.06E+06,,0.176908078,0.270993644,0.347187354
10.54064866,8.85E-07,8.37E-13,1.06E+06,,0.17691048,0.270993644,0.34717849
10.54079154,8.85E-07,8.37E-13,1.06E+06,,0.176912882,0.270993644,0.347169626
10.54093442,8.85E-07,8.37E-13,1.06E+06,,0.176915283,0.270993644,0.347160766
10.5410773,8.85E-07,8.37E-13,1.06E+06,,0.176917685,0.270993644,0.347151903
10.54122017,8.85E-07,8.37E-13,1.06E+06,,0.176920087,0.270993644,0.347143039
10.54136305,8.84E-07,8.37E-13,1.06E+06,,0.176922489,0.270993644,0.347134175
10.54150593,8.84E-07,8.37E-13,1.06E+06,,0.17692489,0.270993644,0.347125315
10.54164881,8.84E-07,8.37E-13,1.06E+06,,0.176927292,0.270993644,0.347116452
10.54179168,8.84E-07,8.37E-13,1.06E+06,,0.176929694,0.270993644,0.347107588
10.54193456,8.84E-07,8.37E-13,1.06E+06,,0.176932095,0.270993644,0.347098728
10.54207744,8.84E-07,8.37E-13,1.06E+06,,0.176934497,0.270993644,0.347089864
10.54222032,8.84E-07,8.37E-13,1.06E+06,,0.176936899,0.270993644,0.347081001
10.54236319,8.84E-07,8.37E-13,1.06E+06,,0.176939301,0.270993644,0.347072137
10.54250607,8.84E-07,8.37E-13,1.06E+06,,0.176941702,0.270993644,0.347063277
10.54264895,8.83E-07,8.37E-13,1.05E+06,,0.176944104,0.270993644,0.347054413
10.54279183,8.83E-07,8.37E-13,1.05E+06,,0.176946506,0.270993644,0.34704555
10.5429347,8.83E-07,8.37E-13,1.05E+06,,0.176948908,0.270993644,0.347036686
10.54307758,8.83E-07,8.37E-13,1.05E+06,,0.176951309,0.270993644,0.347027826
10.54322046,8.83E-07,8.37E-13,1.05E+06,,0.176953711,0.270993644,0.347018962
10.54336334,8.83E-07,8.37E-13,1.05E+06,,0.176956113,0.270993644,0.347010099
10.54350622,8.83E-07,8.37E-13,1.05E+06,,0.176958514,0.270993644,0.347001239
10.54364909,8.83E-07,8.37E-13,1.05E+06,,0.176960916,0.270993644,0.346992375
10.54379197,8.83E-07,8.37E-13,1.05E+06,,0.176963318,0.270993644,0.346983511
10.54393485,8.82E-07,8.37E-13,1.05E+06,,0.17696572,0.270993644,0.346974648
10.54407773,8.82E-07,8.37E-13,1.05E+06,,0.176968121,0.270993644,0.346965788
10.5442206,8.82E-07,8.37E-13,1.05E+06,,0.176970523,0.270993644,0.346956924
10.54436348,8.82E-07,8.37E-13,1.05E+06,,0.176972925,0.270993644,0.34694806
10.54450636,8.82E-07,8.37E-13,1.05E+06,,0.176975326,0.270993644,0.3469392
10.54464924,8.82E-07,8.37E-13,1.05E+06,,0.176977728,0.270993644,0.346930337
10.54479211,8.82E-07,8.37E-13,1.05E+06,,0.17698013,0.270993644,0.346921473
10.54493499,8.82E-07,8.37E-13,1.05E+06,,0.176982532,0.270993644,0.346912609
10.54507787,8.81E-07,8.37E-13,1.05E+06,,0.176984933,0.270993644,0.346903749
10.54522075,8.81E-07,8.37E-13,1.05E+06,,0.176987335,0.270993644,0.346894886
10.54536362,8.81E-07,8.37E-13,1.05E+06,,0.176989737,0.270993644,0.346886022
10.5455065,8.81E-07,8.37E-13,1.05E+06,,0.176992138,0.270993644,0.346877162
10.54564938,8.81E-07,8.37E-13,1.05E+06,,0.17699454,0.270993644,0.346868298
10.54579226,8.81E-07,8.37E-13,1.05E+06,,0.176996942,0.270993644,0.346859435
10.54593513,8.81E-07,8.37E-13,1.05E+06,,0.176999344,0.270993644,0.346850571
10.54607801,8.81E-07,8.37E-13,1.05E+06,,0.177001745,0.270993644,0.346841711
10.54622089,8.81E-07,8.37E-13,1.05E+06,,0.177004147,0.270993644,0.346832847
10.54636377,8.80E-07,8.37E-13,1.05E+06,,0.177006549,0.270993644,0.346823984
10.54650664,8.80E-07,8.37E-13,1.05E+06,,0.17700895,0.270993644,0.346815124
10.54664952,8.80E-07,8.37E-13,1.05E+06,,0.177011352,0.270993644,0.34680626
10.5467924,8.80E-07,8.37E-13,1.05E+06,,0.177013754,0.270993644,0.346797396
10.54693528,8.80E-07,8.37E-13,1.05E+06,,0.177016156,0.270993644,0.346788533
10.54707815,8.80E-07,8.37E-13,1.05E+06,,0.177018557,0.270993644,0.346779673
10.54722103,8.80E-07,8.37E-13,1.05E+06,,0.177020959,0.270993644,0.346770809
10.54736391,8.80E-07,8.37E-13,1.05E+06,,0.177023361,0.270993644,0.346761945
10.54750679,8.80E-07,8.37E-13,1.05E+06,,0.177025763,0.270993644,0.346753082
10.54764966,8.79E-07,8.37E-13,1.05E+06,,0.177028164,0.270993644,0.346744222
10.54779254,8.79E-07,8.37E-13,1.05E+06,,0.177030566,0.270993644,0.346735358
10.54793542,8.79E-07,8.37E-13,1.05E+06,,0.177032968,0.270993644,0.346726494
10.5480783,8.79E-07,8.37E-13,1.05E+06,,0.177035369,0.270993644,0.346717634
10.54822117,8.79E-07,8.37E-13,1.05E+06,,0.177037771,0.270993644,0.346708771
10.54836405,8.79E-07,8.37E-13,1.05E+06,,0.177040173,0.270993644,0.346699907
10.54850693,8.79E-07,8.37E-13,1.05E+06,,0.177042575,0.270993644,0.346691043
10.54864981,8.79E-07,8.37E-13,1.05E+06,,0.177044976,0.270993644,0.346682183
10.54879268,8.78E-07,8.37E-13,1.05E+06,,0.177047378,0.270993644,0.34667332
10.54893556,8.78E-07,8.37E-13,1.05E+06,,0.17704978,0.270993644,0.346664456
10.54907844,8.78E-07,8.37E-13,1.05E+06,,0.177052181,0.270993644,0.346655596
10.54922132,8.78E-07,8.37E-13,1.05E+06,,0.177054583,0.270993644,0.346646732
10.54936419,8.78E-07,8.37E-13,1.05E+06,,0.177056985,0.270993644,0.346637869
10.54950707,8.78E-07,8.37E-13,1.05E+06,,0.177059387,0.270993644,0.346629005
10.54964995,8.78E-07,8.37E-13,1.05E+06,,0.177061788,0.270993644,0.346620145
10.54979283,8.78E-07,8.37E-13,1.05E+06,,0.17706419,0.270993644,0.346611281
10.54993571,8.78E-07,8.37E-13,1.05E+06,,0.177066592,0.270993644,0.346602418
10.55007858,8.77E-07,8.37E-13,1.05E+06,,0.177068993,0.270993644,0.346593558
10.55022146,8.77E-07,8.37E-13,1.05E+06,,0.177071395,0.270993644,0.346584694
10.55036434,8.77E-07,8.37E-13,1.05E+06,,0.177073797,0.270993644,0.34657583
10.55050722,8.77E-07,8.37E-13,1.05E+06,,0.177076199,0.270993644,0.346566967
10.55065009,8.77E-07,8.37E-13,1.05E+06,,0.1770786,0.270993644,0.346558107
10.55079297,8.77E-07,8.37E-13,1.05E+06,,0.177081002,0.270993644,0.346549243
10.55093585,8.77E-07,8.37E-13,1.05E+06,,0.177083404,0.270993644,0.346540379
10.55107873,8.77E-07,8.37E-13,1.05E+06,,0.177085805,0.270993644,0.346531519
10.5512216,8.77E-07,8.37E-13,1.05E+06,,0.177088207,0.270993644,0.346522656
10.55136448,8.76E-07,8.37E-13,1.05E+06,,0.177090609,0.270993644,0.346513792
10.55150736,8.76E-07,8.37E-13,1.05E+06,,0.177093011,0.270993644,0.346504928
10.55165024,8.76E-07,8.37E-13,1.05E+06,,0.177095412,0.270993644,0.346496068
10.55179311,8.76E-07,8.37E-13,1.05E+06,,0.177097814,0.270993644,0.346487205
10.55193599,8.76E-07,8.37E-13,1.05E+06,,0.177100216,0.270993644,0.346478341
10.55207887,8.76E-07,8.37E-13,1.05E+06,,0.177102618,0.270993644,0.346469477
10.55222175,8.76E-07,8.37E-13,1.05E+06,,0.177105019,0.270993644,0.346460617
10.55236462,8.76E-07,8.37E-13,1.05E+06,,0.177107421,0.270993644,0.346451754
10.5525075,8.75E-07,8.37E-13,1.04E+06,,0.177109823,0.270993644,0.34644289
10.55265038,8.75E-07,8.37E-13,1.04E+06,,0.177112224,0.270993644,0.34643403
10.55279326,8.75E-07,8.37E-13,1.04E+06,,0.177114626,0.270993644,0.346425166
10.55293613,8.75E-07,8.37E-13,1.04E+06,,0.177117028,0.270993644,0.346416303
10.55307901,8.75E-07,8.37E-13,1.04E+06,,0.17711943,0.270993644,0.346407439
10.55322189,8.75E-07,8.37E-13,1.04E+06,,0.177121831,0.270993644,0.346398579
10.55336477,8.75E-07,8.37E-13,1.04E+06,,0.177124233,0.270993644,0.346389715
10.55350764,8.75E-07,8.37E-13,1.04E+06,,0.177126635,0.270993644,0.346380852
10.55365052,8.75E-07,8.37E-13,1.04E+06,,0.177129036,0.270993644,0.346371992
10.5537934,8.74E-07,8.37E-13,1.04E+06,,0.177131438,0.270993644,0.346363128
10.55393628,8.74E-07,8.37E-13,1.04E+06,,0.17713384,0.270993644,0.346354264
10.55407915,8.74E-07,8.37E-13,1.04E+06,,0.177136242,0.270993644,0.346345401
10.55422203,8.74E-07,8.37E-13,1.04E+06,,0.177138643,0.270993644,0.346336541
10.55436491,8.74E-07,8.37E-13,1.04E+06,,0.177141045,0.270993644,0.346327677
10.55450779,8.74E-07,8.37E-13,1.04E+06,,0.177143447,0.270993644,0.346318813
10.55465066,8.74E-07,8.37E-13,1.04E+06,,0.177145848,0.270993644,0.346309953
10.55479354,8.74E-07,8.37E-13,1.04E+06,,0.17714825,0.270993644,0.346301089
10.55493642,8.74E-07,8.37E-13,1.04E+06,,0.177150652,0.270993644,0.346292226
10.5550793,8.73E-07,8.37E-13,1.04E+06,,0.177153054,0.270993644,0.346283362
10.55522217,8.73E-07,8.37E-13,1.04E+06,,0.177155455,0.270993644,0.346274502
10.55536505,8.73E-07,8.37E-13,1.04E+06,,0.177157857,0.270993644,0.346265638
10.55550793,8.73E-07,8.37E-13,1.04E+06,,0.177160259,0.270993644,0.346256775
10.55565081,8.73E-07,8.37E-13,1.04E+06,,0.17716266,0.270993644,0.346247915
10.55579368,8.73E-07,8.37E-13,1.04E+06,,0.177165062,0.270993644,0.346239051
10.55593656,8.73E-07,8.37E-13,1.04E+06,,0.177167464,0.270993644,0.346230187
10.55607944,8.73E-07,8.37E-13,1.04E+06,,0.177169866,0.270993644,0.346221324
10.55622232,8.72E-07,8.37E-13,1.04E+06,,0.177172267,0.270993644,0.346212464
10.5563652,8.72E-07,8.37E-13,1.04E+06,,0.177174669,0.270993644,0.3462036
10.55650807,8.72E-07,8.37E-13,1.04E+06,,0.177177071,0.270993644,0.346194736
10.55665095,8.72E-07,8.37E-13,1.04E+06,,0.177179473,0.270993644,0.346185873
10.55679383,8.72E-07,8.37E-13,1.04E+06,,0.177181874,0.270993644,0.346177013
10.55693671,8.72E-07,8.37E-13,1.04E+06,,0.177184276,0.270993644,0.346168149
10.55707958,8.72E-07,8.37E-13,1.04E+06,,0.177186678,0.270993644,0.346159285
10.55722246,8.72E-07,8.37E-13,1.04E+06,,0.177189079,0.270993644,0.346150425
10.55736534,8.72E-07,8.37E-13,1.04E+06,,0.177191481,0.270993644,0.346141562
10.55750822,8.71E-07,8.37E-13,1.04E+06,,0.177193883,0.270993644,0.346132698
10.55765109,8.71E-07,8.37E-13,1.04E+06,,0.177196285,0.270993644,0.346123834
10.55779397,8.71E-07,8.37E-13,1.04E+06,,0.177198686,0.270993644,0.346114974
10.55793685,8.71E-07,8.37E-13,1.04E+06,,0.177201088,0.270993644,0.346106111
10.55807973,8.71E-07,8.37E-13,1.04E+06,,0.17720349,0.270993644,0.346097247
10.5582226,8.71E-07,8.37E-13,1.04E+06,,0.177205891,0.270993644,0.346088387
10.55836548,8.71E-07,8.37E-13,1.04E+06,,0.177208293,0.270993644,0.346079523
10.55850836,8.71E-07,8.37E-13,1.04E+06,,0.177210695,0.270993644,0.34607066
10.55865124,8.70E-07,8.37E-13,1.04E+06,,0.177213097,0.270993644,0.346061796
10.55879411,8.70E-07,8.37E-13,1.04E+06,,0.177215498,0.270993644,0.346052936
10.55893699,8.70E-07,8.37E-13,1.04E+06,,0.1772179,0.270993644,0.346044072
10.55907987,8.70E-07,8.37E-13,1.04E+06,,0.177220302,0.270993644,0.346035209
10.55922275,8.70E-07,8.37E-13,1.04E+06,,0.177222703,0.270993644,0.346026349
10.55936562,8.70E-07,8.37E-13,1.04E+06,,0.177225105,0.270993644,0.346017485
10.5595085,8.70E-07,8.37E-13,1.04E+06,,0.177227507,0.270993644,0.346008621
10.55965138,8.70E-07,8.37E-13,1.04E+06,,0.177229909,0.270993644,0.345999758
10.55979426,8.70E-07,8.37E-13,1.04E+06,,0.17723231,0.270993644,0.345990898
10.55993713,8.69E-07,8.37E-13,1.04E+06,,0.177234712,0.270993644,0.345982034
10.56008001,8.69E-07,8.37E-13,1.04E+06,,0.177237114,0.270993644,0.34597317
10.56022289,8.69E-07,8.37E-13,1.04E+06,,0.177239515,0.270993644,0.34596431
10.56036577,8.69E-07,8.37E-13,1.04E+06,,0.177241917,0.270993644,0.345955447
10.56050864,8.69E-07,8.37E-13,1.04E+06,,0.177244319,0.270993644,0.345946583
10.56065152,8.69E-07,8.37E-13,1.04E+06,,0.177246721,0.270993644,0.345937719
10.5607944,8.69E-07,8.37E-13,1.04E+06,,0.177249122,0.270993644,0.345928859
10.56093728,8.69E-07,8.37E-13,1.04E+06,,0.177251524,0.270993644,0.345919996
10.56108015,8.69E-07,8.37E-13,1.04E+06,,0.177253926,0.270993644,0.345911132
10.56122303,8.68E-07,8.37E-13,1.04E+06,,0.177256328,0.270993644,0.345902268
10.56136591,8.68E-07,8.37E-13,1.04E+06,,0.177258729,0.270993644,0.345893408
10.56150879,8.68E-07,8.37E-13,1.04E+06,,0.177261131,0.270993644,0.345884545
10.56165166,8.68E-07,8.37E-13,1.04E+06,,0.177263533,0.270993644,0.345875681
10.56179454,8.68E-07,8.37E-13,1.04E+06,,0.177265934,0.270993644,0.345866821
10.56193742,8.68E-07,8.37E-13,1.04E+06,,0.177268336,0.270993644,0.345857957
10.5620803,8.68E-07,8.37E-13,1.04E+06,,0.177270738,0.270993644,0.345849094
10.56222317,8.68E-07,8.37E-13,1.04E+06,,0.17727314,0.270993644,0.34584023
10.56236605,8.67E-07,8.37E-13,1.04E+06,,0.177275541,0.270993644,0.34583137
10.56250893,8.67E-07,8.37E-13,1.04E+06,,0.177277943,0.270993644,0.345822506
10.56265181,8.67E-07,8.37E-13,1.04E+06,,0.177280345,0.270993644,0.345813643
10.56279468,8.67E-07,8.37E-13,1.04E+06,,0.177282746,0.270993644,0.345804783
10.56293756,8.67E-07,8.37E-13,1.04E+06,,0.177285148,0.270993644,0.345795919
10.56308044,8.67E-07,8.37E-13,1.04E+06,,0.17728755,0.270993644,0.345787055
10.56322332,8.67E-07,8.37E-13,1.04E+06,,0.177289952,0.270993644,0.345778192
10.5633662,8.67E-07,8.37E-13,1.04E+06,,0.177292353,0.270993644,0.345769332
10.56350907,8.67E-07,8.37E-13,1.04E+06,,0.177294755,0.270993644,0.345760468
10.56365195,8.66E-07,8.37E-13,1.03E+06,,0.177297157,0.270993644,0.345751604
10.56379483,8.66E-07,8.37E-13,1.03E+06,,0.177299558,0.270993644,0.345742744
10.56393771,8.66E-07,8.37E-13,1.03E+06,,0.17730196,0.270993644,0.345733881
10.56408058,8.66E-07,8.37E-13,1.03E+06,,0.177304362,0.270993644,0.345725017
10.56422346,8.66E-07,8.37E-13,1.03E+06,,0.177306764,0.270993644,0.345716153
10.56436634,8.66E-07,8.37E-13,1.03E+06,,0.177309165,0.270993644,0.345707293
10.56450922,8.66E-07,8.37E-13,1.03E+06,,0.177311567,0.270993644,0.34569843
10.56465209,8.66E-07,8.37E-13,1.03E+06,,0.177313969,0.270993644,0.345689566
10.56479497,8.66E-07,8.37E-13,1.03E+06,,0.17731637,0.270993644,0.345680706
10.56493785,8.65E-07,8.37E-13,1.03E+06,,0.177318772,0.270993644,0.345671842
10.56508073,8.65E-07,8.37E-13,1.03E+06,,0.177321174,0.270993644,0.345662979
10.5652236,8.65E-07,8.37E-13,1.03E+06,,0.177323576,0.270993644,0.345654115
10.56536648,8.65E-07,8.37E-13,1.03E+06,,0.177325977,0.270993644,0.345645255
10.56550936,8.65E-07,8.37E-13,1.03E+06,,0.177328379,0.270993644,0.345636391
10.56565224,8.65E-07,8.37E-13,1.03E+06,,0.177330781,0.270993644,0.345627528
10.56579511,8.65E-07,8.37E-13,1.03E+06,,0.177333183,0.270993644,0.345618664
10.56593799,8.65E-07,8.37E-13,1.03E+06,,0.177335584,0.270993644,0.345609804
10.56608087,8.64E-07,8.37E-13,1.03E+06,,0.177337986,0.270993644,0.34560094
10.56622375,8.64E-07,8.37E-13,1.03E+06,,0.177340388,0.270993644,0.345592077
10.56636662,8.64E-07,8.37E-13,1.03E+06,,0.177342789,0.270993644,0.345583217
10.5665095,8.64E-07,8.37E-13,1.03E+06,,0.177345191,0.270993644,0.345574353
10.56665238,8.64E-07,8.37E-13,1.03E+06,,0.177347593,0.270993644,0.345565489
10.56679526,8.64E-07,8.37E-13,1.03E+06,,0.177349995,0.270993644,0.345556626
10.56693813,8.64E-07,8.37E-13,1.03E+06,,0.177352396,0.270993644,0.345547766
10.56708101,8.64E-07,8.37E-13,1.03E+06,,0.177354798,0.270993644,0.345538902
10.56722389,8.64E-07,8.37E-13,1.03E+06,,0.1773572,0.270993644,0.345530038
10.56736677,8.63E-07,8.37E-13,1.03E+06,,0.177359601,0.270993644,0.345521178
10.56750964,8.63E-07,8.37E-13,1.03E+06,,0.177362003,0.270993644,0.345512315
10.56765252,8.63E-07,8.37E-13,1.03E+06,,0.177364405,0.270993644,0.345503451
10.5677954,8.63E-07,8.37E-13,1.03E+06,,0.177366807,0.270993644,0.345494587
10.56793828,8.63E-07,8.37E-13,1.03E+06,,0.177369208,0.270993644,0.345485727
10.56808115,8.63E-07,8.37E-13,1.03E+06,,0.17737161,0.270993644,0.345476864
10.56822403,8.63E-07,8.37E-13,1.03E+06,,0.177374012,0.270993644,0.345468
10.56836691,8.63E-07,8.37E-13,1.03E+06,,0.177376413,0.270993644,0.34545914
10.56850979,8.63E-07,8.37E-13,1.03E+06,,0.177378815,0.270993644,0.345450276
10.56865266,8.62E-07,8.37E-13,1.03E+06,,0.177381217,0.270993644,0.345441413
10.56879554,8.62E-07,8.37E-13,1.03E+06,,0.177383619,0.270993644,0.345432549
10.56893842,8.62E-07,8.37E-13,1.03E+06,,0.17738602,0.270993644,0.345423689
10.5690813,8.62E-07,8.37E-13,1.03E+06,,0.177388422,0.270993644,0.345414825
10.56922417,8.62E-07,8.37E-13,1.03E+06,,0.177390824,0.270993644,0.345405961
10.56936705,8.62E-07,8.37E-13,1.03E+06,,0.177393225,0.270993644,0.345397102
10.56950993,8.62E-07,8.37E-13,1.03E+06,,0.177395627,0.270993644,0.345388238
10.56965281,8.62E-07,8.37E-13,1.03E+06,,0.177398029,0.270993644,0.345379374
10.56979569,8.61E-07,8.37E-13,1.03E+06,,0.177400431,0.270993644,0.34537051
10.56993856,8.61E-07,8.37E-13,1.03E+06,,0.177402832,0.270993644,0.34536165
10.57008144,8.61E-07,8.37E-13,1.03E+06,,0.177405234,0.270993644,0.345352787
10.57022432,8.61E-07,8.37E-13,1.03E+06,,0.177407636,0.270993644,0.345343923
10.5703672,8.61E-07,8.37E-13,1.03E+06,,0.177410038,0.270993644,0.345335059
10.57051007,8.61E-07,8.37E-13,1.03E+06,,0.177412439,0.270993644,0.345326199
10.57065295,8.61E-07,8.37E-13,1.03E+06,,0.177414841,0.270993644,0.345317336
10.57079583,8.61E-07,8.37E-13,1.03E+06,,0.177417243,0.270993644,0.345308472
10.57093871,8.61E-07,8.37E-13,1.03E+06,,0.177419644,0.270993644,0.345299612
10.57108158,8.60E-07,8.37E-13,1.03E+06,,0.177422046,0.270993644,0.345290748
10.57122446,8.60E-07,8.37E-13,1.03E+06,,0.177424448,0.270993644,0.345281885
10.57136734,8.60E-07,8.37E-13,1.03E+06,,0.17742685,0.270993644,0.345273021
10.57151022,8.60E-07,8.37E-13,1.03E+06,,0.177429251,0.270993644,0.345264161
10.57165309,8.60E-07,8.37E-13,1.03E+06,,0.177431653,0.270993644,0.345255297
10.57179597,8.60E-07,8.37E-13,1.03E+06,,0.177434055,0.270993644,0.345246434
10.57193885,8.60E-07,8.37E-13,1.03E+06,,0.177436456,0.270993644,0.345237574
10.57208173,8.60E-07,8.37E-13,1.03E+06,,0.177438858,0.270993644,0.34522871
10.5722246,8.59E-07,8.37E-13,1.03E+06,,0.17744126,0.270993644,0.345219846
10.57236748,8.59E-07,8.37E-13,1.03E+06,,0.177443662,0.270993644,0.345210983
10.57251036,8.59E-07,8.37E-13,1.03E+06,,0.177446063,0.270993644,0.345202123
10.57265324,8.59E-07,8.37E-13,1.03E+06,,0.177448465,0.270993644,0.345193259
10.57279611,8.59E-07,8.37E-13,1.03E+06,,0.177450867,0.270993644,0.345184395
10.57293899,8.59E-07,8.37E-13,1.03E+06,,0.177453268,0.270993644,0.345175535
10.57308187,8.59E-07,8.37E-13,1.03E+06,,0.17745567,0.270993644,0.345166672
10.57322475,8.59E-07,8.37E-13,1.03E+06,,0.177458072,0.270993644,0.345157808
10.57336762,8.59E-07,8.37E-13,1.03E+06,,0.177460474,0.270993644,0.345148944
10.5735105,8.58E-07,8.37E-13,1.02E+06,,0.177462875,0.270993644,0.345140084
10.57365338,8.58E-07,8.37E-13,1.02E+06,,0.177465277,0.270993644,0.345131221
10.57379626,8.58E-07,8.37E-13,1.02E+06,,0.177467679,0.270993644,0.345122357
10.57393913,8.58E-07,8.37E-13,1.02E+06,,0.17747008,0.270993644,0.345113497
10.57408201,8.58E-07,8.37E-13,1.02E+06,,0.177472482,0.270993644,0.345104633
10.57422489,8.58E-07,8.37E-13,1.02E+06,,0.177474884,0.270993644,0.34509577
10.57436777,8.58E-07,8.37E-13,1.02E+06,,0.177477286,0.270993644,0.345086906
10.57451064,8.58E-07,8.37E-13,1.02E+06,,0.177479687,0.270993644,0.345078046
10.57465352,8.58E-07,8.37E-13,1.02E+06,,0.177482089,0.270993644,0.345069182
10.5747964,8.57E-07,8.37E-13,1.02E+06,,0.177484491,0.270993644,0.345060319
10.57493928,8.57E-07,8.37E-13,1.02E+06,,0.177486893,0.270993644,0.345051455
10.57508215,8.57E-07,8.37E-13,1.02E+06,,0.177489294,0.270993644,0.345042595
10.57522503,8.57E-07,8.37E-13,1.02E+06,,0.177491696,0.270993644,0.345033731
10.57536791,8.57E-07,8.37E-13,1.02E+06,,0.177494098,0.270993644,0.345024868
10.57551079,8.57E-07,8.37E-13,1.02E+06,,0.177496499,0.270993644,0.345016008
10.57565366,8.57E-07,8.37E-13,1.02E+06,,0.177498901,0.270993644,0.345007144
10.57579654,8.57E-07,8.37E-13,1.02E+06,,0.177501303,0.270993644,0.34499828
10.57593942,8.56E-07,8.37E-13,1.02E+06,,0.177503705,0.270993644,0.344989417
10.5760823,8.56E-07,8.37E-13,1.02E+06,,0.177506106,0.270993644,0.344980557
10.57622518,8.56E-07,8.37E-13,1.02E+06,,0.177508508,0.270993644,0.344971693
10.57636805,8.56E-07,8.37E-13,1.02E+06,,0.17751091,0.270993644,0.344962829
10.57651093,8.56E-07,8.37E-13,1.02E+06,,0.177513311,0.270993644,0.344953969
10.57665381,8.56E-07,8.37E-13,1.02E+06,,0.177515713,0.270993644,0.344945106
10.57679669,8.56E-07,8.37E-13,1.02E+06,,0.177518115,0.270993644,0.344936242
10.57693956,8.56E-07,8.37E-13,1.02E+06,,0.177520517,0.270993644,0.344927378
10.57708244,8.56E-07,8.37E-13,1.02E+06,,0.177522918,0.270993644,0.344918518
10.57722532,8.55E-07,8.37E-13,1.02E+06,,0.17752532,0.270993644,0.344909655
10.5773682,8.55E-07,8.37E-13,1.02E+06,,0.177527722,0.270993644,0.344900791
10.57751107,8.55E-07,8.37E-13,1.02E+06,,0.177530123,0.270993644,0.344891931
10.57765395,8.55E-07,8.37E-13,1.02E+06,,0.177532525,0.270993644,0.344883067
10.57779683,8.55E-07,8.37E-13,1.02E+06,,0.177534927,0.270993644,0.344874204
10.57793971,8.55E-07,8.37E-13,1.02E+06,,0.177537329,0.270993644,0.34486534
10.57808258,8.55E-07,8.37E-13,1.02E+06,,0.17753973,0.270993644,0.34485648
10.57822546,8.55E-07,8.37E-13,1.02E+06,,0.177542132,0.270993644,0.344847616
10.57836834,8.55E-07,8.37E-13,1.02E+06,,0.177544534,0.270993644,0.344838753
10.57851122,8.54E-07,8.37E-13,1.02E+06,,0.177546935,0.270993644,0.344829893
10.57865409,8.54E-07,8.37E-13,1.02E+06,,0.177549337,0.270993644,0.344821029
10.57879697,8.54E-07,8.37E-13,1.02E+06,,0.177551739,0.270993644,0.344812165
10.57893985,8.54E-07,8.37E-13,1.02E+06,,0.177554141,0.270993644,0.344803302
10.57908273,8.54E-07,8.37E-13,1.02E+06,,0.177556542,0.270993644,0.344794442
10.5792256,8.54E-07,8.37E-13,1.02E+06,,0.177558944,0.270993644,0.344785578
10.57936848,8.54E-07,8.37E-13,1.02E+06,,0.177561346,0.270993644,0.344776714
10.57951136,8.54E-07,8.37E-13,1.02E+06,,0.177563748,0.270993644,0.344767851
10.57965424,8.53E-07,8.37E-13,1.02E+06,,0.177566149,0.270993644,0.344758991
10.57979711,8.53E-07,8.37E-13,1.02E+06,,0.177568551,0.270993644,0.344750127
10.57993999,8.53E-07,8.37E-13,1.02E+06,,0.177570953,0.270993644,0.344741263
10.58008287,8.53E-07,8.37E-13,1.02E+06,,0.177573354,0.270993644,0.344732403
10.58022575,8.53E-07,8.37E-13,1.02E+06,,0.177575756,0.270993644,0.34472354
10.58036862,8.53E-07,8.37E-13,1.02E+06,,0.177578158,0.270993644,0.344714676
10.5805115,8.53E-07,8.37E-13,1.02E+06,,0.17758056,0.270993644,0.344705812
10.58065438,8.53E-07,8.37E-13,1.02E+06,,0.177582961,0.270993644,0.344696952
10.58079726,8.53E-07,8.37E-13,1.02E+06,,0.177585363,0.270993644,0.344688089
10.58094013,8.52E-07,8.37E-13,1.02E+06,,0.177587765,0.270993644,0.344679225
10.58108301,8.52E-07,8.37E-13,1.02E+06,,0.177590166,0.270993644,0.344670365
10.58122589,8.52E-07,8.37E-13,1.02E+06,,0.177592568,0.270993644,0.344661501
10.58136877,8.52E-07,8.37E-13,1.02E+06,,0.17759497,0.270993644,0.344652638
10.58151164,8.52E-07,8.37E-13,1.02E+06,,0.177597372,0.270993644,0.344643774
10.58165452,8.52E-07,8.37E-13,1.02E+06,,0.177599773,0.270993644,0.344634914
10.5817974,8.52E-07,8.37E-13,1.02E+06,,0.177602175,0.270993644,0.34462605
10.58194028,8.52E-07,8.37E-13,1.02E+06,,0.177604577,0.270993644,0.344617187
10.58208315,8.52E-07,8.37E-13,1.02E+06,,0.177606978,0.270993644,0.344608327
10.58222603,8.51E-07,8.37E-13,1.02E+06,,0.17760938,0.270993644,0.344599463
10.58236891,8.51E-07,8.37E-13,1.02E+06,,0.177611782,0.270993644,0.344590599
10.58251179,8.51E-07,8.37E-13,1.02E+06,,0.177614184,0.270993644,0.344581736
10.58265466,8.51E-07,8.37E-13,1.02E+06,,0.177616585,0.270993644,0.344572876
10.58279754,8.51E-07,8.37E-13,1.02E+06,,0.177618987,0.270993644,0.344564012
10.58294042,8.51E-07,8.37E-13,1.02E+06,,0.177621389,0.270993644,0.344555148
10.5830833,8.51E-07,8.37E-13,1.02E+06,,0.17762379,0.270993644,0.344546288
10.58322618,8.51E-07,8.37E-13,1.02E+06,,0.177626192,0.270993644,0.344537425
10.58336905,8.50E-07,8.37E-13,1.01E+06,,0.177628594,0.270993644,0.344528561
10.58351193,8.50E-07,8.37E-13,1.01E+06,,0.177630996,0.270993644,0.344519697
10.58365481,8.50E-07,8.37E-13,1.01E+06,,0.177633397,0.270993644,0.344510837
10.58379769,8.50E-07,8.37E-13,1.01E+06,,0.177635799,0.270993644,0.344501974
10.58394056,8.50E-07,8.37E-13,1.01E+06,,0.177638201,0.270993644,0.34449311
10.58408344,8.50E-07,8.37E-13,1.01E+06,,0.177640603,0.270993644,0.344484246
10.58422632,8.50E-07,8.37E-13,1.01E+06,,0.177643004,0.270993644,0.344475386
10.5843692,8.50E-07,8.37E-13,1.01E+06,,0.177645406,0.270993644,0.344466522
10.58451207,8.50E-07,8.37E-13,1.01E+06,,0.177647808,0.270993644,0.344457659
10.58465495,8.49E-07,8.37E-13,1.01E+06,,0.177650209,0.270993644,0.344448799
10.58479783,8.49E-07,8.37E-13,1.01E+06,,0.177652611,0.270993644,0.344439935
10.58494071,8.49E-07,8.37E-13,1.01E+06,,0.177655013,0.270993644,0.344431071
10.58508358,8.49E-07,8.37E-13,1.01E+06,,0.177657415,0.270993644,0.344422208
10.58522646,8.49E-07,8.37E-13,1.01E+06,,0.177659816,0.270993644,0.344413348
10.58536934,8.49E-07,8.37E-13,1.01E+06,,0.177662218,0.270993644,0.344404484
10.58551222,8.49E-07,8.37E-13,1.01E+06,,0.17766462,0.270993644,0.34439562
10.58565509,8.49E-07,8.37E-13,1.01E+06,,0.177667021,0.270993644,0.34438676
10.58579797,8.49E-07,8.37E-13,1.01E+06,,0.177669423,0.270993644,0.344377897
10.58594085,8.48E-07,8.37E-13,1.01E+06,,0.177671825,0.270993644,0.344369033
10.58608373,8.48E-07,8.37E-13,1.01E+06,,0.177674227,0.270993644,0.344360169
10.5862266,8.48E-07,8.37E-13,1.01E+06,,0.177676628,0.270993644,0.344351309
10.58636948,8.48E-07,8.37E-13,1.01E+06,,0.17767903,0.270993644,0.344342446
10.58651236,8.48E-07,8.37E-13,1.01E+06,,0.177681432,0.270993644,0.344333582
10.58665524,8.48E-07,8.37E-13,1.01E+06,,0.177683833,0.270993644,0.344324722
10.58679811,8.48E-07,8.37E-13,1.01E+06,,0.177686235,0.270993644,0.344315858
10.58694099,8.48E-07,8.37E-13,1.01E+06,,0.177688637,0.270993644,0.344306995
10.58708387,8.47E-07,8.37E-13,1.01E+06,,0.177691039,0.270993644,0.344298131
10.58722675,8.47E-07,8.37E-13,1.01E+06,,0.17769344,0.270993644,0.344289271
10.58736962,8.47E-07,8.37E-13,1.01E+06,,0.177695842,0.270993644,0.344280407
10.5875125,8.47E-07,8.37E-13,1.01E+06,,0.177698244,0.270993644,0.344271544
10.58765538,8.47E-07,8.37E-13,1.01E+06,,0.177700645,0.270993644,0.344262684
10.58779826,8.47E-07,8.37E-13,1.01E+06,,0.177703047,0.270993644,0.34425382
10.58794113,8.47E-07,8.37E-13,1.01E+06,,0.177705449,0.270993644,0.344244956
10.58808401,8.47E-07,8.37E-13,1.01E+06,,0.177707851,0.270993644,0.344236093
10.58822689,8.47E-07,8.37E-13,1.01E+06,,0.177710252,0.270993644,0.344227233
10.58836977,8.46E-07,8.37E-13,1.01E+06,,0.177712654,0.270993644,0.344218369
10.58851264,8.46E-07,8.37E-13,1.01E+06,,0.177715056,0.270993644,0.344209505
10.58865552,8.46E-07,8.37E-13,1.01E+06,,0.177717458,0.270993644,0.344200642
10.5887984,8.46E-07,8.37E-13,1.01E+06,,0.177719859,0.270993644,0.344191782
10.58894128,8.46E-07,8.37E-13,1.01E+06,,0.177722261,0.270993644,0.344182918
10.58908415,8.46E-07,8.37E-13,1.01E+06,,0.177724663,0.270993644,0.344174054
10.58922703,8.46E-07,8.37E-13,1.01E+06,,0.177727064,0.270993644,0.344165194
10.58936991,8.46E-07,8.37E-13,1.01E+06,,0.177729466,0.270993644,0.344156331
10.58951279,8.45E-07,8.37E-13,1.01E+06,,0.177731868,0.270993644,0.344147467
10.58965567,8.45E-07,8.37E-13,1.01E+06,,0.17773427,0.270993644,0.344138603
10.58979854,8.45E-07,8.37E-13,1.01E+06,,0.177736671,0.270993644,0.344129743
10.58994142,8.45E-07,8.37E-13,1.01E+06,,0.177739073,0.270993644,0.34412088
10.5900843,8.45E-07,8.37E-13,1.01E+06,,0.177741475,0.270993644,0.344112016
10.59022718,8.45E-07,8.37E-13,1.01E+06,,0.177743876,0.270993644,0.344103156
10.59037005,8.45E-07,8.37E-13,1.01E+06,,0.177746278,0.270993644,0.344094292
10.59051293,8.45E-07,8.37E-13,1.01E+06,,0.17774868,0.270993644,0.344085429
10.59065581,8.45E-07,8.37E-13,1.01E+06,,0.177751082,0.270993644,0.344076565
10.59079869,8.44E-07,8.37E-13,1.01E+06,,0.177753483,0.270993644,0.344067705
10.59094156,8.44E-07,8.37E-13,1.01E+06,,0.177755885,0.270993644,0.344058841
10.59108444,8.44E-07,8.37E-13,1.01E+06,,0.177758287,0.270993644,0.344049978
10.59122732,8.44E-07,8.37E-13,1.01E+06,,0.177760688,0.270993644,0.344041118
10.5913702,8.44E-07,8.37E-13,1.01E+06,,0.17776309,0.270993644,0.344032254
10.59151307,8.44E-07,8.37E-13,1.01E+06,,0.177765492,0.270993644,0.34402339
10.59165595,8.44E-07,8.37E-13,1.01E+06,,0.177767894,0.270993644,0.344014527
10.59179883,8.44E-07,8.37E-13,1.01E+06,,0.177770295,0.270993644,0.344005667
10.59194171,8.44E-07,8.37E-13,1.01E+06,,0.177772697,0.270993644,0.343996803
10.59208458,8.43E-07,8.37E-13,1.01E+06,,0.177775099,0.270993644,0.343987939
10.59222746,8.43E-07,8.37E-13,1.01E+06,,0.1777775,0.270993644,0.343979079
10.59237034,8.43E-07,8.37E-13,1.01E+06,,0.177779902,0.270993644,0.343970216
10.59251322,8.43E-07,8.37E-13,1.01E+06,,0.177782304,0.270993644,0.343961352
10.59265609,8.43E-07,8.37E-13,1.01E+06,,0.177784706,0.270993644,0.343952488
10.59279897,8.43E-07,8.37E-13,1.01E+06,,0.177787107,0.270993644,0.343943628
10.59294185,8.43E-07,8.37E-13,1.01E+06,,0.177789509,0.270993644,0.343934765
10.59308473,8.43E-07,8.37E-13,1.01E+06,,0.177791911,0.270993644,0.343925901
10.5932276,8.42E-07,8.37E-13,1.01E+06,,0.177794313,0.270993644,0.343917037
10.59337048,8.42E-07,8.37E-13,1.01E+06,,0.177796714,0.270993644,0.343908177
10.59351336,8.42E-07,8.37E-13,1.01E+06,,0.177799116,0.270993644,0.343899314
10.59365624,8.42E-07,8.37E-13,1.01E+06,,0.177801518,0.270993644,0.34389045
10.59379911,8.42E-07,8.37E-13,1.01E+06,,0.177803919,0.270993644,0.34388159
10.59394199,8.42E-07,8.37E-13,1.01E+06,,0.177806321,0.270993644,0.343872726
10.59408487,8.42E-07,8.37E-13,1.01E+06,,0.177808723,0.270993644,0.343863863
10.59422775,8.42E-07,8.37E-13,1.01E+06,,0.177811125,0.270993644,0.343854999
10.59437062,8.42E-07,8.37E-13,1.01E+06,,0.177813526,0.270993644,0.343846139
10.5945135,8.41E-07,8.37E-13,1.00E+06,,0.177815928,0.270993644,0.343837275
10.59465638,8.41E-07,8.37E-13,1.00E+06,,0.17781833,0.270993644,0.343828412
10.59479926,8.41E-07,8.37E-13,1.00E+06,,0.177820731,0.270993644,0.343819552
10.59494213,8.41E-07,8.37E-13,1.00E+06,,0.177823133,0.270993644,0.343810688
10.59508501,8.41E-07,8.37E-13,1.00E+06,,0.177825535,0.270993644,0.343801824
10.59522789,8.41E-07,8.37E-13,1.00E+06,,0.177827937,0.270993644,0.343792961
10.59537077,8.41E-07,8.37E-13,1.00E+06,,0.177830338,0.270993644,0.343784101
10.59551364,8.41E-07,8.37E-13,1.00E+06,,0.17783274,0.270993644,0.343775237
10.59565652,8.41E-07,8.37E-13,1.00E+06,,0.177835142,0.270993644,0.343766373
10.5957994,8.40E-07,8.37E-13,1.00E+06,,0.177837543,0.270993644,0.343757513
10.59594228,8.40E-07,8.37E-13,1.00E+06,,0.177839945,0.270993644,0.34374865
10.59608516,8.40E-07,8.37E-13,1.00E+06,,0.177842347,0.270993644,0.343739786
10.59622803,8.40E-07,8.37E-13,1.00E+06,,0.177844749,0.270993644,0.343730922
10.59637091,8.40E-07,8.37E-13,1.00E+06,,0.17784715,0.270993644,0.343722062
10.59651379,8.40E-07,8.37E-13,1.00E+06,,0.177849552,0.270993644,0.343713199
10.59665667,8.40E-07,8.37E-13,1.00E+06,,0.177851954,0.270993644,0.343704335
10.59679954,8.40E-07,8.37E-13,1.00E+06,,0.177854355,0.270993644,0.343695475
10.59694242,8.39E-07,8.37E-13,1.00E+06,,0.177856757,0.270993644,0.343686611
10.5970853,8.39E-07,8.37E-13,1.00E+06,,0.177859159,0.270993644,0.343677748
10.59722818,8.39E-07,8.37E-13,1.00E+06,,0.177861561,0.270993644,0.343668884
10.59737105,8.39E-07,8.37E-13,1.00E+06,,0.177863962,0.270993644,0.343660024
10.59751393,8.39E-07,8.37E-13,1.00E+06,,0.177866364,0.270993644,0.34365116
10.59765681,8.39E-07,8.37E-13,1.00E+06,,0.177868766,0.270993644,0.343642297
10.59779969,8.39E-07,8.37E-13,1.00E+06,,0.177871168,0.270993644,0.343633433
10.59794256,8.39E-07,8.37E-13,1.00E+06,,0.177873569,0.270993644,0.343624573
10.59808544,8.39E-07,8.37E-13,1.00E+06,,0.177875971,0.270993644,0.343615709
10.59822832,8.38E-07,8.37E-13,1.00E+06,,0.177878373,0.270993644,0.343606846
10.5983712,8.38E-07,8.37E-13,1.00E+06,,0.177880774,0.270993644,0.343597986
10.59851407,8.38E-07,8.37E-13,1.00E+06,,0.177883176,0.270993644,0.343589122
10.59865695,8.38E-07,8.37E-13,1.00E+06,,0.177885578,0.270993644,0.343580258
10.59879983,8.38E-07,8.37E-13,1.00E+06,,0.17788798,0.270993644,0.343571394
10.59894271,8.38E-07,8.37E-13,1.00E+06,,0.177890381,0.270993644,0.343562534
10.59908558,8.38E-07,8.37E-13,1.00E+06,,0.177892783,0.270993644,0.343553671
10.59922846,8.38E-07,8.37E-13,1.00E+06,,0.177895185,0.270993644,0.343544807
10.59937134,8.38E-07,8.37E-13,1.00E+06,,0.177897586,0.270993644,0.343535947
10.59951422,8.37E-07,8.37E-13,9.99E+05,,0.177899988,0.270993644,0.343527083
10.59965709,8.37E-07,8.37E-13,9.99E+05,,0.17790239,0.270993644,0.34351822
10.59979997,8.37E-07,8.37E-13,9.99E+05,,0.177904792,0.270993644,0.343509356
10.59994285,8.37E-07,8.37E-13,9.99E+05,,0.177907193,0.270993644,0.343500496
10.60008573,8.37E-07,8.37E-13,9.99E+05,,0.177909835,0.270993644,0.343490747
10.6002286,8.37E-07,8.37E-13,9.99E+05,,0.177912638,0.270993644,0.343480403
10.60037148,8.37E-07,8.37E-13,9.99E+05,,0.17791544,0.270993644,0.343470064
10.60051436,8.37E-07,8.37E-13,9.99E+05,,0.177918243,0.270993644,0.34345972
10.60065724,8.37E-07,8.37E-13,9.99E+05,,0.177921045,0.270993644,0.343449381
10.60080011,8.36E-07,8.37E-13,9.98E+05,,0.177923848,0.270993644,0.343439037
10.60094299,8.36E-07,8.37E-13,9.98E+05,,0.17792665,0.270993644,0.343428697
10.60108587,8.36E-07,8.37E-13,9.98E+05,,0.177929453,0.270993644,0.343418354
10.60122875,8.36E-07,8.37E-13,9.98E+05,,0.177932255,0.270993644,0.343408014
10.60137162,8.36E-07,8.37E-13,9.98E+05,,0.177935058,0.270993644,0.343397671
10.6015145,8.36E-07,8.37E-13,9.98E+05,,0.17793786,0.270993644,0.343387331
10.60165738,8.36E-07,8.37E-13,9.98E+05,,0.177940663,0.270993644,0.343376988
10.60180026,8.36E-07,8.37E-13,9.98E+05,,0.177943465,0.270993644,0.343366648
10.60194313,8.36E-07,8.37E-13,9.98E+05,,0.177946268,0.270993644,0.343356305
10.60208601,8.35E-07,8.37E-13,9.97E+05,,0.17794907,0.270993644,0.343345965
10.60222889,8.35E-07,8.37E-13,9.97E+05,,0.177951873,0.270993644,0.343335621
10.60237177,8.35E-07,8.37E-13,9.97E+05,,0.177954675,0.270993644,0.343325282
10.60251464,8.35E-07,8.37E-13,9.97E+05,,0.177957478,0.270993644,0.343314938
10.60265752,8.35E-07,8.37E-13,9.97E+05,,0.17796028,0.270993644,0.343304599
10.6028004,8.35E-07,8.37E-13,9.97E+05,,0.177963083,0.270993644,0.343294255
10.60294328,8.35E-07,8.37E-13,9.97E+05,,0.177965885,0.270993644,0.343283915
10.60308616,8.35E-07,8.37E-13,9.97E+05,,0.177968688,0.270993644,0.343273572
10.60322903,8.35E-07,8.37E-13,9.97E+05,,0.17797149,0.270993644,0.343263232
10.60337191,8.35E-07,8.37E-13,9.97E+05,,0.177974293,0.270993644,0.343252889
10.60351479,8.34E-07,8.37E-13,9.96E+05,,0.177977095,0.270993644,0.343242549
10.60365767,8.34E-07,8.37E-13,9.96E+05,,0.177979897,0.270993644,0.343232209
10.60380054,8.34E-07,8.37E-13,9.96E+05,,0.1779827,0.270993644,0.343221866
10.60394342,8.34E-07,8.37E-13,9.96E+05,,0.177985502,0.270993644,0.343211526
10.6040863,8.34E-07,8.37E-13,9.96E+05,,0.177988305,0.270993644,0.343201183
10.60422918,8.34E-07,8.37E-13,9.96E+05,,0.177991107,0.270993644,0.343190843
10.60437205,8.34E-07,8.37E-13,9.96E+05,,0.17799391,0.270993644,0.3431805
10.60451493,8.34E-07,8.37E-13,9.96E+05,,0.177996712,0.270993644,0.34317016
10.60465781,8.34E-07,8.37E-13,9.96E+05,,0.177999515,0.270993644,0.343159817
10.60480069,8.33E-07,8.37E-13,9.95E+05,,0.178002317,0.270993644,0.343149477
10.60494356,8.33E-07,8.37E-13,9.95E+05,,0.17800512,0.270993644,0.343139133
10.60508644,8.33E-07,8.37E-13,9.95E+05,,0.178007922,0.270993644,0.343128794
10.60522932,8.33E-07,8.37E-13,9.95E+05,,0.178010725,0.270993644,0.34311845
10.6053722,8.33E-07,8.37E-13,9.95E+05,,0.178013527,0.270993644,0.343108111
10.60551507,8.33E-07,8.37E-13,9.95E+05,,0.17801633,0.270993644,0.343097767
10.60565795,8.33E-07,8.37E-13,9.95E+05,,0.178019132,0.270993644,0.343087427
10.60580083,8.33E-07,8.37E-13,9.95E+05,,0.178021935,0.270993644,0.343077084
10.60594371,8.33E-07,8.37E-13,9.95E+05,,0.178024737,0.270993644,0.343066744
10.60608658,8.33E-07,8.37E-13,9.95E+05,,0.17802754,0.270993644,0.343056401
10.60622946,8.32E-07,8.37E-13,9.93E+05,,0.178030342,0.270993644,0.343046061
10.60637234,8.32E-07,8.37E-13,9.93E+05,,0.178033145,0.270993644,0.343035718
10.60651522,8.32E-07,8.37E-13,9.93E+05,,0.178035947,0.270993644,0.343025378
10.60665809,8.32E-07,8.37E-13,9.93E+05,,0.17803875,0.270993644,0.343015035
10.60680097,8.32E-07,8.37E-13,9.93E+05,,0.178041552,0.270993644,0.343004695
10.60694385,8.32E-07,8.37E-13,9.93E+05,,0.178044354,0.270993644,0.342994355
10.60708673,8.32E-07,8.37E-13,9.93E+05,,0.178047157,0.270993644,0.342984012
10.6072296,8.32E-07,8.37E-13,9.93E+05,,0.178049959,0.270993644,0.342973672
10.60737248,8.32E-07,8.37E-13,9.93E+05,,0.178052762,0.270993644,0.342963329
10.60751536,8.32E-07,8.37E-13,9.93E+05,,0.178055564,0.270993644,0.342952989
10.60765824,8.31E-07,8.37E-13,9.92E+05,,0.178058367,0.270993644,0.342942645
10.60780111,8.31E-07,8.37E-13,9.92E+05,,0.178061169,0.270993644,0.342932306
10.60794399,8.31E-07,8.37E-13,9.92E+05,,0.178063972,0.270993644,0.342921962
10.60808687,8.31E-07,8.37E-13,9.92E+05,,0.178066774,0.270993644,0.342911623
10.60822975,8.31E-07,8.37E-13,9.92E+05,,0.178069577,0.270993644,0.342901279
10.60837262,8.31E-07,8.37E-13,9.92E+05,,0.178072379,0.270993644,0.342890939
10.6085155,8.31E-07,8.37E-13,9.92E+05,,0.178075182,0.270993644,0.342880596
10.60865838,8.31E-07,8.37E-13,9.92E+05,,0.178077984,0.270993644,0.342870256
10.60880126,8.31E-07,8.37E-13,9.92E+05,,0.178080787,0.270993644,0.342859913
10.60894413,8.30E-07,8.37E-13,9.91E+05,,0.178083589,0.270993644,0.342849573
10.60908701,8.30E-07,8.37E-13,9.91E+05,,0.178086392,0.270993644,0.34283923
10.60922989,8.30E-07,8.37E-13,9.91E+05,,0.178089194,0.270993644,0.34282889
10.60937277,8.30E-07,8.37E-13,9.91E+05,,0.178091997,0.270993644,0.342818547
10.60951565,8.30E-07,8.37E-13,9.91E+05,,0.178094799,0.270993644,0.342808207
10.60965852,8.30E-07,8.37E-13,9.91E+05,,0.178097602,0.270993644,0.342797863
10.6098014,8.30E-07,8.37E-13,9.91E+05,,0.178100404,0.270993644,0.342787524
10.60994428,8.30E-07,8.37E-13,9.91E+05,,0.178103207,0.270993644,0.34277718
10.61008716,8.30E-07,8.37E-13,9.91E+05,,0.178106009,0.270993644,0.342766841
10.61023003,8.30E-07,8.37E-13,9.91E+05,,0.178108811,0.270993644,0.342756501
10.61037291,8.29E-07,8.37E-13,9.90E+05,,0.178111614,0.270993644,0.342746157
10.61051579,8.29E-07,8.37E-13,9.90E+05,,0.178114416,0.270993644,0.342735818
10.61065867,8.29E-07,8.37E-13,9.90E+05,,0.178117219,0.270993644,0.342725474
10.61080154,8.29E-07,8.37E-13,9.90E+05,,0.178120021,0.270993644,0.342715135
10.61094442,8.29E-07,8.37E-13,9.90E+05,,0.178122824,0.270993644,0.342704791
10.6110873,8.29E-07,8.37E-13,9.90E+05,,0.178125626,0.270993644,0.342694451
10.61123018,8.29E-07,8.37E-13,9.90E+05,,0.178128429,0.270993644,0.342684108
10.61137305,8.29E-07,8.37E-13,9.90E+05,,0.178131231,0.270993644,0.342673768
10.61151593,8.29E-07,8.37E-13,9.90E+05,,0.178134034,0.270993644,0.342663425
10.61165881,8.28E-07,8.37E-13,9.89E+05,,0.178136836,0.270993644,0.342653085
10.61180169,8.28E-07,8.37E-13,9.89E+05,,0.178139639,0.270993644,0.342642742
10.61194456,8.28E-07,8.37E-13,9.89E+05,,0.178142441,0.270993644,0.342632402
10.61208744,8.28E-07,8.37E-13,9.89E+05,,0.178145244,0.270993644,0.342622059
10.61223032,8.28E-07,8.37E-13,9.89E+05,,0.178148046,0.270993644,0.342611719
10.6123732,8.28E-07,8.37E-13,9.89E+05,,0.178150849,0.270993644,0.342601375
10.61251607,8.28E-07,8.37E-13,9.89E+05,,0.178153651,0.270993644,0.342591036
10.61265895,8.28E-07,8.37E-13,9.89E+05,,0.178156454,0.270993644,0.342580692
10.61280183,8.28E-07,8.37E-13,9.89E+05,,0.178159256,0.270993644,0.342570353
10.61294471,8.28E-07,8.37E-13,9.89E+05,,0.178162059,0.270993644,0.342560009
10.61308758,8.27E-07,8.37E-13,9.87E+05,,0.178164861,0.270993644,0.342549669
10.61323046,8.27E-07,8.37E-13,9.87E+05,,0.178167664,0.270993644,0.342539326
10.61337334,8.27E-07,8.37E-13,9.87E+05,,0.178170466,0.270993644,0.342528986
10.61351622,8.27E-07,8.37E-13,9.87E+05,,0.178173269,0.270993644,0.342518643
10.61365909,8.27E-07,8.37E-13,9.87E+05,,0.178176071,0.270993644,0.342508303
10.61380197,8.27E-07,8.37E-13,9.87E+05,,0.178178873,0.270993644,0.342497963
10.61394485,8.27E-07,8.37E-13,9.87E+05,,0.178181676,0.270993644,0.34248762
10.61408773,8.27E-07,8.37E-13,9.87E+05,,0.178184478,0.270993644,0.34247728
10.6142306,8.27E-07,8.37E-13,9.87E+05,,0.178187281,0.270993644,0.342466937
10.61437348,8.27E-07,8.37E-13,9.87E+05,,0.178190083,0.270993644,0.342456597
10.61451636,8.26E-07,8.37E-13,9.86E+05,,0.178192886,0.270993644,0.342446254
10.61465924,8.26E-07,8.37E-13,9.86E+05,,0.178195688,0.270993644,0.342435914
10.61480211,8.26E-07,8.37E-13,9.86E+05,,0.178198491,0.270993644,0.342425571
10.61494499,8.26E-07,8.37E-13,9.86E+05,,0.178201293,0.270993644,0.342415231
10.61508787,8.26E-07,8.37E-13,9.86E+05,,0.178204096,0.270993644,0.342404887
10.61523075,8.26E-07,8.37E-13,9.86E+05,,0.178206898,0.270993644,0.342394548
10.61537362,8.26E-07,8.37E-13,9.86E+05,,0.178209701,0.270993644,0.342384204
10.6155165,8.26E-07,8.37E-13,9.86E+05,,0.178212503,0.270993644,0.342373865
10.61565938,8.26E-07,8.37E-13,9.86E+05,,0.178215306,0.270993644,0.342363521
10.61580226,8.25E-07,8.37E-13,9.85E+05,,0.178218108,0.270993644,0.342353181
10.61594514,8.25E-07,8.37E-13,9.85E+05,,0.178220911,0.270993644,0.342342838
10.61608801,8.25E-07,8.37E-13,9.85E+05,,0.178223713,0.270993644,0.342332498
10.61623089,8.25E-07,8.37E-13,9.85E+05,,0.178226516,0.270993644,0.342322155
10.61637377,8.25E-07,8.37E-13,9.85E+05,,0.178229318,0.270993644,0.342311815
10.61651665,8.25E-07,8.37E-13,9.85E+05,,0.178232121,0.270993644,0.342301472
10.61665952,8.25E-07,8.37E-13,9.85E+05,,0.178234923,0.270993644,0.342291132
10.6168024,8.25E-07,8.37E-13,9.85E+05,,0.178237726,0.270993644,0.342280789
10.61694528,8.25E-07,8.37E-13,9.85E+05,,0.178240528,0.270993644,0.342270449
10.61708816,8.25E-07,8.37E-13,9.85E+05,,0.17824333,0.270993644,0.342260109
10.61723103,8.24E-07,8.37E-13,9.84E+05,,0.178246133,0.270993644,0.342249766
10.61737391,8.24E-07,8.37E-13,9.84E+05,,0.178248935,0.270993644,0.342239426
10.61751679,8.24E-07,8.37E-13,9.84E+05,,0.178251738,0.270993644,0.342229083
10.61765967,8.24E-07,8.37E-13,9.84E+05,,0.17825454,0.270993644,0.342218743
10.61780254,8.24E-07,8.37E-13,9.84E+05,,0.178257343,0.270993644,0.342208399
10.61794542,8.24E-07,8.37E-13,9.84E+05,,0.178260145,0.270993644,0.34219806
10.6180883,8.24E-07,8.37E-13,9.84E+05,,0.178262948,0.270993644,0.342187716
10.61823118,8.24E-07,8.37E-13,9.84E+05,,0.17826575,0.270993644,0.342177377
10.61837405,8.24E-07,8.37E-13,9.84E+05,,0.178268553,0.270993644,0.342167033
10.61851693,8.23E-07,8.37E-13,9.83E+05,,0.178271355,0.270993644,0.342156693
10.61865981,8.23E-07,8.37E-13,9.83E+05,,0.178274158,0.270993644,0.34214635
10.61880269,8.23E-07,8.37E-13,9.83E+05,,0.17827696,0.270993644,0.34213601
10.61894556,8.23E-07,8.37E-13,9.83E+05,,0.178279763,0.270993644,0.342125667
10.61908844,8.23E-07,8.37E-13,9.83E+05,,0.178282565,0.270993644,0.342115327
10.61923132,8.23E-07,8.37E-13,9.83E+05,,0.178285368,0.270993644,0.342104984
10.6193742,8.23E-07,8.37E-13,9.83E+05,,0.17828817,0.270993644,0.342094644
10.61951707,8.23E-07,8.37E-13,9.83E+05,,0.178290973,0.270993644,0.342084301
10.61965995,8.23E-07,8.37E-13,9.83E+05,,0.178293775,0.270993644,0.342073961
10.61980283,8.23E-07,8.37E-13,9.83E+05,,0.178296578,0.270993644,0.342063617
10.61994571,8.22E-07,8.37E-13,9.82E+05,,0.17829938,0.270993644,0.342053278
10.62008858,8.22E-07,8.37E-13,9.82E+05,,0.178302183,0.270993644,0.342042934
10.62023146,8.22E-07,8.37E-13,9.82E+05,,0.178304985,0.270993644,0.342032595
10.62037434,8.22E-07,8.37E-13,9.82E+05,,0.178307787,0.270993644,0.342022255
10.62051722,8.22E-07,8.37E-13,9.82E+05,,0.17831059,0.270993644,0.342011911
10.62066009,8.22E-07,8.37E-13,9.82E+05,,0.178313392,0.270993644,0.342001572
10.62080297,8.22E-07,8.37E-13,9.82E+05,,0.178316195,0.270993644,0.341991228
10.62094585,8.22E-07,8.37E-13,9.82E+05,,0.178318997,0.270993644,0.341980889
10.62108873,8.22E-07,8.37E-13,9.82E+05,,0.1783218,0.270993644,0.341970545
10.6212316,8.22E-07,8.37E-13,9.82E+05,,0.178324602,0.270993644,0.341960205
10.62137448,8.21E-07,8.37E-13,9.80E+05,,0.178327405,0.270993644,0.341949862
10.62151736,8.21E-07,8.37E-13,9.80E+05,,0.178330207,0.270993644,0.341939522
10.62166024,8.21E-07,8.37E-13,9.80E+05,,0.17833301,0.270993644,0.341929179
10.62180311,8.21E-07,8.37E-13,9.80E+05,,0.178335812,0.270993644,0.341918839
10.62194599,8.21E-07,8.37E-13,9.80E+05,,0.178338615,0.270993644,0.341908496
10.62208887,8.21E-07,8.37E-13,9.80E+05,,0.178341417,0.270993644,0.341898156
10.62223175,8.21E-07,8.37E-13,9.80E+05,,0.17834422,0.270993644,0.341887813
10.62237462,8.21E-07,8.37E-13,9.80E+05,,0.178347022,0.270993644,0.341877473
10.6225175,8.21E-07,8.37E-13,9.80E+05,,0.178349825,0.270993644,0.341867129
10.62266038,8.20E-07,8.37E-13,9.79E+05,,0.178352627,0.270993644,0.34185679
10.62280326,8.20E-07,8.37E-13,9.79E+05,,0.17835543,0.270993644,0.341846446
10.62294614,8.20E-07,8.37E-13,9.79E+05,,0.178358232,0.270993644,0.341836107
10.62308901,8.20E-07,8.37E-13,9.79E+05,,0.178361035,0.270993644,0.341825763
10.62323189,8.20E-07,8.37E-13,9.79E+05,,0.178363837,0.270993644,0.341815423
10.62337477,8.20E-07,8.37E-13,9.79E+05,,0.17836664,0.270993644,0.34180508
10.62351765,8.20E-07,8.37E-13,9.79E+05,,0.178369442,0.270993644,0.34179474
10.62366052,8.20E-07,8.37E-13,9.79E+05,,0.178372245,0.270993644,0.341784397
10.6238034,8.20E-07,8.37E-13,9.79E+05,,0.178375047,0.270993644,0.341774057
10.62394628,8.20E-07,8.37E-13,9.79E+05,,0.178377849,0.270993644,0.341763717
10.62408916,8.19E-07,8.37E-13,9.78E+05,,0.178380652,0.270993644,0.341753374
10.62423203,8.19E-07,8.37E-13,9.78E+05,,0.178383454,0.270993644,0.341743034
10.62437491,8.19E-07,8.37E-13,9.78E+05,,0.178386257,0.270993644,0.341732691
10.62451779,8.19E-07,8.37E-13,9.78E+05,,0.178389059,0.270993644,0.341722351
10.62466067,8.19E-07,8.37E-13,9.78E+05,,0.178391862,0.270993644,0.341712008
10.62480354,8.19E-07,8.37E-13,9.78E+05,,0.178394664,0.270993644,0.341701668
10.62494642,8.19E-07,8.37E-13,9.78E+05,,0.178397467,0.270993644,0.341691325
10.6250893,8.19E-07,8.37E-13,9.78E+05,,0.178400269,0.270993644,0.341680985
10.62523218,8.19E-07,8.37E-13,9.78E+05,,0.178403072,0.270993644,0.341670641
10.62537505,8.18E-07,8.37E-13,9.77E+05,,0.178405874,0.270993644,0.341660302
10.62551793,8.18E-07,8.37E-13,9.77E+05,,0.178408677,0.270993644,0.341649958
10.62566081,8.18E-07,8.37E-13,9.77E+05,,0.178411479,0.270993644,0.341639619
10.62580369,8.18E-07,8.37E-13,9.77E+05,,0.178414282,0.270993644,0.341629275
10.62594656,8.18E-07,8.37E-13,9.77E+05,,0.178417084,0.270993644,0.341618935
10.62608944,8.18E-07,8.37E-13,9.77E+05,,0.178419887,0.270993644,0.341608592
10.62623232,8.18E-07,8.37E-13,9.77E+05,,0.178422689,0.270993644,0.341598252
10.6263752,8.18E-07,8.37E-13,9.77E+05,,0.178425492,0.270993644,0.341587909
10.62651807,8.18E-07,8.37E-13,9.77E+05,,0.178428294,0.270993644,0.341577569
10.62666095,8.18E-07,8.37E-13,9.77E+05,,0.178431097,0.270993644,0.341567226
10.62680383,8.17E-07,8.37E-13,9.76E+05,,0.178433899,0.270993644,0.341556886
10.62694671,8.17E-07,8.37E-13,9.76E+05,,0.178436702,0.270993644,0.341546543
10.62708958,8.17E-07,8.37E-13,9.76E+05,,0.178439504,0.270993644,0.341536203
10.62723246,8.17E-07,8.37E-13,9.76E+05,,0.178442306,0.270993644,0.341525863
10.62737534,8.17E-07,8.37E-13,9.76E+05,,0.178445109,0.270993644,0.34151552
10.62751822,8.17E-07,8.37E-13,9.76E+05,,0.178447911,0.270993644,0.34150518
10.62766109,8.17E-07,8.37E-13,9.76E+05,,0.178450714,0.270993644,0.341494837
10.62780397,8.17E-07,8.37E-13,9.76E+05,,0.178453516,0.270993644,0.341484497
10.62794685,8.17E-07,8.37E-13,9.76E+05,,0.178456319,0.270993644,0.341474153
10.62808973,8.16E-07,8.37E-13,9.74E+05,,0.178459121,0.270993644,0.341463814
10.6282326,8.16E-07,8.37E-13,9.74E+05,,0.178461924,0.270993644,0.34145347
10.62837548,8.16E-07,8.37E-13,9.74E+05,,0.178464726,0.270993644,0.341443131
10.62851836,8.16E-07,8.37E-13,9.74E+05,,0.178467529,0.270993644,0.341432787
10.62866124,8.16E-07,8.37E-13,9.74E+05,,0.178470331,0.270993644,0.341422447
10.62880411,8.16E-07,8.37E-13,9.74E+05,,0.178473134,0.270993644,0.341412104
10.62894699,8.16E-07,8.37E-13,9.74E+05,,0.178475936,0.270993644,0.341401764
10.62908987,8.16E-07,8.37E-13,9.74E+05,,0.178478739,0.270993644,0.341391421
10.62923275,8.16E-07,8.37E-13,9.74E+05,,0.178481541,0.270993644,0.341381081
10.62937563,8.16E-07,8.37E-13,9.74E+05,,0.178484344,0.270993644,0.341370738
10.6295185,8.15E-07,8.37E-13,9.73E+05,,0.178487146,0.270993644,0.341360398
10.62966138,8.15E-07,8.37E-13,9.73E+05,,0.178489949,0.270993644,0.341350055
10.62980426,8.15E-07,8.37E-13,9.73E+05,,0.178492751,0.270993644,0.341339715
10.62994714,8.15E-07,8.37E-13,9.73E+05,,0.178495554,0.270993644,0.341329371
10.63009001,8.15E-07,8.37E-13,9.73E+05,,0.178498356,0.270993644,0.341319032
10.63023289,8.15E-07,8.37E-13,9.73E+05,,0.178501159,0.270993644,0.341308688
10.63037577,8.15E-07,8.37E-13,9.73E+05,,0.178503961,0.270993644,0.341298349
10.63051865,8.15E-07,8.37E-13,9.73E+05,,0.178506763,0.270993644,0.341288009
10.63066152,8.15E-07,8.37E-13,9.73E+05,,0.178509566,0.270993644,0.341277665
10.6308044,8.15E-07,8.37E-13,9.73E+05,,0.178512368,0.270993644,0.341267326
10.63094728,8.14E-07,8.37E-13,9.72E+05,,0.178515171,0.270993644,0.341256982
10.63109016,8.14E-07,8.37E-13,9.72E+05,,0.178517973,0.270993644,0.341246643
10.63123303,8.14E-07,8.37E-13,9.72E+05,,0.178520776,0.270993644,0.341236299
10.63137591,8.14E-07,8.37E-13,9.72E+05,,0.178523578,0.270993644,0.341225959
10.63151879,8.14E-07,8.37E-13,9.72E+05,,0.178526381,0.270993644,0.341215616
10.63166167,8.14E-07,8.37E-13,9.72E+05,,0.178529183,0.270993644,0.341205276
10.63180454,8.14E-07,8.37E-13,9.72E+05,,0.178531986,0.270993644,0.341194933
10.63194742,8.14E-07,8.37E-13,9.72E+05,,0.178534788,0.270993644,0.341184593
10.6320903,8.14E-07,8.37E-13,9.72E+05,,0.178537591,0.270993644,0.34117425
10.63223318,8.13E-07,8.37E-13,9.71E+05,,0.178540393,0.270993644,0.34116391
10.63237605,8.13E-07,8.37E-13,9.71E+05,,0.178543196,0.270993644,0.341153567
10.63251893,8.13E-07,8.37E-13,9.71E+05,,0.178545998,0.270993644,0.341143227
10.63266181,8.13E-07,8.37E-13,9.71E+05,,0.178548801,0.270993644,0.341132883
10.63280469,8.13E-07,8.37E-13,9.71E+05,,0.178551603,0.270993644,0.341122544
10.63294756,8.13E-07,8.37E-13,9.71E+05,,0.178554406,0.270993644,0.3411122
10.63309044,8.13E-07,8.37E-13,9.71E+05,,0.178557208,0.270993644,0.341101861
10.63323332,8.13E-07,8.37E-13,9.71E+05,,0.178560011,0.270993644,0.341091517
10.6333762,8.13E-07,8.37E-13,9.71E+05,,0.178562813,0.270993644,0.341081177
10.63351907,8.13E-07,8.37E-13,9.71E+05,,0.178565616,0.270993644,0.341070834
10.63366195,8.12E-07,8.37E-13,9.70E+05,,0.178568418,0.270993644,0.341060494
10.63380483,8.12E-07,8.37E-13,9.70E+05,,0.178571221,0.270993644,0.341050151
10.63394771,8.12E-07,8.37E-13,9.70E+05,,0.178574023,0.270993644,0.341039811
10.63409058,8.12E-07,8.37E-13,9.70E+05,,0.178576825,0.270993644,0.341029471
10.63423346,8.12E-07,8.37E-13,9.70E+05,,0.178579628,0.270993644,0.341019128
10.63437634,8.12E-07,8.37E-13,9.70E+05,,0.17858243,0.270993644,0.341008788
10.63451922,8.12E-07,8.37E-13,9.70E+05,,0.178585233,0.270993644,0.340998445
10.63466209,8.12E-07,8.37E-13,9.70E+05,,0.178588035,0.270993644,0.340988105
10.63480497,8.12E-07,8.37E-13,9.70E+05,,0.178590838,0.270993644,0.340977762
10.63494785,8.11E-07,8.37E-13,9.68E+05,,0.17859364,0.270993644,0.340967422
10.63509073,8.11E-07,8.37E-13,9.68E+05,,0.178596443,0.270993644,0.340957079
10.6352336,8.11E-07,8.37E-13,9.68E+05,,0.178599245,0.270993644,0.340946739
10.63537648,8.11E-07,8.37E-13,9.68E+05,,0.178602048,0.270993644,0.340936395
10.63551936,8.11E-07,8.37E-13,9.68E+05,,0.17860485,0.270993644,0.340926056
10.63566224,8.11E-07,8.37E-13,9.68E+05,,0.178607653,0.270993644,0.340915712
10.63580512,8.11E-07,8.37E-13,9.68E+05,,0.178610455,0.270993644,0.340905373
10.63594799,8.11E-07,8.37E-13,9.68E+05,,0.178613258,0.270993644,0.340895029
10.63609087,8.11E-07,8.37E-13,9.68E+05,,0.17861606,0.270993644,0.340884689
10.63623375,8.11E-07,8.37E-13,9.68E+05,,0.178618863,0.270993644,0.340874346
10.63637663,8.10E-07,8.37E-13,9.67E+05,,0.178621665,0.270993644,0.340864006
10.6365195,8.10E-07,8.37E-13,9.67E+05,,0.178624468,0.270993644,0.340853663
10.63666238,8.10E-07,8.37E-13,9.67E+05,,0.17862727,0.270993644,0.340843323
10.63680526,8.10E-07,8.37E-13,9.67E+05,,0.178630073,0.270993644,0.34083298
10.63694814,8.10E-07,8.37E-13,9.67E+05,,0.178632875,0.270993644,0.34082264
10.63709101,8.10E-07,8.37E-13,9.67E+05,,0.178635678,0.270993644,0.340812297
10.63723389,8.10E-07,8.37E-13,9.67E+05,,0.17863848,0.270993644,0.340801957
10.63737677,8.10E-07,8.37E-13,9.67E+05,,0.178641282,0.270993644,0.340791617
10.63751965,8.10E-07,8.37E-13,9.67E+05,,0.178644085,0.270993644,0.340781274
10.63766252,8.10E-07,8.37E-13,9.67E+05,,0.178646887,0.270993644,0.340770934
10.6378054,8.09E-07,8.37E-13,9.66E+05,,0.17864969,0.270993644,0.340760591
10.63794828,8.09E-07,8.37E-13,9.66E+05,,0.178652492,0.270993644,0.340750251
10.63809116,8.09E-07,8.37E-13,9.66E+05,,0.178655295,0.270993644,0.340739907
10.63823403,8.09E-07,8.37E-13,9.66E+05,,0.178658097,0.270993644,0.340729568
10.63837691,8.09E-07,8.37E-13,9.66E+05,,0.1786609,0.270993644,0.340719224
10.63851979,8.09E-07,8.37E-13,9.66E+05,,0.178663702,0.270993644,0.340708885
10.63866267,8.09E-07,8.37E-13,9.66E+05,,0.178666505,0.270993644,0.340698541
10.63880554,8.09E-07,8.37E-13,9.66E+05,,0.178669307,0.270993644,0.340688201
10.63894842,8.09E-07,8.37E-13,9.66E+05,,0.17867211,0.270993644,0.340677858
10.6390913,8.08E-07,8.37E-13,9.65E+05,,0.178674912,0.270993644,0.340667518
10.63923418,8.08E-07,8.37E-13,9.65E+05,,0.178677715,0.270993644,0.340657175
10.63937705,8.08E-07,8.37E-13,9.65E+05,,0.178680517,0.270993644,0.340646835
10.63951993,8.08E-07,8.37E-13,9.65E+05,,0.17868332,0.270993644,0.340636492
10.63966281,8.08E-07,8.37E-13,9.65E+05,,0.178686122,0.270993644,0.340626152
10.63980569,8.08E-07,8.37E-13,9.65E+05,,0.178688925,0.270993644,0.340615809
10.63994856,8.08E-07,8.37E-13,9.65E+05,,0.178691727,0.270993644,0.340605469
10.64009144,8.08E-07,8.37E-13,9.65E+05,,0.17869453,0.270993644,0.340595125
10.64023432,8.08E-07,8.37E-13,9.65E+05,,0.178697332,0.270993644,0.340584786
10.6403772,8.08E-07,8.37E-13,9.65E+05,,0.178700135,0.270993644,0.340574442
10.64052007,8.07E-07,8.37E-13,9.64E+05,,0.178702937,0.270993644,0.340564103
10.64066295,8.07E-07,8.37E-13,9.64E+05,,0.17870574,0.270993644,0.340553759
10.64080583,8.07E-07,8.37E-13,9.64E+05,,0.178708542,0.270993644,0.340543419
10.64094871,8.07E-07,8.37E-13,9.64E+05,,0.178711344,0.270993644,0.34053308
10.64109158,8.07E-07,8.37E-13,9.64E+05,,0.178714147,0.270993644,0.340522736
10.64123446,8.07E-07,8.37E-13,9.64E+05,,0.178716949,0.270993644,0.340512397
10.64137734,8.07E-07,8.37E-13,9.64E+05,,0.178719752,0.270993644,0.340502053
10.64152022,8.07E-07,8.37E-13,9.64E+05,,0.178722554,0.270993644,0.340491713
10.64166309,8.07E-07,8.37E-13,9.64E+05,,0.178725357,0.270993644,0.34048137
10.64180597,8.06E-07,8.37E-13,9.62E+05,,0.178728159,0.270993644,0.34047103
10.64194885,8.06E-07,8.37E-13,9.62E+05,,0.178730962,0.270993644,0.340460687
10.64209173,8.06E-07,8.37E-13,9.62E+05,,0.178733764,0.270993644,0.340450347
10.6422346,8.06E-07,8.37E-13,9.62E+05,,0.178736567,0.270993644,0.340440004
10.64237748,8.06E-07,8.37E-13,9.62E+05,,0.178739369,0.270993644,0.340429664
10.64252036,8.06E-07,8.37E-13,9.62E+05,,0.178742172,0.270993644,0.340419321
10.64266324,8.06E-07,8.37E-13,9.62E+05,,0.178744974,0.270993644,0.340408981
10.64280612,8.06E-07,8.37E-13,9.62E+05,,0.178747777,0.270993644,0.340398637
10.64294899,8.06E-07,8.37E-13,9.62E+05,,0.178750579,0.270993644,0.340388298
10.64309187,8.06E-07,8.37E-13,9.62E+05,,0.178753382,0.270993644,0.340377954
10.64323475,8.05E-07,8.37E-13,9.61E+05,,0.178756184,0.270993644,0.340367615
10.64337763,8.05E-07,8.37E-13,9.61E+05,,0.178758987,0.270993644,0.340357271
10.6435205,8.05E-07,8.37E-13,9.61E+05,,0.178761789,0.270993644,0.340346931
10.64366338,8.05E-07,8.37E-13,9.61E+05,,0.178764592,0.270993644,0.340336588
10.64380626,8.05E-07,8.37E-13,9.61E+05,,0.178767394,0.270993644,0.340326248
10.64394914,8.05E-07,8.37E-13,9.61E+05,,0.178770197,0.270993644,0.340315905
10.64409201,8.05E-07,8.37E-13,9.61E+05,,0.178772999,0.270993644,0.340305565
10.64423489,8.05E-07,8.37E-13,9.61E+05,,0.178775801,0.270993644,0.340295225
10.64437777,8.05E-07,8.37E-13,9.61E+05,,0.178778604,0.270993644,0.340284882
10.64452065,8.04E-07,8.37E-13,9.60E+05,,0.178781406,0.270993644,0.340274542
10.64466352,8.04E-07,8.37E-13,9.60E+05,,0.178784209,0.270993644,0.340264199
10.6448064,8.04E-07,8.37E-13,9.60E+05,,0.178787011,0.270993644,0.340253859
10.64494928,8.04E-07,8.37E-13,9.60E+05,,0.178789814,0.270993644,0.340243516
10.64509216,8.04E-07,8.37E-13,9.60E+05,,0.178792616,0.270993644,0.340233176
10.64523503,8.04E-07,8.37E-13,9.60E+05,,0.178795419,0.270993644,0.340222833
10.64537791,8.04E-07,8.37E-13,9.60E+05,,0.178798221,0.270993644,0.340212493
10.64552079,8.04E-07,8.37E-13,9.60E+05,,0.178801024,0.270993644,0.340202149
10.64566367,8.04E-07,8.37E-13,9.60E+05,,0.178803826,0.270993644,0.34019181
10.64580654,8.04E-07,8.37E-13,9.60E+05,,0.178806629,0.270993644,0.340181466
10.64594942,8.03E-07,8.37E-13,9.59E+05,,0.178809431,0.270993644,0.340171127
10.6460923,8.03E-07,8.37E-13,9.59E+05,,0.178812234,0.270993644,0.340160783
10.64623518,8.03E-07,8.37E-13,9.59E+05,,0.178815036,0.270993644,0.340150443
10.64637805,8.03E-07,8.37E-13,9.59E+05,,0.178817839,0.270993644,0.3401401
10.64652093,8.03E-07,8.37E-13,9.59E+05,,0.178820641,0.270993644,0.34012976
10.64666381,8.03E-07,8.37E-13,9.59E+05,,0.178823444,0.270993644,0.340119417
10.64680669,8.03E-07,8.37E-13,9.59E+05,,0.178826246,0.270993644,0.340109077
10.64694956,8.03E-07,8.37E-13,9.59E+05,,0.178829049,0.270993644,0.340098734
10.64709244,8.03E-07,8.37E-13,9.59E+05,,0.178831851,0.270993644,0.340088394
10.64723532,8.03E-07,8.37E-13,9.59E+05,,0.178834654,0.270993644,0.340078051
10.6473782,8.02E-07,8.37E-13,9.58E+05,,0.178837456,0.270993644,0.340067711
10.64752107,8.02E-07,8.37E-13,9.58E+05,,0.178840258,0.270993644,0.340057371
10.64766395,8.02E-07,8.37E-13,9.58E+05,,0.178843061,0.270993644,0.340047028
10.64780683,8.02E-07,8.37E-13,9.58E+05,,0.178845863,0.270993644,0.340036688
10.64794971,8.02E-07,8.37E-13,9.58E+05,,0.178848666,0.270993644,0.340026345
10.64809258,8.02E-07,8.37E-13,9.58E+05,,0.178851468,0.270993644,0.340016005
10.64823546,8.02E-07,8.37E-13,9.58E+05,,0.178854271,0.270993644,0.340005661
10.64837834,8.02E-07,8.37E-13,9.58E+05,,0.178857073,0.270993644,0.339995322
10.64852122,8.02E-07,8.37E-13,9.58E+05,,0.178859876,0.270993644,0.339984978
10.64866409,8.01E-07,8.37E-13,9.56E+05,,0.178862678,0.270993644,0.339974639
10.64880697,8.01E-07,8.37E-13,9.56E+05,,0.178865481,0.270993644,0.339964295
10.64894985,8.01E-07,8.37E-13,9.56E+05,,0.178868283,0.270993644,0.339953955
10.64909273,8.01E-07,8.37E-13,9.56E+05,,0.178871086,0.270993644,0.339943612
10.64923561,8.01E-07,8.37E-13,9.56E+05,,0.178873888,0.270993644,0.339933272
10.64937848,8.01E-07,8.37E-13,9.56E+05,,0.178876691,0.270993644,0.339922929
10.64952136,8.01E-07,8.37E-13,9.56E+05,,0.178879493,0.270993644,0.339912589
10.64966424,8.01E-07,8.37E-13,9.56E+05,,0.178882296,0.270993644,0.339902246
10.64980712,8.01E-07,8.37E-13,9.56E+05,,0.178885098,0.270993644,0.339891906
10.64994999,8.01E-07,8.37E-13,9.56E+05,,0.178887901,0.270993644,0.339881563
10.65009287,8.00E-07,8.37E-13,9.55E+05,,0.178890703,0.270993644,0.339871223
10.65023575,8.00E-07,8.37E-13,9.55E+05,,0.178893506,0.270993644,0.339860879
10.65037863,8.00E-07,8.37E-13,9.55E+05,,0.178896308,0.270993644,0.33985054
10.6505215,8.00E-07,8.37E-13,9.55E+05,,0.178899111,0.270993644,0.339840196
10.65066438,8.00E-07,8.37E-13,9.55E+05,,0.178901913,0.270993644,0.339829857
10.65080726,8.00E-07,8.37E-13,9.55E+05,,0.178904716,0.270993644,0.339819513
10.65095014,8.00E-07,8.37E-13,9.55E+05,,0.178907518,0.270993644,0.339809173
10.65109301,8.00E-07,8.37E-13,9.55E+05,,0.17891032,0.270993644,0.339798834
10.65123589,8.00E-07,8.37E-13,9.55E+05,,0.178913123,0.270993644,0.33978849
10.65137877,7.99E-07,8.37E-13,9.54E+05,,0.178915925,0.270993644,0.339778151
10.65152165,7.99E-07,8.37E-13,9.54E+05,,0.178918728,0.270993644,0.339767807
10.65166452,7.99E-07,8.37E-13,9.54E+05,,0.17892153,0.270993644,0.339757467
10.6518074,7.99E-07,8.37E-13,9.54E+05,,0.178924333,0.270993644,0.339747124
10.65195028,7.99E-07,8.37E-13,9.54E+05,,0.178927135,0.270993644,0.339736784
10.65209316,7.99E-07,8.37E-13,9.54E+05,,0.178929938,0.270993644,0.339726441
10.65223603,7.99E-07,8.37E-13,9.54E+05,,0.17893274,0.270993644,0.339716101
10.65237891,7.99E-07,8.37E-13,9.54E+05,,0.178935543,0.270993644,0.339705758
10.65252179,7.99E-07,8.37E-13,9.54E+05,,0.178938345,0.270993644,0.339695418
10.65266467,7.99E-07,8.37E-13,9.54E+05,,0.178941148,0.270993644,0.339685075
10.65280754,7.98E-07,8.37E-13,9.53E+05,,0.17894395,0.270993644,0.339674735
10.65295042,7.98E-07,8.37E-13,9.53E+05,,0.178946753,0.270993644,0.339664391
10.6530933,7.98E-07,8.37E-13,9.53E+05,,0.178949555,0.270993644,0.339654052
10.65323618,7.98E-07,8.37E-13,9.53E+05,,0.178952358,0.270993644,0.339643708
10.65337905,7.98E-07,8.37E-13,9.53E+05,,0.17895516,0.270993644,0.339633369
10.65352193,7.98E-07,8.37E-13,9.53E+05,,0.178957963,0.270993644,0.339623025
10.65366481,7.98E-07,8.37E-13,9.53E+05,,0.178960765,0.270993644,0.339612685
10.65380769,7.98E-07,8.37E-13,9.53E+05,,0.178963568,0.270993644,0.339602342
10.65395056,7.98E-07,8.37E-13,9.53E+05,,0.17896637,0.270993644,0.339592002
10.65409344,7.98E-07,8.37E-13,9.53E+05,,0.178969173,0.270993644,0.339581659
10.65423632,7.97E-07,8.37E-13,9.52E+05,,0.178971975,0.270993644,0.339571319
10.6543792,7.97E-07,8.37E-13,9.52E+05,,0.178974777,0.270993644,0.339560979
10.65452207,7.97E-07,8.37E-13,9.52E+05,,0.17897758,0.270993644,0.339550636
10.65466495,7.97E-07,8.37E-13,9.52E+05,,0.178980382,0.270993644,0.339540296
10.65480783,7.97E-07,8.37E-13,9.52E+05,,0.178983185,0.270993644,0.339529953
10.65495071,7.97E-07,8.37E-13,9.52E+05,,0.178985987,0.270993644,0.339519613
10.65509358,7.97E-07,8.37E-13,9.52E+05,,0.17898879,0.270993644,0.33950927
10.65523646,7.97E-07,8.37E-13,9.52E+05,,0.178991592,0.270993644,0.33949893
10.65537934,7.97E-07,8.37E-13,9.52E+05,,0.178994395,0.270993644,0.339488587
10.65552222,7.96E-07,8.37E-13,9.50E+05,,0.178997197,0.270993644,0.339478247
10.6556651,7.96E-07,8.37E-13,9.50E+05,,0.179,0.270993644,0.339467903
10.65580797,7.96E-07,8.37E-13,9.50E+05,,0.179002802,0.270993644,0.339457564
10.65595085,7.96E-07,8.37E-13,9.50E+05,,0.179005605,0.270993644,0.33944722
10.65609373,7.96E-07,8.37E-13,9.50E+05,,0.179008407,0.270993644,0.339436881
10.65623661,7.96E-07,8.37E-13,9.50E+05,,0.17901121,0.270993644,0.339426537
10.65637948,7.96E-07,8.37E-13,9.50E+05,,0.179014012,0.270993644,0.339416197
10.65652236,7.96E-07,8.37E-13,9.50E+05,,0.179016815,0.270993644,0.339405854
10.65666524,7.96E-07,8.37E-13,9.50E+05,,0.179019617,0.270993644,0.339395514
10.65680812,7.96E-07,8.37E-13,9.50E+05,,0.17902242,0.270993644,0.339385171
10.65695099,7.95E-07,8.37E-13,9.49E+05,,0.179025222,0.270993644,0.339374831
10.65709387,7.95E-07,8.37E-13,9.49E+05,,0.179028025,0.270993644,0.339364488
10.65723675,7.95E-07,8.37E-13,9.49E+05,,0.179030827,0.270993644,0.339354148
10.65737963,7.95E-07,8.37E-13,9.49E+05,,0.17903363,0.270993644,0.339343805
10.6575225,7.95E-07,8.37E-13,9.49E+05,,0.179036432,0.270993644,0.339333465
10.65766538,7.95E-07,8.37E-13,9.49E+05,,0.179039234,0.270993644,0.339323125
10.65780826,7.95E-07,8.37E-13,9.49E+05,,0.179042037,0.270993644,0.339312782
10.65795114,7.95E-07,8.37E-13,9.49E+05,,0.179044839,0.270993644,0.339302442
10.65809401,7.95E-07,8.37E-13,9.49E+05,,0.179047642,0.270993644,0.339292099
10.65823689,7.94E-07,8.37E-13,9.48E+05,,0.179050444,0.270993644,0.339281759
10.65837977,7.94E-07,8.37E-13,9.48E+05,,0.179053247,0.270993644,0.339271415
10.65852265,7.94E-07,8.37E-13,9.48E+05,,0.179056049,0.270993644,0.339261076
10.65866552,7.94E-07,8.37E-13,9.48E+05,,0.179058852,0.270993644,0.339250732
10.6588084,7.94E-07,8.37E-13,9.48E+05,,0.179061654,0.270993644,0.339240393
10.65895128,7.94E-07,8.37E-13,9.48E+05,,0.179064457,0.270993644,0.339230049
10.65909416,7.94E-07,8.37E-13,9.48E+05,,0.179067259,0.270993644,0.339219709
10.65923703,7.94E-07,8.37E-13,9.48E+05,,0.179070062,0.270993644,0.339209366
10.65937991,7.94E-07,8.37E-13,9.48E+05,,0.179072864,0.270993644,0.339199026
10.65952279,7.94E-07,8.37E-13,9.48E+05,,0.179075667,0.270993644,0.339188683
10.65966567,7.93E-07,8.37E-13,9.47E+05,,0.179078469,0.270993644,0.339178343
10.65980854,7.93E-07,8.37E-13,9.47E+05,,0.179081272,0.270993644,0.339168
10.65995142,7.93E-07,8.37E-13,9.47E+05,,0.179084074,0.270993644,0.33915766
10.6600943,7.93E-07,8.37E-13,9.47E+05,,0.179086877,0.270993644,0.339147317
10.66023718,7.93E-07,8.37E-13,9.47E+05,,0.179089679,0.270993644,0.339136977
10.66038005,7.93E-07,8.37E-13,9.47E+05,,0.179092482,0.270993644,0.339126633
10.66052293,7.93E-07,8.37E-13,9.47E+05,,0.179095284,0.270993644,0.339116294
10.66066581,7.93E-07,8.37E-13,9.47E+05,,0.179098087,0.270993644,0.33910595
10.66080869,7.93E-07,8.37E-13,9.47E+05,,0.179100889,0.270993644,0.339095611
10.66095156,7.93E-07,8.37E-13,9.47E+05,,0.179103692,0.270993644,0.339085267
10.66109444,7.92E-07,8.37E-13,9.46E+05,,0.179106494,0.270993644,0.339074927
10.66123732,7.92E-07,8.37E-13,9.46E+05,,0.179109296,0.270993644,0.339064588
10.6613802,7.92E-07,8.37E-13,9.46E+05,,0.179112099,0.270993644,0.339054244
10.66152307,7.92E-07,8.37E-13,9.46E+05,,0.179114901,0.270993644,0.339043905
10.66166595,7.92E-07,8.37E-13,9.46E+05,,0.179117704,0.270993644,0.339033561
10.66180883,7.92E-07,8.37E-13,9.46E+05,,0.179120506,0.270993644,0.339023221
10.66195171,7.92E-07,8.37E-13,9.46E+05,,0.179123309,0.270993644,0.339012878
10.66209458,7.92E-07,8.37E-13,9.46E+05,,0.179126111,0.270993644,0.339002538
10.66223746,7.92E-07,8.37E-13,9.46E+05,,0.179128914,0.270993644,0.338992195
10.66238034,7.91E-07,8.37E-13,9.45E+05,,0.179131716,0.270993644,0.338981855
10.66252322,7.91E-07,8.37E-13,9.45E+05,,0.179134519,0.270993644,0.338971512
10.6626661,7.91E-07,8.37E-13,9.45E+05,,0.179137321,0.270993644,0.338961172
10.66280897,7.91E-07,8.37E-13,9.45E+05,,0.179140124,0.270993644,0.338950829
10.66295185,7.91E-07,8.37E-13,9.45E+05,,0.179142926,0.270993644,0.338940489
10.66309473,7.91E-07,8.37E-13,9.45E+05,,0.179145729,0.270993644,0.338930145
10.66323761,7.91E-07,8.37E-13,9.45E+05,,0.179148531,0.270993644,0.338919806
10.66338048,7.91E-07,8.37E-13,9.45E+05,,0.179151334,0.270993644,0.338909462
10.66352336,7.91E-07,8.37E-13,9.45E+05,,0.179154136,0.270993644,0.338899123
10.66366624,7.91E-07,8.37E-13,9.45E+05,,0.179156939,0.270993644,0.338888779
10.66380912,7.90E-07,8.37E-13,9.43E+05,,0.179159741,0.270993644,0.338878439
10.66395199,7.90E-07,8.37E-13,9.43E+05,,0.179162544,0.270993644,0.338868096
10.66409487,7.90E-07,8.37E-13,9.43E+05,,0.179165346,0.270993644,0.338857756
10.66423775,7.90E-07,8.37E-13,9.43E+05,,0.179168149,0.270993644,0.338847413
10.66438063,7.90E-07,8.37E-13,9.43E+05,,0.179170951,0.270993644,0.338837073
10.6645235,7.90E-07,8.37E-13,9.43E+05,,0.179173753,0.270993644,0.338826733
10.66466638,7.90E-07,8.37E-13,9.43E+05,,0.179176556,0.270993644,0.33881639
10.66480926,7.90E-07,8.37E-13,9.43E+05,,0.179179358,0.270993644,0.33880605
10.66495214,7.90E-07,8.37E-13,9.43E+05,,0.179182161,0.270993644,0.338795707
10.66509501,7.89E-07,8.37E-13,9.42E+05,,0.179184963,0.270993644,0.338785367
10.66523789,7.89E-07,8.37E-13,9.42E+05,,0.179187766,0.270993644,0.338775024
10.66538077,7.89E-07,8.37E-13,9.42E+05,,0.179190568,0.270993644,0.338764684
10.66552365,7.89E-07,8.37E-13,9.42E+05,,0.179193371,0.270993644,0.338754341
10.66566652,7.89E-07,8.37E-13,9.42E+05,,0.179196173,0.270993644,0.338744001
10.6658094,7.89E-07,8.37E-13,9.42E+05,,0.179198976,0.270993644,0.338733657
10.66595228,7.89E-07,8.37E-13,9.42E+05,,0.179201778,0.270993644,0.338723318
10.66609516,7.89E-07,8.37E-13,9.42E+05,,0.179204581,0.270993644,0.338712974
10.66623803,7.89E-07,8.37E-13,9.42E+05,,0.179207383,0.270993644,0.338702635
10.66638091,7.89E-07,8.37E-13,9.42E+05,,0.179210186,0.270993644,0.338692291
10.66652379,7.88E-07,8.37E-13,9.41E+05,,0.179212988,0.270993644,0.338681951
10.66666667,7.88E-07,8.37E-13,9.41E+05,,0.179215791,0.270993644,0.338671608
10.66680954,7.88E-07,8.37E-13,9.41E+05,,0.179218593,0.270993644,0.338661268
10.66695242,7.88E-07,8.37E-13,9.41E+05,,0.179221396,0.270993644,0.338650925
10.6670953,7.88E-07,8.37E-13,9.41E+05,,0.179224198,0.270993644,0.338640585
10.66723818,7.88E-07,8.37E-13,9.41E+05,,0.179227001,0.270993644,0.338630242
10.66738105,7.88E-07,8.37E-13,9.41E+05,,0.179229803,0.270993644,0.338619902
10.66752393,7.88E-07,8.37E-13,9.41E+05,,0.179232606,0.270993644,0.338609559
10.66766681,7.88E-07,8.37E-13,9.41E+05,,0.179235408,0.270993644,0.338599219
10.66780969,7.87E-07,8.37E-13,9.40E+05,,0.17923821,0.270993644,0.338588879
10.66795256,7.87E-07,8.37E-13,9.40E+05,,0.179241013,0.270993644,0.338578536
10.66809544,7.87E-07,8.37E-13,9.40E+05,,0.179243815,0.270993644,0.338568196
10.66823832,7.87E-07,8.37E-13,9.40E+05,,0.179246618,0.270993644,0.338557853
10.6683812,7.87E-07,8.37E-13,9.40E+05,,0.17924942,0.270993644,0.338547513
10.66852407,7.87E-07,8.37E-13,9.40E+05,,0.179252223,0.270993644,0.338537169
10.66866695,7.87E-07,8.37E-13,9.40E+05,,0.179255025,0.270993644,0.33852683
10.66880983,7.87E-07,8.37E-13,9.40E+05,,0.179257828,0.270993644,0.338516486
10.66895271,7.87E-07,8.37E-13,9.40E+05,,0.17926063,0.270993644,0.338506147
10.66909559,7.87E-07,8.37E-13,9.40E+05,,0.179263433,0.270993644,0.338495803
10.66923846,7.86E-07,8.37E-13,9.39E+05,,0.179266235,0.270993644,0.338485463
10.66938134,7.86E-07,8.37E-13,9.39E+05,,0.179269038,0.270993644,0.33847512
10.66952422,7.86E-07,8.37E-13,9.39E+05,,0.17927184,0.270993644,0.33846478
10.6696671,7.86E-07,8.37E-13,9.39E+05,,0.179274643,0.270993644,0.338454437
10.66980997,7.86E-07,8.37E-13,9.39E+05,,0.179277445,0.270993644,0.338444097
10.66995285,7.86E-07,8.37E-13,9.39E+05,,0.179280248,0.270993644,0.338433754
10.67009573,7.86E-07,8.37E-13,9.39E+05,,0.17928305,0.270993644,0.338423414
10.67023861,7.86E-07,8.37E-13,9.39E+05,,0.179285853,0.270993644,0.338413071
10.67038148,7.86E-07,8.37E-13,9.39E+05,,0.179288655,0.270993644,0.338402731
10.67052436,7.86E-07,8.37E-13,9.39E+05,,0.179291458,0.270993644,0.338392387
10.67066724,7.85E-07,8.37E-13,9.37E+05,,0.17929426,0.270993644,0.338382048
10.67081012,7.85E-07,8.37E-13,9.37E+05,,0.179297063,0.270993644,0.338371704
10.67095299,7.85E-07,8.37E-13,9.37E+05,,0.179299865,0.270993644,0.338361365
10.67109587,7.85E-07,8.37E-13,9.37E+05,,0.179302668,0.270993644,0.338351021
10.67123875,7.85E-07,8.37E-13,9.37E+05,,0.17930547,0.270993644,0.338340681
10.67138163,7.85E-07,8.37E-13,9.37E+05,,0.179308272,0.270993644,0.338330342
10.6715245,7.85E-07,8.37E-13,9.37E+05,,0.179311075,0.270993644,0.338319998
10.67166738,7.85E-07,8.37E-13,9.37E+05,,0.179313877,0.270993644,0.338309659
10.67181026,7.85E-07,8.37E-13,9.37E+05,,0.17931668,0.270993644,0.338299315
10.67195314,7.84E-07,8.37E-13,9.36E+05,,0.179319482,0.270993644,0.338288975
10.67209601,7.84E-07,8.37E-13,9.36E+05,,0.179322285,0.270993644,0.338278632
10.67223889,7.84E-07,8.37E-13,9.36E+05,,0.179325087,0.270993644,0.338268292
10.67238177,7.84E-07,8.37E-13,9.36E+05,,0.17932789,0.270993644,0.338257949
10.67252465,7.84E-07,8.37E-13,9.36E+05,,0.179330692,0.270993644,0.338247609
10.67266752,7.84E-07,8.37E-13,9.36E+05,,0.179333495,0.270993644,0.338237266
10.6728104,7.84E-07,8.37E-13,9.36E+05,,0.179336297,0.270993644,0.338226926
10.67295328,7.84E-07,8.37E-13,9.36E+05,,0.1793391,0.270993644,0.338216583
10.67309616,7.84E-07,8.37E-13,9.36E+05,,0.179341902,0.270993644,0.338206243
10.67323903,7.84E-07,8.37E-13,9.36E+05,,0.179344705,0.270993644,0.338195899
10.67338191,7.83E-07,8.37E-13,9.35E+05,,0.179347507,0.270993644,0.33818556
10.67352479,7.83E-07,8.37E-13,9.35E+05,,0.17935031,0.270993644,0.338175216
10.67366767,7.83E-07,8.37E-13,9.35E+05,,0.179353112,0.270993644,0.338164877
10.67381054,7.83E-07,8.37E-13,9.35E+05,,0.179355915,0.270993644,0.338154533
10.67395342,7.83E-07,8.37E-13,9.35E+05,,0.179358717,0.270993644,0.338144193
10.6740963,7.83E-07,8.37E-13,9.35E+05,,0.17936152,0.270993644,0.33813385
10.67423918,7.83E-07,8.37E-13,9.35E+05,,0.179364322,0.270993644,0.33812351
10.67438205,7.83E-07,8.37E-13,9.35E+05,,0.179367125,0.270993644,0.338113167
10.67452493,7.83E-07,8.37E-13,9.35E+05,,0.179369927,0.270993644,0.338102827
10.67466781,7.82E-07,8.37E-13,9.34E+05,,0.179372729,0.270993644,0.338092487
10.67481069,7.82E-07,8.37E-13,9.34E+05,,0.179375532,0.270993644,0.338082144
10.67495356,7.82E-07,8.37E-13,9.34E+05,,0.179378334,0.270993644,0.338071804
10.67509644,7.82E-07,8.37E-13,9.34E+05,,0.179381137,0.270993644,0.338061461
10.67523932,7.82E-07,8.37E-13,9.34E+05,,0.179383939,0.270993644,0.338051121
10.6753822,7.82E-07,8.37E-13,9.34E+05,,0.179386742,0.270993644,0.338040778
10.67552508,7.82E-07,8.37E-13,9.34E+05,,0.179389544,0.270993644,0.338030438
10.67566795,7.82E-07,8.37E-13,9.34E+05,,0.179392347,0.270993644,0.338020095
10.67581083,7.82E-07,8.37E-13,9.34E+05,,0.179395149,0.270993644,0.338009755
10.67595371,7.82E-07,8.37E-13,9.34E+05,,0.179397952,0.270993644,0.337999411
10.67609659,7.81E-07,8.37E-13,9.33E+05,,0.179400754,0.270993644,0.337989072
10.67623946,7.81E-07,8.37E-13,9.33E+05,,0.179403557,0.270993644,0.337978728
10.67638234,7.81E-07,8.37E-13,9.33E+05,,0.179406359,0.270993644,0.337968389
10.67652522,7.81E-07,8.37E-13,9.33E+05,,0.179409162,0.270993644,0.337958045
10.6766681,7.81E-07,8.37E-13,9.33E+05,,0.179411964,0.270993644,0.337947705
10.67681097,7.81E-07,8.37E-13,9.33E+05,,0.179414767,0.270993644,0.337937362
10.67695385,7.81E-07,8.37E-13,9.33E+05,,0.179417569,0.270993644,0.337927022
10.67709673,7.81E-07,8.37E-13,9.33E+05,,0.179420372,0.270993644,0.337916679
10.67723961,7.81E-07,8.37E-13,9.33E+05,,0.179423174,0.270993644,0.337906339
10.67738248,7.81E-07,8.37E-13,9.33E+05,,0.179425977,0.270993644,0.337895996
10.67752536,7.80E-07,8.37E-13,9.31E+05,,0.179428779,0.270993644,0.337885656
10.67766824,7.80E-07,8.37E-13,9.31E+05,,0.179431582,0.270993644,0.337875313
10.67781112,7.80E-07,8.37E-13,9.31E+05,,0.179434384,0.270993644,0.337864973
10.67795399,7.80E-07,8.37E-13,9.31E+05,,0.179437187,0.270993644,0.337854629
10.67809687,7.80E-07,8.37E-13,9.31E+05,,0.179439989,0.270993644,0.33784429
10.67823975,7.80E-07,8.37E-13,9.31E+05,,0.179442791,0.270993644,0.33783395
10.67838263,7.80E-07,8.37E-13,9.31E+05,,0.179445594,0.270993644,0.337823607
10.6785255,7.80E-07,8.37E-13,9.31E+05,,0.179448396,0.270993644,0.337813267
10.67866838,7.80E-07,8.37E-13,9.31E+05,,0.179451199,0.270993644,0.337802923
10.67881126,7.79E-07,8.37E-13,9.30E+05,,0.179454001,0.270993644,0.337792584
10.67895414,7.79E-07,8.37E-13,9.30E+05,,0.179456804,0.270993644,0.33778224
10.67909701,7.79E-07,8.37E-13,9.30E+05,,0.179459606,0.270993644,0.337771901
10.67923989,7.79E-07,8.37E-13,9.30E+05,,0.179462409,0.270993644,0.337761557
10.67938277,7.79E-07,8.37E-13,9.30E+05,,0.179465211,0.270993644,0.337751217
10.67952565,7.79E-07,8.37E-13,9.30E+05,,0.179468014,0.270993644,0.337740874
10.67966852,7.79E-07,8.37E-13,9.30E+05,,0.179470816,0.270993644,0.337730534
10.6798114,7.79E-07,8.37E-13,9.30E+05,,0.179473619,0.270993644,0.337720191
10.67995428,7.79E-07,8.37E-13,9.30E+05,,0.179476421,0.270993644,0.337709851
10.68009716,7.79E-07,8.37E-13,9.30E+05,,0.179479224,0.270993644,0.337699508
10.68024003,7.78E-07,8.37E-13,9.29E+05,,0.179482026,0.270993644,0.337689168
10.68038291,7.78E-07,8.37E-13,9.29E+05,,0.179484829,0.270993644,0.337678825
10.68052579,7.78E-07,8.37E-13,9.29E+05,,0.179487631,0.270993644,0.337668485
10.68066867,7.78E-07,8.37E-13,9.29E+05,,0.179490434,0.270993644,0.337658141
10.68081154,7.78E-07,8.37E-13,9.29E+05,,0.179493236,0.270993644,0.337647802
10.68095442,7.78E-07,8.37E-13,9.29E+05,,0.179496039,0.270993644,0.337637458
10.6810973,7.78E-07,8.37E-13,9.29E+05,,0.179498841,0.270993644,0.337627119
10.68124018,7.78E-07,8.37E-13,9.29E+05,,0.179501644,0.270993644,0.337616775
10.68138305,7.78E-07,8.37E-13,9.29E+05,,0.179504446,0.270993644,0.337606435
10.68152593,7.77E-07,8.37E-13,9.28E+05,,0.179507248,0.270993644,0.337596096
10.68166881,7.77E-07,8.37E-13,9.28E+05,,0.179510051,0.270993644,0.337585752
10.68181169,7.77E-07,8.37E-13,9.28E+05,,0.179512853,0.270993644,0.337575413
10.68195456,7.77E-07,8.37E-13,9.28E+05,,0.179515656,0.270993644,0.337565069
10.68209744,7.77E-07,8.37E-13,9.28E+05,,0.179518458,0.270993644,0.337554729
10.68224032,7.77E-07,8.37E-13,9.28E+05,,0.179521261,0.270993644,0.337544386
10.6823832,7.77E-07,8.37E-13,9.28E+05,,0.179524063,0.270993644,0.337534046
10.68252608,7.77E-07,8.37E-13,9.28E+05,,0.179526866,0.270993644,0.337523703
10.68266895,7.77E-07,8.37E-13,9.28E+05,,0.179529668,0.270993644,0.337513363
10.68281183,7.77E-07,8.37E-13,9.28E+05,,0.179532471,0.270993644,0.33750302
10.68295471,7.76E-07,8.37E-13,9.27E+05,,0.179535273,0.270993644,0.33749268
10.68309759,7.76E-07,8.37E-13,9.27E+05,,0.179538076,0.270993644,0.337482337
10.68324046,7.76E-07,8.37E-13,9.27E+05,,0.179540878,0.270993644,0.337471997
10.68338334,7.76E-07,8.37E-13,9.27E+05,,0.179543681,0.270993644,0.337461653
10.68352622,7.76E-07,8.37E-13,9.27E+05,,0.179546483,0.270993644,0.337451314
10.6836691,7.76E-07,8.37E-13,9.27E+05,,0.179549286,0.270993644,0.33744097
10.68381197,7.76E-07,8.37E-13,9.27E+05,,0.179552088,0.270993644,0.337430631
10.68395485,7.76E-07,8.37E-13,9.27E+05,,0.179554891,0.270993644,0.337420287
10.68409773,7.76E-07,8.37E-13,9.27E+05,,0.179557693,0.270993644,0.337409947
10.68424061,7.76E-07,8.37E-13,9.27E+05,,0.179560496,0.270993644,0.337399604
10.68438348,7.75E-07,8.37E-13,9.25E+05,,0.179563298,0.270993644,0.337389264
10.68452636,7.75E-07,8.37E-13,9.25E+05,,0.179566101,0.270993644,0.337378921
10.68466924,7.75E-07,8.37E-13,9.25E+05,,0.179568903,0.270993644,0.337368581
10.68481212,7.75E-07,8.37E-13,9.25E+05,,0.179571705,0.270993644,0.337358241
10.68495499,7.75E-07,8.37E-13,9.25E+05,,0.179574508,0.270993644,0.337347898
10.68509787,7.75E-07,8.37E-13,9.25E+05,,0.17957731,0.270993644,0.337337558
10.68524075,7.75E-07,8.37E-13,9.25E+05,,0.179580113,0.270993644,0.337327215
10.68538363,7.75E-07,8.37E-13,9.25E+05,,0.179582915,0.270993644,0.337316875
10.6855265,7.75E-07,8.37E-13,9.25E+05,,0.179585718,0.270993644,0.337306532
10.68566938,7.74E-07,8.37E-13,9.24E+05,,0.17958852,0.270993644,0.337296192
10.68581226,7.74E-07,8.37E-13,9.24E+05,,0.179591323,0.270993644,0.337285849
10.68595514,7.74E-07,8.37E-13,9.24E+05,,0.179594125,0.270993644,0.337275509
10.68609801,7.74E-07,8.37E-13,9.24E+05,,0.179596928,0.270993644,0.337265165
10.68624089,7.74E-07,8.37E-13,9.24E+05,,0.17959973,0.270993644,0.337254826
10.68638377,7.74E-07,8.37E-13,9.24E+05,,0.179602533,0.270993644,0.337244482
10.68652665,7.74E-07,8.37E-13,9.24E+05,,0.179605335,0.270993644,0.337234143
10.68666952,7.74E-07,8.37E-13,9.24E+05,,0.179608138,0.270993644,0.337223799
10.6868124,7.74E-07,8.37E-13,9.24E+05,,0.17961094,0.270993644,0.337213459
10.68695528,7.74E-07,8.37E-13,9.24E+05,,0.179613743,0.270993644,0.337203116
10.68709816,7.73E-07,8.37E-13,9.23E+05,,0.179616545,0.270993644,0.337192776
10.68724103,7.73E-07,8.37E-13,9.23E+05,,0.179619348,0.270993644,0.337182433
10.68738391,7.73E-07,8.37E-13,9.23E+05,,0.17962215,0.270993644,0.337172093
10.68752679,7.73E-07,8.37E-13,9.23E+05,,0.179624953,0.270993644,0.33716175
10.68766967,7.73E-07,8.37E-13,9.23E+05,,0.179627755,0.270993644,0.33715141
10.68781254,7.73E-07,8.37E-13,9.23E+05,,0.179630558,0.270993644,0.337141067
10.68795542,7.73E-07,8.37E-13,9.23E+05,,0.17963336,0.270993644,0.337130727
10.6880983,7.73E-07,8.37E-13,9.23E+05,,0.179636163,0.270993644,0.337120383
10.68824118,7.73E-07,8.37E-13,9.23E+05,,0.179638965,0.270993644,0.337110044
10.68838405,7.72E-07,8.37E-13,9.22E+05,,0.179641767,0.270993644,0.337099704
10.68852693,7.72E-07,8.37E-13,9.22E+05,,0.17964457,0.270993644,0.337089361
10.68866981,7.72E-07,8.37E-13,9.22E+05,,0.179647372,0.270993644,0.337079021
10.68881269,7.72E-07,8.37E-13,9.22E+05,,0.179650175,0.270993644,0.337068677
10.68895557,7.72E-07,8.37E-13,9.22E+05,,0.179652977,0.270993644,0.337058338
10.68909844,7.72E-07,8.37E-13,9.22E+05,,0.17965578,0.270993644,0.337047994
10.68924132,7.72E-07,8.37E-13,9.22E+05,,0.179658582,0.270993644,0.337037655
10.6893842,7.72E-07,8.37E-13,9.22E+05,,0.179661385,0.270993644,0.337027311
10.68952708,7.72E-07,8.37E-13,9.22E+05,,0.179664187,0.270993644,0.337016971
10.68966995,7.72E-07,8.37E-13,9.22E+05,,0.17966699,0.270993644,0.337006628
10.68981283,7.71E-07,8.37E-13,9.21E+05,,0.179669792,0.270993644,0.336996288
10.68995571,7.71E-07,8.37E-13,9.21E+05,,0.179672595,0.270993644,0.336985945
10.69009859,7.71E-07,8.37E-13,9.21E+05,,0.179675397,0.270993644,0.336975605
10.69024146,7.71E-07,8.37E-13,9.21E+05,,0.1796782,0.270993644,0.336965262
10.69038434,7.71E-07,8.37E-13,9.21E+05,,0.179681002,0.270993644,0.336954922
10.69052722,7.71E-07,8.37E-13,9.21E+05,,0.179683805,0.270993644,0.336944579
10.6906701,7.71E-07,8.37E-13,9.21E+05,,0.179686607,0.270993644,0.336934239
10.69081297,7.71E-07,8.37E-13,9.21E+05,,0.17968941,0.270993644,0.336923895
10.69095585,7.71E-07,8.37E-13,9.21E+05,,0.179692212,0.270993644,0.336913556
10.69109873,7.70E-07,8.37E-13,9.19E+05,,0.179695015,0.270993644,0.336903212
10.69124161,7.70E-07,8.37E-13,9.19E+05,,0.179697817,0.270993644,0.336892873
10.69138448,7.70E-07,8.37E-13,9.19E+05,,0.17970062,0.270993644,0.336882529
10.69152736,7.70E-07,8.37E-13,9.19E+05,,0.179703422,0.270993644,0.336872189
10.69167024,7.70E-07,8.37E-13,9.19E+05,,0.179706224,0.270993644,0.33686185
10.69181312,7.70E-07,8.37E-13,9.19E+05,,0.179709027,0.270993644,0.336851506
10.69195599,7.70E-07,8.37E-13,9.19E+05,,0.179711829,0.270993644,0.336841167
10.69209887,7.70E-07,8.37E-13,9.19E+05,,0.179714632,0.270993644,0.336830823
10.69224175,7.70E-07,8.37E-13,9.19E+05,,0.179717434,0.270993644,0.336820483
10.69238463,7.70E-07,8.37E-13,9.19E+05,,0.179720237,0.270993644,0.33681014
10.6925275,7.69E-07,8.37E-13,9.18E+05,,0.179723039,0.270993644,0.3367998
10.69267038,7.69E-07,8.37E-13,9.18E+05,,0.179725842,0.270993644,0.336789457
10.69281326,7.69E-07,8.37E-13,9.18E+05,,0.179728644,0.270993644,0.336779117
10.69295614,7.69E-07,8.37E-13,9.18E+05,,0.179731447,0.270993644,0.336768774
10.69309901,7.69E-07,8.37E-13,9.18E+05,,0.179734249,0.270993644,0.336758434
10.69324189,7.69E-07,8.37E-13,9.18E+05,,0.179737052,0.270993644,0.336748091
10.69338477,7.69E-07,8.37E-13,9.18E+05,,0.179739854,0.270993644,0.336737751
10.69352765,7.69E-07,8.37E-13,9.18E+05,,0.179742657,0.270993644,0.336727407
10.69367052,7.69E-07,8.37E-13,9.18E+05,,0.179745459,0.270993644,0.336717068
10.6938134,7.69E-07,8.37E-13,9.18E+05,,0.179748262,0.270993644,0.336706724
10.69395628,7.68E-07,8.37E-13,9.17E+05,,0.179751064,0.270993644,0.336696385
10.69409916,7.68E-07,8.37E-13,9.17E+05,,0.179753867,0.270993644,0.336686041
10.69424203,7.68E-07,8.37E-13,9.17E+05,,0.179756669,0.270993644,0.336675701
10.69438491,7.68E-07,8.37E-13,9.17E+05,,0.179759472,0.270993644,0.336665358
10.69452779,7.68E-07,8.37E-13,9.17E+05,,0.179762274,0.270993644,0.336655018
10.69467067,7.68E-07,8.37E-13,9.17E+05,,0.179765077,0.270993644,0.336644675
10.69481354,7.68E-07,8.37E-13,9.17E+05,,0.179767879,0.270993644,0.336634335
10.69495642,7.68E-07,8.37E-13,9.17E+05,,0.179770681,0.270993644,0.336623995
10.6950993,7.68E-07,8.37E-13,9.17E+05,,0.179773484,0.270993644,0.336613652
10.69524218,7.67E-07,8.37E-13,9.16E+05,,0.179776286,0.270993644,0.336603312
10.69538506,7.67E-07,8.37E-13,9.16E+05,,0.179779089,0.270993644,0.336592969
10.69552793,7.67E-07,8.37E-13,9.16E+05,,0.179781891,0.270993644,0.336582629
10.69567081,7.67E-07,8.37E-13,9.16E+05,,0.179784694,0.270993644,0.336572286
10.69581369,7.67E-07,8.37E-13,9.16E+05,,0.179787496,0.270993644,0.336561946
10.69595657,7.67E-07,8.37E-13,9.16E+05,,0.179790299,0.270993644,0.336551603
10.69609944,7.67E-07,8.37E-13,9.16E+05,,0.179793101,0.270993644,0.336541263
10.69624232,7.67E-07,8.37E-13,9.16E+05,,0.179795904,0.270993644,0.336530919
10.6963852,7.67E-07,8.37E-13,9.16E+05,,0.179798706,0.270993644,0.33652058
10.69652808,7.67E-07,8.37E-13,9.16E+05,,0.179801509,0.270993644,0.336510236
10.69667095,7.66E-07,8.37E-13,9.15E+05,,0.179804311,0.270993644,0.336499897
10.69681383,7.66E-07,8.37E-13,9.15E+05,,0.179807114,0.270993644,0.336489553
10.69695671,7.66E-07,8.37E-13,9.15E+05,,0.179809916,0.270993644,0.336479213
10.69709959,7.66E-07,8.37E-13,9.15E+05,,0.179812719,0.270993644,0.33646887
10.69724246,7.66E-07,8.37E-13,9.15E+05,,0.179815521,0.270993644,0.33645853
10.69738534,7.66E-07,8.37E-13,9.15E+05,,0.179818324,0.270993644,0.336448187
10.69752822,7.66E-07,8.37E-13,9.15E+05,,0.179821126,0.270993644,0.336437847
10.6976711,7.66E-07,8.37E-13,9.15E+05,,0.179823929,0.270993644,0.336427504
10.69781397,7.66E-07,8.37E-13,9.15E+05,,0.179826731,0.270993644,0.336417164
10.69795685,7.65E-07,8.37E-13,9.13E+05,,0.179829534,0.270993644,0.336406821
10.69809973,7.65E-07,8.37E-13,9.13E+05,,0.179832336,0.270993644,0.336396481
10.69824261,7.65E-07,8.37E-13,9.13E+05,,0.179835139,0.270993644,0.336386137
10.69838548,7.65E-07,8.37E-13,9.13E+05,,0.179837941,0.270993644,0.336375798
10.69852836,7.65E-07,8.37E-13,9.13E+05,,0.179840743,0.270993644,0.336365458
10.69867124,7.65E-07,8.37E-13,9.13E+05,,0.179843546,0.270993644,0.336355115
10.69881412,7.65E-07,8.37E-13,9.13E+05,,0.179846348,0.270993644,0.336344775
10.69895699,7.65E-07,8.37E-13,9.13E+05,,0.179849151,0.270993644,0.336334431
10.69909987,7.65E-07,8.37E-13,9.13E+05,,0.179851953,0.270993644,0.336324092
10.69924275,7.65E-07,8.37E-13,9.13E+05,,0.179854756,0.270993644,0.336313748
10.69938563,7.64E-07,8.37E-13,9.12E+05,,0.179857558,0.270993644,0.336303409
10.6995285,7.64E-07,8.37E-13,9.12E+05,,0.179860361,0.270993644,0.336293065
10.69967138,7.64E-07,8.37E-13,9.12E+05,,0.179863163,0.270993644,0.336282725
10.69981426,7.64E-07,8.37E-13,9.12E+05,,0.179865966,0.270993644,0.336272382
10.69995714,7.64E-07,8.37E-13,9.12E+05,,0.179868768,0.270993644,0.336262042
10.70010001,7.64E-07,8.37E-13,9.12E+05,,0.179870325,0.270993644,0.336256297
10.70024289,7.64E-07,8.37E-13,9.12E+05,,0.179871348,0.270993644,0.336252522
10.70038577,7.64E-07,8.37E-13,9.12E+05,,0.179872371,0.270993644,0.336248747
10.70052865,7.64E-07,8.37E-13,9.12E+05,,0.179873394,0.270993644,0.336244972
10.70067152,7.64E-07,8.37E-13,9.12E+05,,0.179874417,0.270993644,0.336241197
10.7008144,7.63E-07,8.37E-13,9.11E+05,,0.17987544,0.270993644,0.336237422
10.70095728,7.63E-07,8.37E-13,9.11E+05,,0.179876464,0.270993644,0.336233643
10.70110016,7.63E-07,8.37E-13,9.11E+05,,0.179877487,0.270993644,0.336229868
10.70124303,7.63E-07,8.37E-13,9.11E+05,,0.17987851,0.270993644,0.336226093
10.70138591,7.63E-07,8.37E-13,9.11E+05,,0.179879533,0.270993644,0.336222318
10.70152879,7.63E-07,8.37E-13,9.11E+05,,0.179880556,0.270993644,0.336218543
10.70167167,7.63E-07,8.37E-13,9.11E+05,,0.179881579,0.270993644,0.336214768
10.70181454,7.63E-07,8.37E-13,9.11E+05,,0.179882602,0.270993644,0.336210993
10.70195742,7.63E-07,8.37E-13,9.11E+05,,0.179883625,0.270993644,0.336207218
10.7021003,7.63E-07,8.37E-13,9.11E+05,,0.179884648,0.270993644,0.336203443
10.70224318,7.62E-07,8.37E-13,9.10E+05,,0.179885671,0.270993644,0.336199668
10.70238606,7.62E-07,8.37E-13,9.10E+05,,0.179886694,0.270993644,0.336195893
10.70252893,7.62E-07,8.37E-13,9.10E+05,,0.179887717,0.270993644,0.336192118
10.70267181,7.62E-07,8.37E-13,9.10E+05,,0.17988874,0.270993644,0.336188343
10.70281469,7.62E-07,8.37E-13,9.10E+05,,0.179889763,0.270993644,0.336184568
10.70295757,7.62E-07,8.37E-13,9.10E+05,,0.179890786,0.270993644,0.336180793
10.70310044,7.62E-07,8.37E-13,9.10E+05,,0.179891809,0.270993644,0.336177018
10.70324332,7.62E-07,8.37E-13,9.10E+05,,0.179892833,0.270993644,0.336173239
10.7033862,7.62E-07,8.37E-13,9.10E+05,,0.179893856,0.270993644,0.336169464
10.70352908,7.62E-07,8.37E-13,9.10E+05,,0.179894879,0.270993644,0.336165689
10.70367195,7.62E-07,8.37E-13,9.10E+05,,0.179895902,0.270993644,0.336161914
10.70381483,7.61E-07,8.37E-13,9.09E+05,,0.179896925,0.270993644,0.336158139
10.70395771,7.61E-07,8.37E-13,9.09E+05,,0.179897948,0.270993644,0.336154364
10.70410059,7.61E-07,8.37E-13,9.09E+05,,0.179898971,0.270993644,0.336150589
10.70424346,7.61E-07,8.37E-13,9.09E+05,,0.179899994,0.270993644,0.336146814
10.70438634,7.61E-07,8.37E-13,9.09E+05,,0.179901017,0.270993644,0.336143039
10.70452922,7.61E-07,8.37E-13,9.09E+05,,0.17990204,0.270993644,0.336139264
10.7046721,7.61E-07,8.37E-13,9.09E+05,,0.179903063,0.270993644,0.336135489
10.70481497,7.61E-07,8.37E-13,9.09E+05,,0.179904086,0.270993644,0.336131714
10.70495785,7.61E-07,8.37E-13,9.09E+05,,0.179905109,0.270993644,0.336127939
10.70510073,7.61E-07,8.37E-13,9.09E+05,,0.179906132,0.270993644,0.336124164
10.70524361,7.60E-07,8.37E-13,9.07E+05,,0.179907155,0.270993644,0.336120389
10.70538648,7.60E-07,8.37E-13,9.07E+05,,0.179908178,0.270993644,0.336116614
10.70552936,7.60E-07,8.37E-13,9.07E+05,,0.179909202,0.270993644,0.336112836
10.70567224,7.60E-07,8.37E-13,9.07E+05,,0.179910225,0.270993644,0.336109061
10.70581512,7.60E-07,8.37E-13,9.07E+05,,0.179911248,0.270993644,0.336105286
10.70595799,7.60E-07,8.37E-13,9.07E+05,,0.179912271,0.270993644,0.336101511
10.70610087,7.60E-07,8.37E-13,9.07E+05,,0.179913294,0.270993644,0.336097736
10.70624375,7.60E-07,8.37E-13,9.07E+05,,0.179914317,0.270993644,0.336093961
10.70638663,7.60E-07,8.37E-13,9.07E+05,,0.17991534,0.270993644,0.336090186
10.7065295,7.60E-07,8.37E-13,9.07E+05,,0.179916363,0.270993644,0.336086411
10.70667238,7.60E-07,8.37E-13,9.07E+05,,0.179917386,0.270993644,0.336082636
10.70681526,7.59E-07,8.37E-13,9.06E+05,,0.179918409,0.270993644,0.336078861
10.70695814,7.59E-07,8.37E-13,9.06E+05,,0.179919432,0.270993644,0.336075086
10.70710101,7.59E-07,8.37E-13,9.06E+05,,0.179920455,0.270993644,0.336071311
10.70724389,7.59E-07,8.37E-13,9.06E+05,,0.179921478,0.270993644,0.336067536
10.70738677,7.59E-07,8.37E-13,9.06E+05,,0.179922501,0.270993644,0.336063761
10.70752965,7.59E-07,8.37E-13,9.06E+05,,0.179923524,0.270993644,0.336059986
10.70767252,7.59E-07,8.37E-13,9.06E+05,,0.179924547,0.270993644,0.336056211
10.7078154,7.59E-07,8.37E-13,9.06E+05,,0.179925571,0.270993644,0.336052432
10.70795828,7.59E-07,8.37E-13,9.06E+05,,0.179926594,0.270993644,0.336048657
10.70810116,7.59E-07,8.37E-13,9.06E+05,,0.179927617,0.270993644,0.336044882
10.70824403,7.58E-07,8.37E-13,9.05E+05,,0.17992864,0.270993644,0.336041107
10.70838691,7.58E-07,8.37E-13,9.05E+05,,0.179929663,0.270993644,0.336037332
10.70852979,7.58E-07,8.37E-13,9.05E+05,,0.179930686,0.270993644,0.336033557
10.70867267,7.58E-07,8.37E-13,9.05E+05,,0.179931709,0.270993644,0.336029782
10.70881555,7.58E-07,8.37E-13,9.05E+05,,0.179932732,0.270993644,0.336026007
10.70895842,7.58E-07,8.37E-13,9.05E+05,,0.179933755,0.270993644,0.336022232
10.7091013,7.58E-07,8.37E-13,9.05E+05,,0.179934778,0.270993644,0.336018457
10.70924418,7.58E-07,8.37E-13,9.05E+05,,0.179935801,0.270993644,0.336014682
10.70938706,7.58E-07,8.37E-13,9.05E+05,,0.179936824,0.270993644,0.336010907
10.70952993,7.58E-07,8.37E-13,9.05E+05,,0.179937847,0.270993644,0.336007132
10.70967281,7.58E-07,8.37E-13,9.05E+05,,0.17993887,0.270993644,0.336003357
10.70981569,7.57E-07,8.37E-13,9.04E+05,,0.179939893,0.270993644,0.335999582
10.70995857,7.57E-07,8.37E-13,9.04E+05,,0.179940917,0.270993644,0.335995804
10.71010144,7.57E-07,8.37E-13,9.04E+05,,0.17994194,0.270993644,0.335992029
10.71024432,7.57E-07,8.37E-13,9.04E+05,,0.179942963,0.270993644,0.335988254
10.7103872,7.57E-07,8.37E-13,9.04E+05,,0.179943986,0.270993644,0.335984479
10.71053008,7.57E-07,8.37E-13,9.04E+05,,0.179945009,0.270993644,0.335980704
10.71067295,7.57E-07,8.37E-13,9.04E+05,,0.179946032,0.270993644,0.335976929
10.71081583,7.57E-07,8.37E-13,9.04E+05,,0.179947055,0.270993644,0.335973154
10.71095871,7.57E-07,8.37E-13,9.04E+05,,0.179948078,0.270993644,0.335969379
10.71110159,7.57E-07,8.37E-13,9.04E+05,,0.179949101,0.270993644,0.335965604
10.71124446,7.56E-07,8.37E-13,9.03E+05,,0.179950124,0.270993644,0.335961829
10.71138734,7.56E-07,8.37E-13,9.03E+05,,0.179951147,0.270993644,0.335958054
10.71153022,7.56E-07,8.37E-13,9.03E+05,,0.17995217,0.270993644,0.335954279
10.7116731,7.56E-07,8.37E-13,9.03E+05,,0.179953193,0.270993644,0.335950504
10.71181597,7.56E-07,8.37E-13,9.03E+05,,0.179954216,0.270993644,0.335946729
10.71195885,7.56E-07,8.37E-13,9.03E+05,,0.179955239,0.270993644,0.335942954
10.71210173,7.56E-07,8.37E-13,9.03E+05,,0.179956262,0.270993644,0.335939179
10.71224461,7.56E-07,8.37E-13,9.03E+05,,0.179957286,0.270993644,0.3359354
10.71238748,7.56E-07,8.37E-13,9.03E+05,,0.179958309,0.270993644,0.335931625
10.71253036,7.56E-07,8.37E-13,9.03E+05,,0.179959332,0.270993644,0.33592785
10.71267324,7.56E-07,8.37E-13,9.03E+05,,0.179960355,0.270993644,0.335924075
10.71281612,7.55E-07,8.37E-13,9.02E+05,,0.179961378,0.270993644,0.3359203
10.71295899,7.55E-07,8.37E-13,9.02E+05,,0.179962401,0.270993644,0.335916525
10.71310187,7.55E-07,8.37E-13,9.02E+05,,0.179963424,0.270993644,0.33591275
10.71324475,7.55E-07,8.37E-13,9.02E+05,,0.179964447,0.270993644,0.335908975
10.71338763,7.55E-07,8.37E-13,9.02E+05,,0.17996547,0.270993644,0.3359052
10.7135305,7.55E-07,8.37E-13,9.02E+05,,0.179966493,0.270993644,0.335901425
10.71367338,7.55E-07,8.37E-13,9.02E+05,,0.179967516,0.270993644,0.33589765
10.71381626,7.55E-07,8.37E-13,9.02E+05,,0.179968539,0.270993644,0.335893875
10.71395914,7.55E-07,8.37E-13,9.02E+05,,0.179969562,0.270993644,0.3358901
10.71410201,7.55E-07,8.37E-13,9.02E+05,,0.179970585,0.270993644,0.335886325
10.71424489,7.54E-07,8.37E-13,9.00E+05,,0.179971608,0.270993644,0.33588255
10.71438777,7.54E-07,8.37E-13,9.00E+05,,0.179972631,0.270993644,0.335878775
10.71453065,7.54E-07,8.37E-13,9.00E+05,,0.179973655,0.270993644,0.335874996
10.71467352,7.54E-07,8.37E-13,9.00E+05,,0.179974678,0.270993644,0.335871221
10.7148164,7.54E-07,8.37E-13,9.00E+05,,0.179975701,0.270993644,0.335867446
10.71495928,7.54E-07,8.37E-13,9.00E+05,,0.179976724,0.270993644,0.335863671
10.71510216,7.54E-07,8.37E-13,9.00E+05,,0.179977747,0.270993644,0.335859896
10.71524504,7.54E-07,8.37E-13,9.00E+05,,0.17997877,0.270993644,0.335856121
10.71538791,7.54E-07,8.37E-13,9.00E+05,,0.179979793,0.270993644,0.335852346
10.71553079,7.54E-07,8.37E-13,9.00E+05,,0.179980816,0.270993644,0.335848571
10.71567367,7.53E-07,8.37E-13,8.99E+05,,0.179981839,0.270993644,0.335844796
10.71581655,7.53E-07,8.37E-13,8.99E+05,,0.179982862,0.270993644,0.335841021
10.71595942,7.53E-07,8.37E-13,8.99E+05,,0.179983885,0.270993644,0.335837246
10.7161023,7.53E-07,8.37E-13,8.99E+05,,0.179984908,0.270993644,0.335833471
10.71624518,7.53E-07,8.37E-13,8.99E+05,,0.179985931,0.270993644,0.335829696
10.71638806,7.53E-07,8.37E-13,8.99E+05,,0.179986954,0.270993644,0.335825921
10.71653093,7.53E-07,8.37E-13,8.99E+05,,0.179987977,0.270993644,0.335822146
10.71667381,7.53E-07,8.37E-13,8.99E+05,,0.179989,0.270993644,0.335818371
10.71681669,7.53E-07,8.37E-13,8.99E+05,,0.179990024,0.270993644,0.335814593
10.71695957,7.53E-07,8.37E-13,8.99E+05,,0.179991047,0.270993644,0.335810818
10.71710244,7.53E-07,8.37E-13,8.99E+05,,0.17999207,0.270993644,0.335807043
10.71724532,7.52E-07,8.37E-13,8.98E+05,,0.179993093,0.270993644,0.335803268
10.7173882,7.52E-07,8.37E-13,8.98E+05,,0.179994116,0.270993644,0.335799493
10.71753108,7.52E-07,8.37E-13,8.98E+05,,0.179995139,0.270993644,0.335795718
10.71767395,7.52E-07,8.37E-13,8.98E+05,,0.179996162,0.270993644,0.335791943
10.71781683,7.52E-07,8.37E-13,8.98E+05,,0.179997185,0.270993644,0.335788168
10.71795971,7.52E-07,8.37E-13,8.98E+05,,0.179998208,0.270993644,0.335784393
10.71810259,7.52E-07,8.37E-13,8.98E+05,,0.179999231,0.270993644,0.335780618
10.71824546,7.52E-07,8.37E-13,8.98E+05,,0.180000254,0.270993644,0.335776843
10.71838834,7.52E-07,8.37E-13,8.98E+05,,0.180001277,0.270993644,0.335773068
10.71853122,7.52E-07,8.37E-13,8.98E+05,,0.1800023,0.270993644,0.335769293
10.7186741,7.51E-07,8.37E-13,8.97E+05,,0.180003323,0.270993644,0.335765518
10.71881697,7.51E-07,8.37E-13,8.97E+05,,0.180004346,0.270993644,0.335761743
10.71895985,7.51E-07,8.37E-13,8.97E+05,,0.180005369,0.270993644,0.335757968
10.71910273,7.51E-07,8.37E-13,8.97E+05,,0.180006393,0.270993644,0.335754189
10.71924561,7.51E-07,8.37E-13,8.97E+05,,0.180007416,0.270993644,0.335750414
10.71938848,7.51E-07,8.37E-13,8.97E+05,,0.180008439,0.270993644,0.335746639
10.71953136,7.51E-07,8.37E-13,8.97E+05,,0.180009462,0.270993644,0.335742864
10.71967424,7.51E-07,8.37E-13,8.97E+05,,0.180010485,0.270993644,0.335739089
10.71981712,7.51E-07,8.37E-13,8.97E+05,,0.180011508,0.270993644,0.335735314
10.71995999,7.51E-07,8.37E-13,8.97E+05,,0.180012531,0.270993644,0.335731539
10.72010287,7.51E-07,8.37E-13,8.97E+05,,0.180013554,0.270993644,0.335727764
10.72024575,7.50E-07,8.37E-13,8.96E+05,,0.180014577,0.270993644,0.335723989
10.72038863,7.50E-07,8.37E-13,8.96E+05,,0.1800156,0.270993644,0.335720214
10.7205315,7.50E-07,8.37E-13,8.96E+05,,0.180016623,0.270993644,0.335716439
10.72067438,7.50E-07,8.37E-13,8.96E+05,,0.180017646,0.270993644,0.335712664
10.72081726,7.50E-07,8.37E-13,8.96E+05,,0.180018669,0.270993644,0.335708889
10.72096014,7.50E-07,8.37E-13,8.96E+05,,0.180019692,0.270993644,0.335705114
10.72110301,7.50E-07,8.37E-13,8.96E+05,,0.180020715,0.270993644,0.335701339
10.72124589,7.50E-07,8.37E-13,8.96E+05,,0.180021739,0.270993644,0.33569756
10.72138877,7.50E-07,8.37E-13,8.96E+05,,0.180022762,0.270993644,0.335693785
10.72153165,7.50E-07,8.37E-13,8.96E+05,,0.180023785,0.270993644,0.33569001
10.72167452,7.49E-07,8.37E-13,8.94E+05,,0.180024808,0.270993644,0.335686235
10.7218174,7.49E-07,8.37E-13,8.94E+05,,0.180025831,0.270993644,0.33568246
10.72196028,7.49E-07,8.37E-13,8.94E+05,,0.180026854,0.270993644,0.335678685
10.72210316,7.49E-07,8.37E-13,8.94E+05,,0.180027877,0.270993644,0.33567491
10.72224604,7.49E-07,8.37E-13,8.94E+05,,0.1800289,0.270993644,0.335671135
10.72238891,7.49E-07,8.37E-13,8.94E+05,,0.180029923,0.270993644,0.33566736
10.72253179,7.49E-07,8.37E-13,8.94E+05,,0.180030946,0.270993644,0.335663585
10.72267467,7.49E-07,8.37E-13,8.94E+05,,0.180031969,0.270993644,0.33565981
10.72281755,7.49E-07,8.37E-13,8.94E+05,,0.180032992,0.270993644,0.335656035
10.72296042,7.49E-07,8.37E-13,8.94E+05,,0.180034015,0.270993644,0.33565226
10.7231033,7.49E-07,8.37E-13,8.94E+05,,0.180035038,0.270993644,0.335648485
10.72324618,7.48E-07,8.37E-13,8.93E+05,,0.180036061,0.270993644,0.33564471
10.72338906,7.48E-07,8.37E-13,8.93E+05,,0.180037084,0.270993644,0.335640935
10.72353193,7.48E-07,8.37E-13,8.93E+05,,0.180038108,0.270993644,0.335637157
10.72367481,7.48E-07,8.37E-13,8.93E+05,,0.180039131,0.270993644,0.335633382
10.72381769,7.48E-07,8.37E-13,8.93E+05,,0.180040154,0.270993644,0.335629607
10.72396057,7.48E-07,8.37E-13,8.93E+05,,0.180041177,0.270993644,0.335625832
10.72410344,7.48E-07,8.37E-13,8.93E+05,,0.1800422,0.270993644,0.335622057
10.72424632,7.48E-07,8.37E-13,8.93E+05,,0.180043223,0.270993644,0.335618282
10.7243892,7.48E-07,8.37E-13,8.93E+05,,0.180044246,0.270993644,0.335614507
10.72453208,7.48E-07,8.37E-13,8.93E+05,,0.180045269,0.270993644,0.335610732
10.72467495,7.47E-07,8.37E-13,8.92E+05,,0.180046292,0.270993644,0.335606957
10.72481783,7.47E-07,8.37E-13,8.92E+05,,0.180047315,0.270993644,0.335603182
10.72496071,7.47E-07,8.37E-13,8.92E+05,,0.180048338,0.270993644,0.335599407
10.72510359,7.47E-07,8.37E-13,8.92E+05,,0.180049361,0.270993644,0.335595632
10.72524646,7.47E-07,8.37E-13,8.92E+05,,0.180050384,0.270993644,0.335591857
10.72538934,7.47E-07,8.37E-13,8.92E+05,,0.180051407,0.270993644,0.335588082
10.72553222,7.47E-07,8.37E-13,8.92E+05,,0.18005243,0.270993644,0.335584307
10.7256751,7.47E-07,8.37E-13,8.92E+05,,0.180053453,0.270993644,0.335580532
10.72581797,7.47E-07,8.37E-13,8.92E+05,,0.180054477,0.270993644,0.335576753
10.72596085,7.47E-07,8.37E-13,8.92E+05,,0.1800555,0.270993644,0.335572978
10.72610373,7.47E-07,8.37E-13,8.92E+05,,0.180056523,0.270993644,0.335569203
10.72624661,7.46E-07,8.37E-13,8.91E+05,,0.180057546,0.270993644,0.335565428
10.72638948,7.46E-07,8.37E-13,8.91E+05,,0.180058569,0.270993644,0.335561653
10.72653236,7.46E-07,8.37E-13,8.91E+05,,0.180059592,0.270993644,0.335557878
10.72667524,7.46E-07,8.37E-13,8.91E+05,,0.180060615,0.270993644,0.335554103
10.72681812,7.46E-07,8.37E-13,8.91E+05,,0.180061638,0.270993644,0.335550328
10.72696099,7.46E-07,8.37E-13,8.91E+05,,0.180062661,0.270993644,0.335546553
10.72710387,7.46E-07,8.37E-13,8.91E+05,,0.180063684,0.270993644,0.335542778
10.72724675,7.46E-07,8.37E-13,8.91E+05,,0.180064707,0.270993644,0.335539003
10.72738963,7.46E-07,8.37E-13,8.91E+05,,0.18006573,0.270993644,0.335535228
10.7275325,7.46E-07,8.37E-13,8.91E+05,,0.180066753,0.270993644,0.335531453
10.72767538,7.45E-07,8.37E-13,8.90E+05,,0.180067776,0.270993644,0.335527678
10.72781826,7.45E-07,8.37E-13,8.90E+05,,0.180068799,0.270993644,0.335523903
10.72796114,7.45E-07,8.37E-13,8.90E+05,,0.180069822,0.270993644,0.335520128
10.72810401,7.45E-07,8.37E-13,8.90E+05,,0.180070846,0.270993644,0.335516349
10.72824689,7.45E-07,8.37E-13,8.90E+05,,0.180071869,0.270993644,0.335512574
10.72838977,7.45E-07,8.37E-13,8.90E+05,,0.180072892,0.270993644,0.335508799
10.72853265,7.45E-07,8.37E-13,8.90E+05,,0.180073915,0.270993644,0.335505024
10.72867553,7.45E-07,8.37E-13,8.90E+05,,0.180074938,0.270993644,0.335501249
10.7288184,7.45E-07,8.37E-13,8.90E+05,,0.180075961,0.270993644,0.335497474
10.72896128,7.45E-07,8.37E-13,8.90E+05,,0.180076984,0.270993644,0.3354937
10.72910416,7.45E-07,8.37E-13,8.90E+05,,0.180078007,0.270993644,0.335489925
10.72924704,7.44E-07,8.37E-13,8.88E+05,,0.18007903,0.270993644,0.33548615
10.72938991,7.44E-07,8.37E-13,8.88E+05,,0.180080053,0.270993644,0.335482375
10.72953279,7.44E-07,8.37E-13,8.88E+05,,0.180081076,0.270993644,0.3354786
10.72967567,7.44E-07,8.37E-13,8.88E+05,,0.180082099,0.270993644,0.335474825
10.72981855,7.44E-07,8.37E-13,8.88E+05,,0.180083122,0.270993644,0.33547105
10.72996142,7.44E-07,8.37E-13,8.88E+05,,0.180084145,0.270993644,0.335467275
10.7301043,7.44E-07,8.37E-13,8.88E+05,,0.180085168,0.270993644,0.3354635
10.73024718,7.44E-07,8.37E-13,8.88E+05,,0.180086191,0.270993644,0.335459725
10.73039006,7.44E-07,8.37E-13,8.88E+05,,0.180087215,0.270993644,0.335455946
10.73053293,7.44E-07,8.37E-13,8.88E+05,,0.180088238,0.270993644,0.335452171
10.73067581,7.43E-07,8.37E-13,8.87E+05,,0.180089261,0.270993644,0.335448396
10.73081869,7.43E-07,8.37E-13,8.87E+05,,0.180090284,0.270993644,0.335444621
10.73096157,7.43E-07,8.37E-13,8.87E+05,,0.180091307,0.270993644,0.335440846
10.73110444,7.43E-07,8.37E-13,8.87E+05,,0.18009233,0.270993644,0.335437071
10.73124732,7.43E-07,8.37E-13,8.87E+05,,0.180093353,0.270993644,0.335433296
10.7313902,7.43E-07,8.37E-13,8.87E+05,,0.180094376,0.270993644,0.335429521
10.73153308,7.43E-07,8.37E-13,8.87E+05,,0.180095399,0.270993644,0.335425746
10.73167595,7.43E-07,8.37E-13,8.87E+05,,0.180096422,0.270993644,0.335421971
10.73181883,7.43E-07,8.37E-13,8.87E+05,,0.180097445,0.270993644,0.335418196
10.73196171,7.43E-07,8.37E-13,8.87E+05,,0.180098468,0.270993644,0.335414421
10.73210459,7.42E-07,8.37E-13,8.86E+05,,0.180099491,0.270993644,0.335410646
10.73224746,7.42E-07,8.37E-13,8.86E+05,,0.180100514,0.270993644,0.335406871
10.73239034,7.42E-07,8.37E-13,8.86E+05,,0.180101537,0.270993644,0.335403096
10.73253322,7.42E-07,8.37E-13,8.86E+05,,0.180102561,0.270993644,0.335399317
10.7326761,7.42E-07,8.37E-13,8.86E+05,,0.180103584,0.270993644,0.335395542
10.73281897,7.42E-07,8.37E-13,8.86E+05,,0.180104607,0.270993644,0.335391767
10.73296185,7.42E-07,8.37E-13,8.86E+05,,0.18010563,0.270993644,0.335387992
10.73310473,7.42E-07,8.37E-13,8.86E+05,,0.180106653,0.270993644,0.335384217
10.73324761,7.42E-07,8.37E-13,8.86E+05,,0.180107676,0.270993644,0.335380442
10.73339048,7.42E-07,8.37E-13,8.86E+05,,0.180108699,0.270993644,0.335376667
10.73353336,7.42E-07,8.37E-13,8.86E+05,,0.180109722,0.270993644,0.335372892
10.73367624,7.41E-07,8.37E-13,8.85E+05,,0.180110745,0.270993644,0.335369117
10.73381912,7.41E-07,8.37E-13,8.85E+05,,0.180111768,0.270993644,0.335365342
10.73396199,7.41E-07,8.37E-13,8.85E+05,,0.180112791,0.270993644,0.335361567
10.73410487,7.41E-07,8.37E-13,8.85E+05,,0.180113814,0.270993644,0.335357792
10.73424775,7.41E-07,8.37E-13,8.85E+05,,0.180114837,0.270993644,0.335354017
10.73439063,7.41E-07,8.37E-13,8.85E+05,,0.18011586,0.270993644,0.335350242
10.7345335,7.41E-07,8.37E-13,8.85E+05,,0.180116883,0.270993644,0.335346467
10.73467638,7.41E-07,8.37E-13,8.85E+05,,0.180117906,0.270993644,0.335342692
10.73481926,7.41E-07,8.37E-13,8.85E+05,,0.18011893,0.270993644,0.335338914
10.73496214,7.41E-07,8.37E-13,8.85E+05,,0.180119953,0.270993644,0.335335139
10.73510502,7.40E-07,8.37E-13,8.84E+05,,0.180120976,0.270993644,0.335331364
10.73524789,7.40E-07,8.37E-13,8.84E+05,,0.180121999,0.270993644,0.335327589
10.73539077,7.40E-07,8.37E-13,8.84E+05,,0.180123022,0.270993644,0.335323814
10.73553365,7.40E-07,8.37E-13,8.84E+05,,0.180124045,0.270993644,0.335320039
10.73567653,7.40E-07,8.37E-13,8.84E+05,,0.180125068,0.270993644,0.335316264
10.7358194,7.40E-07,8.37E-13,8.84E+05,,0.180126091,0.270993644,0.335312489
10.73596228,7.40E-07,8.37E-13,8.84E+05,,0.180127114,0.270993644,0.335308714
10.73610516,7.40E-07,8.37E-13,8.84E+05,,0.180128137,0.270993644,0.335304939
10.73624804,7.40E-07,8.37E-13,8.84E+05,,0.18012916,0.270993644,0.335301164
10.73639091,7.40E-07,8.37E-13,8.84E+05,,0.180130183,0.270993644,0.335297389
10.73653379,7.40E-07,8.37E-13,8.84E+05,,0.180131206,0.270993644,0.335293614
10.73667667,7.39E-07,8.37E-13,8.82E+05,,0.180132229,0.270993644,0.335289839
10.73681955,7.39E-07,8.37E-13,8.82E+05,,0.180133252,0.270993644,0.335286064
10.73696242,7.39E-07,8.37E-13,8.82E+05,,0.180134275,0.270993644,0.335282289
10.7371053,7.39E-07,8.37E-13,8.82E+05,,0.180135299,0.270993644,0.33527851
10.73724818,7.39E-07,8.37E-13,8.82E+05,,0.180136322,0.270993644,0.335274735
10.73739106,7.39E-07,8.37E-13,8.82E+05,,0.180137345,0.270993644,0.33527096
10.73753393,7.39E-07,8.37E-13,8.82E+05,,0.180138368,0.270993644,0.335267185
10.73767681,7.39E-07,8.37E-13,8.82E+05,,0.180139391,0.270993644,0.33526341
10.73781969,7.39E-07,8.37E-13,8.82E+05,,0.180140414,0.270993644,0.335259635
10.73796257,7.39E-07,8.37E-13,8.82E+05,,0.180141437,0.270993644,0.33525586
10.73810544,7.38E-07,8.37E-13,8.81E+05,,0.18014246,0.270993644,0.335252085
10.73824832,7.38E-07,8.37E-13,8.81E+05,,0.180143483,0.270993644,0.33524831
10.7383912,7.38E-07,8.37E-13,8.81E+05,,0.180144506,0.270993644,0.335244535
10.73853408,7.38E-07,8.37E-13,8.81E+05,,0.180145529,0.270993644,0.33524076
10.73867695,7.38E-07,8.37E-13,8.81E+05,,0.180146552,0.270993644,0.335236985
10.73881983,7.38E-07,8.37E-13,8.81E+05,,0.180147575,0.270993644,0.33523321
10.73896271,7.38E-07,8.37E-13,8.81E+05,,0.180148598,0.270993644,0.335229435
10.73910559,7.38E-07,8.37E-13,8.81E+05,,0.180149621,0.270993644,0.33522566
10.73924846,7.38E-07,8.37E-13,8.81E+05,,0.180150644,0.270993644,0.335221885
10.73939134,7.38E-07,8.37E-13,8.81E+05,,0.180151668,0.270993644,0.335218106
10.73953422,7.38E-07,8.37E-13,8.81E+05,,0.180152691,0.270993644,0.335214331
10.7396771,7.37E-07,8.37E-13,8.80E+05,,0.180153714,0.270993644,0.335210556
10.73981997,7.37E-07,8.37E-13,8.80E+05,,0.180154737,0.270993644,0.335206781
10.73996285,7.37E-07,8.37E-13,8.80E+05,,0.18015576,0.270993644,0.335203006
10.74010573,7.37E-07,8.37E-13,8.80E+05,,0.180156783,0.270993644,0.335199231
10.74024861,7.37E-07,8.37E-13,8.80E+05,,0.180157806,0.270993644,0.335195456
10.74039148,7.37E-07,8.37E-13,8.80E+05,,0.180158829,0.270993644,0.335191681
10.74053436,7.37E-07,8.37E-13,8.80E+05,,0.180159852,0.270993644,0.335187906
10.74067724,7.37E-07,8.37E-13,8.80E+05,,0.180160875,0.270993644,0.335184131
10.74082012,7.37E-07,8.37E-13,8.80E+05,,0.180161898,0.270993644,0.335180356
10.74096299,7.37E-07,8.37E-13,8.80E+05,,0.180162921,0.270993644,0.335176581
10.74110587,7.36E-07,8.37E-13,8.79E+05,,0.180163944,0.270993644,0.335172806
10.74124875,7.36E-07,8.37E-13,8.79E+05,,0.180164967,0.270993644,0.335169031
10.74139163,7.36E-07,8.37E-13,8.79E+05,,0.18016599,0.270993644,0.335165256
10.7415345,7.36E-07,8.37E-13,8.79E+05,,0.180167013,0.270993644,0.335161481
10.74167738,7.36E-07,8.37E-13,8.79E+05,,0.180168037,0.270993644,0.335157703
10.74182026,7.36E-07,8.37E-13,8.79E+05,,0.18016906,0.270993644,0.335153928
10.74196314,7.36E-07,8.37E-13,8.79E+05,,0.180170083,0.270993644,0.335150153
10.74210602,7.36E-07,8.37E-13,8.79E+05,,0.180171106,0.270993644,0.335146378
10.74224889,7.36E-07,8.37E-13,8.79E+05,,0.180172129,0.270993644,0.335142603
10.74239177,7.36E-07,8.37E-13,8.79E+05,,0.180173152,0.270993644,0.335138828
10.74253465,7.36E-07,8.37E-13,8.79E+05,,0.180174175,0.270993644,0.335135053
10.74267753,7.35E-07,8.37E-13,8.78E+05,,0.180175198,0.270993644,0.335131278
10.7428204,7.35E-07,8.37E-13,8.78E+05,,0.180176221,0.270993644,0.335127503
10.74296328,7.35E-07,8.37E-13,8.78E+05,,0.180177244,0.270993644,0.335123728
10.74310616,7.35E-07,8.37E-13,8.78E+05,,0.180178267,0.270993644,0.335119953
10.74324904,7.35E-07,8.37E-13,8.78E+05,,0.18017929,0.270993644,0.335116178
10.74339191,7.35E-07,8.37E-13,8.78E+05,,0.180180313,0.270993644,0.335112403
10.74353479,7.35E-07,8.37E-13,8.78E+05,,0.180181336,0.270993644,0.335108628
10.74367767,7.35E-07,8.37E-13,8.78E+05,,0.180182359,0.270993644,0.335104853
10.74382055,7.35E-07,8.37E-13,8.78E+05,,0.180183383,0.270993644,0.335101074
10.74396342,7.35E-07,8.37E-13,8.78E+05,,0.180184406,0.270993644,0.335097299
10.7441063,7.34E-07,8.37E-13,8.76E+05,,0.180185429,0.270993644,0.335093524
10.74424918,7.34E-07,8.37E-13,8.76E+05,,0.180186452,0.270993644,0.335089749
10.74439206,7.34E-07,8.37E-13,8.76E+05,,0.180187475,0.270993644,0.335085974
10.74453493,7.34E-07,8.37E-13,8.76E+05,,0.180188498,0.270993644,0.335082199
10.74467781,7.34E-07,8.37E-13,8.76E+05,,0.180189521,0.270993644,0.335078424
10.74482069,7.34E-07,8.37E-13,8.76E+05,,0.180190544,0.270993644,0.335074649
10.74496357,7.34E-07,8.37E-13,8.76E+05,,0.180191567,0.270993644,0.335070874
10.74510644,7.34E-07,8.37E-13,8.76E+05,,0.18019259,0.270993644,0.335067099
10.74524932,7.34E-07,8.37E-13,8.76E+05,,0.180193613,0.270993644,0.335063324
10.7453922,7.34E-07,8.37E-13,8.76E+05,,0.180194636,0.270993644,0.335059549
10.74553508,7.33E-07,8.37E-13,8.75E+05,,0.180195659,0.270993644,0.335055774
10.74567795,7.33E-07,8.37E-13,8.75E+05,,0.180196682,0.270993644,0.335051999
10.74582083,7.33E-07,8.37E-13,8.75E+05,,0.180197705,0.270993644,0.335048224
10.74596371,7.33E-07,8.37E-13,8.75E+05,,0.180198728,0.270993644,0.335044449
10.74610659,7.33E-07,8.37E-13,8.75E+05,,0.180199752,0.270993644,0.33504067
10.74624946,7.33E-07,8.37E-13,8.75E+05,,0.180200775,0.270993644,0.335036895
10.74639234,7.33E-07,8.37E-13,8.75E+05,,0.180201798,0.270993644,0.33503312
10.74653522,7.33E-07,8.37E-13,8.75E+05,,0.180202821,0.270993644,0.335029345
10.7466781,7.33E-07,8.37E-13,8.75E+05,,0.180203844,0.270993644,0.33502557
10.74682097,7.33E-07,8.37E-13,8.75E+05,,0.180204867,0.270993644,0.335021795
10.74696385,7.33E-07,8.37E-13,8.75E+05,,0.18020589,0.270993644,0.33501802
10.74710673,7.32E-07,8.37E-13,8.74E+05,,0.180206913,0.270993644,0.335014245
10.74724961,7.32E-07,8.37E-13,8.74E+05,,0.180207936,0.270993644,0.33501047
10.74739248,7.32E-07,8.37E-13,8.74E+05,,0.180208959,0.270993644,0.335006695
10.74753536,7.32E-07,8.37E-13,8.74E+05,,0.180209982,0.270993644,0.33500292
10.74767824,7.32E-07,8.37E-13,8.74E+05,,0.180211005,0.270993644,0.334999145
10.74782112,7.32E-07,8.37E-13,8.74E+05,,0.180212028,0.270993644,0.33499537
10.74796399,7.32E-07,8.37E-13,8.74E+05,,0.180213051,0.270993644,0.334991595
10.74810687,7.32E-07,8.37E-13,8.74E+05,,0.180214074,0.270993644,0.33498782
10.74824975,7.32E-07,8.37E-13,8.74E+05,,0.180215097,0.270993644,0.334984045
10.74839263,7.32E-07,8.37E-13,8.74E+05,,0.180216121,0.270993644,0.334980267
10.74853551,7.31E-07,8.37E-13,8.73E+05,,0.180217144,0.270993644,0.334976492
10.74867838,7.31E-07,8.37E-13,8.73E+05,,0.180218167,0.270993644,0.334972717
10.74882126,7.31E-07,8.37E-13,8.73E+05,,0.18021919,0.270993644,0.334968942
10.74896414,7.31E-07,8.37E-13,8.73E+05,,0.180220213,0.270993644,0.334965167
10.74910702,7.31E-07,8.37E-13,8.73E+05,,0.180221236,0.270993644,0.334961392
10.74924989,7.31E-07,8.37E-13,8.73E+05,,0.180222259,0.270993644,0.334957617
10.74939277,7.31E-07,8.37E-13,8.73E+05,,0.180223282,0.270993644,0.334953842
10.74953565,7.31E-07,8.37E-13,8.73E+05,,0.180224305,0.270993644,0.334950067
10.74967853,7.31E-07,8.37E-13,8.73E+05,,0.180225328,0.270993644,0.334946292
10.7498214,7.31E-07,8.37E-13,8.73E+05,,0.180226351,0.270993644,0.334942517
10.74996428,7.31E-07,8.37E-13,8.73E+05,,0.180227374,0.270993644,0.334938742
10.75010716,7.30E-07,8.37E-13,8.72E+05,,0.180228397,0.270993644,0.334934967
10.75025004,7.30E-07,8.37E-13,8.72E+05,,0.18022942,0.270993644,0.334931192
10.75039291,7.30E-07,8.37E-13,8.72E+05,,0.180230443,0.270993644,0.334927417
10.75053579,7.30E-07,8.37E-13,8.72E+05,,0.180231466,0.270993644,0.334923642
10.75067867,7.30E-07,8.37E-13,8.72E+05,,0.18023249,0.270993644,0.334919863
10.75082155,7.30E-07,8.37E-13,8.72E+05,,0.180233513,0.270993644,0.334916088
10.75096442,7.30E-07,8.37E-13,8.72E+05,,0.180234536,0.270993644,0.334912313
10.7511073,7.30E-07,8.37E-13,8.72E+05,,0.180235559,0.270993644,0.334908538
10.75125018,7.30E-07,8.37E-13,8.72E+05,,0.180236582,0.270993644,0.334904763
10.75139306,7.30E-07,8.37E-13,8.72E+05,,0.180237605,0.270993644,0.334900988
10.75153593,7.29E-07,8.37E-13,8.70E+05,,0.180238628,0.270993644,0.334897213
10.75167881,7.29E-07,8.37E-13,8.70E+05,,0.180239651,0.270993644,0.334893438
10.75182169,7.29E-07,8.37E-13,8.70E+05,,0.180240674,0.270993644,0.334889663
10.75196457,7.29E-07,8.37E-13,8.70E+05,,0.180241697,0.270993644,0.334885888
10.75210744,7.29E-07,8.37E-13,8.70E+05,,0.18024272,0.270993644,0.334882113
10.75225032,7.29E-07,8.37E-13,8.70E+05,,0.180243743,0.270993644,0.334878338
10.7523932,7.29E-07,8.37E-13,8.70E+05,,0.180244766,0.270993644,0.334874563
10.75253608,7.29E-07,8.37E-13,8.70E+05,,0.180245789,0.270993644,0.334870788
10.75267895,7.29E-07,8.37E-13,8.70E+05,,0.180246812,0.270993644,0.334867013
10.75282183,7.29E-07,8.37E-13,8.70E+05,,0.180247836,0.270993644,0.334863235
10.75296471,7.29E-07,8.37E-13,8.70E+05,,0.180248859,0.270993644,0.33485946
10.75310759,7.28E-07,8.37E-13,8.69E+05,,0.180249882,0.270993644,0.334855685
10.75325046,7.28E-07,8.37E-13,8.69E+05,,0.180250905,0.270993644,0.33485191
10.75339334,7.28E-07,8.37E-13,8.69E+05,,0.180251928,0.270993644,0.334848135
10.75353622,7.28E-07,8.37E-13,8.69E+05,,0.180252951,0.270993644,0.33484436
10.7536791,7.28E-07,8.37E-13,8.69E+05,,0.180253974,0.270993644,0.334840585
10.75382197,7.28E-07,8.37E-13,8.69E+05,,0.180254997,0.270993644,0.33483681
10.75396485,7.28E-07,8.37E-13,8.69E+05,,0.18025602,0.270993644,0.334833035
10.75410773,7.28E-07,8.37E-13,8.69E+05,,0.180257043,0.270993644,0.33482926
10.75425061,7.28E-07,8.37E-13,8.69E+05,,0.180258066,0.270993644,0.334825485
10.75439348,7.28E-07,8.37E-13,8.69E+05,,0.180259089,0.270993644,0.33482171
10.75453636,7.27E-07,8.37E-13,8.68E+05,,0.180260112,0.270993644,0.334817935
10.75467924,7.27E-07,8.37E-13,8.68E+05,,0.180261135,0.270993644,0.33481416
10.75482212,7.27E-07,8.37E-13,8.68E+05,,0.180262158,0.270993644,0.334810385
10.75496499,7.27E-07,8.37E-13,8.68E+05,,0.180263181,0.270993644,0.33480661
10.75510787,7.27E-07,8.37E-13,8.68E+05,,0.180264205,0.270993644,0.334802831
10.75525075,7.27E-07,8.37E-13,8.68E+05,,0.180265228,0.270993644,0.334799056
10.75539363,7.27E-07,8.37E-13,8.68E+05,,0.180266251,0.270993644,0.334795281
10.75553651,7.27E-07,8.37E-13,8.68E+05,,0.180267274,0.270993644,0.334791506
10.75567938,7.27E-07,8.37E-13,8.68E+05,,0.180268297,0.270993644,0.334787731
10.75582226,7.27E-07,8.37E-13,8.68E+05,,0.18026932,0.270993644,0.334783956
10.75596514,7.27E-07,8.37E-13,8.68E+05,,0.180270343,0.270993644,0.334780181
10.75610802,7.26E-07,8.37E-13,8.67E+05,,0.180271366,0.270993644,0.334776406
10.75625089,7.26E-07,8.37E-13,8.67E+05,,0.180272389,0.270993644,0.334772631
10.75639377,7.26E-07,8.37E-13,8.67E+05,,0.180273412,0.270993644,0.334768856
10.75653665,7.26E-07,8.37E-13,8.67E+05,,0.180274435,0.270993644,0.334765081
10.75667953,7.26E-07,8.37E-13,8.67E+05,,0.180275458,0.270993644,0.334761306
10.7568224,7.26E-07,8.37E-13,8.67E+05,,0.180276481,0.270993644,0.334757531
10.75696528,7.26E-07,8.37E-13,8.67E+05,,0.180277504,0.270993644,0.334753756
10.75710816,7.26E-07,8.37E-13,8.67E+05,,0.180278527,0.270993644,0.334749981
10.75725104,7.26E-07,8.37E-13,8.67E+05,,0.18027955,0.270993644,0.334746206
10.75739391,7.26E-07,8.37E-13,8.67E+05,,0.180280574,0.270993644,0.334742427
10.75753679,7.25E-07,8.37E-13,8.66E+05,,0.180281597,0.270993644,0.334738652
10.75767967,7.25E-07,8.37E-13,8.66E+05,,0.18028262,0.270993644,0.334734877
10.75782255,7.25E-07,8.37E-13,8.66E+05,,0.180283643,0.270993644,0.334731102
10.75796542,7.25E-07,8.37E-13,8.66E+05,,0.180284666,0.270993644,0.334727327
10.7581083,7.25E-07,8.37E-13,8.66E+05,,0.180285689,0.270993644,0.334723552
10.75825118,7.25E-07,8.37E-13,8.66E+05,,0.180286712,0.270993644,0.334719777
10.75839406,7.25E-07,8.37E-13,8.66E+05,,0.180287735,0.270993644,0.334716002
10.75853693,7.25E-07,8.37E-13,8.66E+05,,0.180288758,0.270993644,0.334712227
10.75867981,7.25E-07,8.37E-13,8.66E+05,,0.180289781,0.270993644,0.334708452
10.75882269,7.25E-07,8.37E-13,8.66E+05,,0.180290804,0.270993644,0.334704677
10.75896557,7.24E-07,8.37E-13,8.65E+05,,0.180291827,0.270993644,0.334700902
10.75910844,7.24E-07,8.37E-13,8.65E+05,,0.18029285,0.270993644,0.334697127
10.75925132,7.24E-07,8.37E-13,8.65E+05,,0.180293873,0.270993644,0.334693352
10.7593942,7.24E-07,8.37E-13,8.65E+05,,0.180294896,0.270993644,0.334689577
10.75953708,7.24E-07,8.37E-13,8.65E+05,,0.180295919,0.270993644,0.334685802
10.75967995,7.24E-07,8.37E-13,8.65E+05,,0.180296943,0.270993644,0.334682024
10.75982283,7.24E-07,8.37E-13,8.65E+05,,0.180297966,0.270993644,0.334678249
10.75996571,7.24E-07,8.37E-13,8.65E+05,,0.180298989,0.270993644,0.334674474
10.76010859,7.24E-07,8.37E-13,8.65E+05,,0.180300012,0.270993644,0.334670699
10.76025146,7.24E-07,8.37E-13,8.65E+05,,0.180301035,0.270993644,0.334666924
10.76039434,7.24E-07,8.37E-13,8.65E+05,,0.180302058,0.270993644,0.334663149
10.76053722,7.23E-07,8.37E-13,8.63E+05,,0.180303081,0.270993644,0.334659374
10.7606801,7.23E-07,8.37E-13,8.63E+05,,0.180304104,0.270993644,0.334655599
10.76082297,7.23E-07,8.37E-13,8.63E+05,,0.180305127,0.270993644,0.334651824
10.76096585,7.23E-07,8.37E-13,8.63E+05,,0.18030615,0.270993644,0.334648049
10.76110873,7.23E-07,8.37E-13,8.63E+05,,0.180307173,0.270993644,0.334644274
10.76125161,7.23E-07,8.37E-13,8.63E+05,,0.180308196,0.270993644,0.334640499
10.76139448,7.23E-07,8.37E-13,8.63E+05,,0.180309219,0.270993644,0.334636724
10.76153736,7.23E-07,8.37E-13,8.63E+05,,0.180310242,0.270993644,0.334632949
10.76168024,7.23E-07,8.37E-13,8.63E+05,,0.180311265,0.270993644,0.334629174
10.76182312,7.23E-07,8.37E-13,8.63E+05,,0.180312288,0.270993644,0.334625399
10.761966,7.22E-07,8.37E-13,8.62E+05,,0.180313312,0.270993644,0.33462162
10.76210887,7.22E-07,8.37E-13,8.62E+05,,0.180314335,0.270993644,0.334617845
10.76225175,7.22E-07,8.37E-13,8.62E+05,,0.180315358,0.270993644,0.33461407
10.76239463,7.22E-07,8.37E-13,8.62E+05,,0.180316381,0.270993644,0.334610295
10.76253751,7.22E-07,8.37E-13,8.62E+05,,0.180317404,0.270993644,0.33460652
10.76268038,7.22E-07,8.37E-13,8.62E+05,,0.180318427,0.270993644,0.334602745
10.76282326,7.22E-07,8.37E-13,8.62E+05,,0.18031945,0.270993644,0.33459897
10.76296614,7.22E-07,8.37E-13,8.62E+05,,0.180320473,0.270993644,0.334595195
10.76310902,7.22E-07,8.37E-13,8.62E+05,,0.180321496,0.270993644,0.33459142
10.76325189,7.22E-07,8.37E-13,8.62E+05,,0.180322519,0.270993644,0.334587645
10.76339477,7.22E-07,8.37E-13,8.62E+05,,0.180323542,0.270993644,0.33458387
10.76353765,7.21E-07,8.37E-13,8.61E+05,,0.180324565,0.270993644,0.334580095
10.76368053,7.21E-07,8.37E-13,8.61E+05,,0.180325588,0.270993644,0.33457632
10.7638234,7.21E-07,8.37E-13,8.61E+05,,0.180326611,0.270993644,0.334572545
10.76396628,7.21E-07,8.37E-13,8.61E+05,,0.180327634,0.270993644,0.33456877
10.76410916,7.21E-07,8.37E-13,8.61E+05,,0.180328658,0.270993644,0.334564991
10.76425204,7.21E-07,8.37E-13,8.61E+05,,0.180329681,0.270993644,0.334561216
10.76439491,7.21E-07,8.37E-13,8.61E+05,,0.180330704,0.270993644,0.334557441
10.76453779,7.21E-07,8.37E-13,8.61E+05,,0.180331727,0.270993644,0.334553666
10.76468067,7.21E-07,8.37E-13,8.61E+05,,0.18033275,0.270993644,0.334549891
10.76482355,7.21E-07,8.37E-13,8.61E+05,,0.180333773,0.270993644,0.334546116
10.76496642,7.20E-07,8.37E-13,8.60E+05,,0.180334796,0.270993644,0.334542341
10.7651093,7.20E-07,8.37E-13,8.60E+05,,0.180335819,0.270993644,0.334538566
10.76525218,7.20E-07,8.37E-13,8.60E+05,,0.180336842,0.270993644,0.334534791
10.76539506,7.20E-07,8.37E-13,8.60E+05,,0.180337865,0.270993644,0.334531016
10.76553793,7.20E-07,8.37E-13,8.60E+05,,0.180338888,0.270993644,0.334527241
10.76568081,7.20E-07,8.37E-13,8.60E+05,,0.180339911,0.270993644,0.334523466
10.76582369,7.20E-07,8.37E-13,8.60E+05,,0.180340934,0.270993644,0.334519691
10.76596657,7.20E-07,8.37E-13,8.60E+05,,0.180341957,0.270993644,0.334515916
10.76610944,7.20E-07,8.37E-13,8.60E+05,,0.18034298,0.270993644,0.334512141
10.76625232,7.20E-07,8.37E-13,8.60E+05,,0.180344003,0.270993644,0.334508366
10.7663952,7.20E-07,8.37E-13,8.60E+05,,0.180345027,0.270993644,0.334504588
10.76653808,7.19E-07,8.37E-13,8.59E+05,,0.18034605,0.270993644,0.334500813
10.76668095,7.19E-07,8.37E-13,8.59E+05,,0.180347073,0.270993644,0.334497038
10.76682383,7.19E-07,8.37E-13,8.59E+05,,0.180348096,0.270993644,0.334493263
10.76696671,7.19E-07,8.37E-13,8.59E+05,,0.180349119,0.270993644,0.334489488
10.76710959,7.19E-07,8.37E-13,8.59E+05,,0.180350142,0.270993644,0.334485713
10.76725246,7.19E-07,8.37E-13,8.59E+05,,0.180351165,0.270993644,0.334481938
10.76739534,7.19E-07,8.37E-13,8.59E+05,,0.180352188,0.270993644,0.334478163
10.76753822,7.19E-07,8.37E-13,8.59E+05,,0.180353211,0.270993644,0.334474388
10.7676811,7.19E-07,8.37E-13,8.59E+05,,0.180354234,0.270993644,0.334470613
10.76782397,7.19E-07,8.37E-13,8.59E+05,,0.180355257,0.270993644,0.334466838
10.76796685,7.18E-07,8.37E-13,8.57E+05,,0.18035628,0.270993644,0.334463063
10.76810973,7.18E-07,8.37E-13,8.57E+05,,0.180357303,0.270993644,0.334459288
10.76825261,7.18E-07,8.37E-13,8.57E+05,,0.180358326,0.270993644,0.334455513
10.76839549,7.18E-07,8.37E-13,8.57E+05,,0.180359349,0.270993644,0.334451738
10.76853836,7.18E-07,8.37E-13,8.57E+05,,0.180360372,0.270993644,0.334447963
10.76868124,7.18E-07,8.37E-13,8.57E+05,,0.180361396,0.270993644,0.334444184
10.76882412,7.18E-07,8.37E-13,8.57E+05,,0.180362419,0.270993644,0.334440409
10.768967,7.18E-07,8.37E-13,8.57E+05,,0.180363442,0.270993644,0.334436634
10.76910987,7.18E-07,8.37E-13,8.57E+05,,0.180364465,0.270993644,0.334432859
10.76925275,7.18E-07,8.37E-13,8.57E+05,,0.180365488,0.270993644,0.334429084
10.76939563,7.18E-07,8.37E-13,8.57E+05,,0.180366511,0.270993644,0.334425309
10.76953851,7.17E-07,8.37E-13,8.56E+05,,0.180367534,0.270993644,0.334421534
10.76968138,7.17E-07,8.37E-13,8.56E+05,,0.180368557,0.270993644,0.334417759
10.76982426,7.17E-07,8.37E-13,8.56E+05,,0.18036958,0.270993644,0.334413984
10.76996714,7.17E-07,8.37E-13,8.56E+05,,0.180370603,0.270993644,0.334410209
10.77011002,7.17E-07,8.37E-13,8.56E+05,,0.180371626,0.270993644,0.334406434
10.77025289,7.17E-07,8.37E-13,8.56E+05,,0.180372649,0.270993644,0.334402659
10.77039577,7.17E-07,8.37E-13,8.56E+05,,0.180373672,0.270993644,0.334398884
10.77053865,7.17E-07,8.37E-13,8.56E+05,,0.180374695,0.270993644,0.334395109
10.77068153,7.17E-07,8.37E-13,8.56E+05,,0.180375718,0.270993644,0.334391334
10.7708244,7.17E-07,8.37E-13,8.56E+05,,0.180376741,0.270993644,0.334387559
10.77096728,7.16E-07,8.37E-13,8.55E+05,,0.180377765,0.270993644,0.33438378
10.77111016,7.16E-07,8.37E-13,8.55E+05,,0.180378788,0.270993644,0.334380005
10.77125304,7.16E-07,8.37E-13,8.55E+05,,0.180379811,0.270993644,0.33437623
10.77139591,7.16E-07,8.37E-13,8.55E+05,,0.180380834,0.270993644,0.334372455
10.77153879,7.16E-07,8.37E-13,8.55E+05,,0.180381857,0.270993644,0.33436868
10.77168167,7.16E-07,8.37E-13,8.55E+05,,0.18038288,0.270993644,0.334364906
10.77182455,7.16E-07,8.37E-13,8.55E+05,,0.180383903,0.270993644,0.334361131
10.77196742,7.16E-07,8.37E-13,8.55E+05,,0.180384926,0.270993644,0.334357356
10.7721103,7.16E-07,8.37E-13,8.55E+05,,0.180385949,0.270993644,0.334353581
10.77225318,7.16E-07,8.37E-13,8.55E+05,,0.180386972,0.270993644,0.334349806
10.77239606,7.15E-07,8.37E-13,8.54E+05,,0.180387995,0.270993644,0.334346031
10.77253893,7.15E-07,8.37E-13,8.54E+05,,0.180389018,0.270993644,0.334342256
10.77268181,7.15E-07,8.37E-13,8.54E+05,,0.180390041,0.270993644,0.334338481
10.77282469,7.15E-07,8.37E-13,8.54E+05,,0.180391064,0.270993644,0.334334706
10.77296757,7.15E-07,8.37E-13,8.54E+05,,0.180392087,0.270993644,0.334330931
10.77311044,7.15E-07,8.37E-13,8.54E+05,,0.18039311,0.270993644,0.334327156
10.77325332,7.15E-07,8.37E-13,8.54E+05,,0.180394134,0.270993644,0.334323377
10.7733962,7.15E-07,8.37E-13,8.54E+05,,0.180395157,0.270993644,0.334319602
10.77353908,7.15E-07,8.37E-13,8.54E+05,,0.18039618,0.270993644,0.334315827
10.77368195,7.15E-07,8.37E-13,8.54E+05,,0.180397203,0.270993644,0.334312052
10.77382483,7.15E-07,8.37E-13,8.54E+05,,0.180398226,0.270993644,0.334308277
10.77396771,7.14E-07,8.37E-13,8.53E+05,,0.180399249,0.270993644,0.334304502
10.77411059,7.14E-07,8.37E-13,8.53E+05,,0.180400272,0.270993644,0.334300727
10.77425346,7.14E-07,8.37E-13,8.53E+05,,0.180401295,0.270993644,0.334296952
10.77439634,7.14E-07,8.37E-13,8.53E+05,,0.180402318,0.270993644,0.334293177
10.77453922,7.14E-07,8.37E-13,8.53E+05,,0.180403341,0.270993644,0.334289402
10.7746821,7.14E-07,8.37E-13,8.53E+05,,0.180404364,0.270993644,0.334285627
10.77482497,7.14E-07,8.37E-13,8.53E+05,,0.180405387,0.270993644,0.334281852
10.77496785,7.14E-07,8.37E-13,8.53E+05,,0.18040641,0.270993644,0.334278077
10.77511073,7.14E-07,8.37E-13,8.53E+05,,0.180407433,0.270993644,0.334274302
10.77525361,7.14E-07,8.37E-13,8.53E+05,,0.180408456,0.270993644,0.334270527
10.77539649,7.13E-07,8.37E-13,8.51E+05,,0.18040948,0.270993644,0.334266748
10.77553936,7.13E-07,8.37E-13,8.51E+05,,0.180410503,0.270993644,0.334262973
10.77568224,7.13E-07,8.37E-13,8.51E+05,,0.180411526,0.270993644,0.334259198
10.77582512,7.13E-07,8.37E-13,8.51E+05,,0.180412549,0.270993644,0.334255423
10.775968,7.13E-07,8.37E-13,8.51E+05,,0.180413572,0.270993644,0.334251648
10.77611087,7.13E-07,8.37E-13,8.51E+05,,0.180414595,0.270993644,0.334247873
10.77625375,7.13E-07,8.37E-13,8.51E+05,,0.180415618,0.270993644,0.334244098
10.77639663,7.13E-07,8.37E-13,8.51E+05,,0.180416641,0.270993644,0.334240323
10.77653951,7.13E-07,8.37E-13,8.51E+05,,0.180417664,0.270993644,0.334236548
10.77668238,7.13E-07,8.37E-13,8.51E+05,,0.180418687,0.270993644,0.334232773
10.77682526,7.13E-07,8.37E-13,8.51E+05,,0.18041971,0.270993644,0.334228998
10.77696814,7.12E-07,8.37E-13,8.50E+05,,0.180420733,0.270993644,0.334225223
10.77711102,7.12E-07,8.37E-13,8.50E+05,,0.180421756,0.270993644,0.334221448
10.77725389,7.12E-07,8.37E-13,8.50E+05,,0.180422779,0.270993644,0.334217673
10.77739677,7.12E-07,8.37E-13,8.50E+05,,0.180423802,0.270993644,0.334213898
10.77753965,7.12E-07,8.37E-13,8.50E+05,,0.180424825,0.270993644,0.334210123
10.77768253,7.12E-07,8.37E-13,8.50E+05,,0.180425849,0.270993644,0.334206345
10.7778254,7.12E-07,8.37E-13,8.50E+05,,0.180426872,0.270993644,0.33420257
10.77796828,7.12E-07,8.37E-13,8.50E+05,,0.180427895,0.270993644,0.334198795
10.77811116,7.12E-07,8.37E-13,8.50E+05,,0.180428918,0.270993644,0.33419502
10.77825404,7.12E-07,8.37E-13,8.50E+05,,0.180429941,0.270993644,0.334191245
10.77839691,7.11E-07,8.37E-13,8.49E+05,,0.180430964,0.270993644,0.33418747
10.77853979,7.11E-07,8.37E-13,8.49E+05,,0.180431987,0.270993644,0.334183695
10.77868267,7.11E-07,8.37E-13,8.49E+05,,0.18043301,0.270993644,0.33417992
10.77882555,7.11E-07,8.37E-13,8.49E+05,,0.180434033,0.270993644,0.334176145
10.77896842,7.11E-07,8.37E-13,8.49E+05,,0.180435056,0.270993644,0.33417237
10.7791113,7.11E-07,8.37E-13,8.49E+05,,0.180436079,0.270993644,0.334168595
10.77925418,7.11E-07,8.37E-13,8.49E+05,,0.180437102,0.270993644,0.33416482
10.77939706,7.11E-07,8.37E-13,8.49E+05,,0.180438125,0.270993644,0.334161045
10.77953993,7.11E-07,8.37E-13,8.49E+05,,0.180439148,0.270993644,0.33415727
10.77968281,7.11E-07,8.37E-13,8.49E+05,,0.180440171,0.270993644,0.334153495
10.77982569,7.11E-07,8.37E-13,8.49E+05,,0.180441194,0.270993644,0.33414972
10.77996857,7.10E-07,8.37E-13,8.48E+05,,0.180442218,0.270993644,0.334145941
10.78011144,7.10E-07,8.37E-13,8.48E+05,,0.180443241,0.270993644,0.334142166
10.78025432,7.10E-07,8.37E-13,8.48E+05,,0.180444264,0.270993644,0.334138391
10.7803972,7.10E-07,8.37E-13,8.48E+05,,0.180445287,0.270993644,0.334134616
10.78054008,7.10E-07,8.37E-13,8.48E+05,,0.18044631,0.270993644,0.334130841
10.78068295,7.10E-07,8.37E-13,8.48E+05,,0.180447333,0.270993644,0.334127066
10.78082583,7.10E-07,8.37E-13,8.48E+05,,0.180448356,0.270993644,0.334123291
10.78096871,7.10E-07,8.37E-13,8.48E+05,,0.180449379,0.270993644,0.334119516
10.78111159,7.10E-07,8.37E-13,8.48E+05,,0.180450402,0.270993644,0.334115741
10.78125446,7.10E-07,8.37E-13,8.48E+05,,0.180451425,0.270993644,0.334111966
10.78139734,7.09E-07,8.37E-13,8.47E+05,,0.180452448,0.270993644,0.334108191
10.78154022,7.09E-07,8.37E-13,8.47E+05,,0.180453471,0.270993644,0.334104416
10.7816831,7.09E-07,8.37E-13,8.47E+05,,0.180454494,0.270993644,0.334100641
10.78182598,7.09E-07,8.37E-13,8.47E+05,,0.180455517,0.270993644,0.334096866
10.78196885,7.09E-07,8.37E-13,8.47E+05,,0.18045654,0.270993644,0.334093091
10.78211173,7.09E-07,8.37E-13,8.47E+05,,0.180457563,0.270993644,0.334089316
10.78225461,7.09E-07,8.37E-13,8.47E+05,,0.180458587,0.270993644,0.334085537
10.78239749,7.09E-07,8.37E-13,8.47E+05,,0.18045961,0.270993644,0.334081762
10.78254036,7.09E-07,8.37E-13,8.47E+05,,0.180460633,0.270993644,0.334077987
10.78268324,7.09E-07,8.37E-13,8.47E+05,,0.180461656,0.270993644,0.334074212
10.78282612,7.09E-07,8.37E-13,8.47E+05,,0.180462679,0.270993644,0.334070437
10.782969,7.08E-07,8.37E-13,8.45E+05,,0.180463702,0.270993644,0.334066662
10.78311187,7.08E-07,8.37E-13,8.45E+05,,0.180464725,0.270993644,0.334062887
10.78325475,7.08E-07,8.37E-13,8.45E+05,,0.180465748,0.270993644,0.334059112
10.78339763,7.08E-07,8.37E-13,8.45E+05,,0.180466771,0.270993644,0.334055337
10.78354051,7.08E-07,8.37E-13,8.45E+05,,0.180467794,0.270993644,0.334051562
10.78368338,7.08E-07,8.37E-13,8.45E+05,,0.180468817,0.270993644,0.334047787
10.78382626,7.08E-07,8.37E-13,8.45E+05,,0.18046984,0.270993644,0.334044012
10.78396914,7.08E-07,8.37E-13,8.45E+05,,0.180470863,0.270993644,0.334040237
10.78411202,7.08E-07,8.37E-13,8.45E+05,,0.180471886,0.270993644,0.334036462
10.78425489,7.08E-07,8.37E-13,8.45E+05,,0.180472909,0.270993644,0.334032687
10.78439777,7.07E-07,8.37E-13,8.44E+05,,0.180473932,0.270993644,0.334028912
10.78454065,7.07E-07,8.37E-13,8.44E+05,,0.180474956,0.270993644,0.334025134
10.78468353,7.07E-07,8.37E-13,8.44E+05,,0.180475979,0.270993644,0.334021359
10.7848264,7.07E-07,8.37E-13,8.44E+05,,0.180477002,0.270993644,0.334017584
10.78496928,7.07E-07,8.37E-13,8.44E+05,,0.180478025,0.270993644,0.334013809
10.78511216,7.07E-07,8.37E-13,8.44E+05,,0.180479048,0.270993644,0.334010034
10.78525504,7.07E-07,8.37E-13,8.44E+05,,0.180480071,0.270993644,0.334006259
10.78539791,7.07E-07,8.37E-13,8.44E+05,,0.180481094,0.270993644,0.334002484
10.78554079,7.07E-07,8.37E-13,8.44E+05,,0.180482117,0.270993644,0.333998709
10.78568367,7.07E-07,8.37E-13,8.44E+05,,0.18048314,0.270993644,0.333994934
10.78582655,7.06E-07,8.37E-13,8.43E+05,,0.180484163,0.270993644,0.333991159
10.78596942,7.06E-07,8.37E-13,8.43E+05,,0.180485186,0.270993644,0.333987384
10.7861123,7.06E-07,8.37E-13,8.43E+05,,0.180486209,0.270993644,0.333983609
10.78625518,7.06E-07,8.37E-13,8.43E+05,,0.180487232,0.270993644,0.333979834
10.78639806,7.06E-07,8.37E-13,8.43E+05,,0.180488255,0.270993644,0.333976059
10.78654093,7.06E-07,8.37E-13,8.43E+05,,0.180489278,0.270993644,0.333972284
10.78668381,7.06E-07,8.37E-13,8.43E+05,,0.180490302,0.270993644,0.333968505
10.78682669,7.06E-07,8.37E-13,8.43E+05,,0.180491325,0.270993644,0.33396473
10.78696957,7.06E-07,8.37E-13,8.43E+05,,0.180492348,0.270993644,0.333960955
10.78711244,7.06E-07,8.37E-13,8.43E+05,,0.180493371,0.270993644,0.33395718
10.78725532,7.06E-07,8.37E-13,8.43E+05,,0.180494394,0.270993644,0.333953405
10.7873982,7.05E-07,8.37E-13,8.42E+05,,0.180495417,0.270993644,0.33394963
10.78754108,7.05E-07,8.37E-13,8.42E+05,,0.18049644,0.270993644,0.333945855
10.78768395,7.05E-07,8.37E-13,8.42E+05,,0.180497463,0.270993644,0.33394208
10.78782683,7.05E-07,8.37E-13,8.42E+05,,0.180498486,0.270993644,0.333938305
10.78796971,7.05E-07,8.37E-13,8.42E+05,,0.180499509,0.270993644,0.33393453
10.78811259,7.05E-07,8.37E-13,8.42E+05,,0.180500532,0.270993644,0.333930755
10.78825547,7.05E-07,8.37E-13,8.42E+05,,0.180501555,0.270993644,0.33392698
10.78839834,7.05E-07,8.37E-13,8.42E+05,,0.180502578,0.270993644,0.333923205
10.78854122,7.05E-07,8.37E-13,8.42E+05,,0.180503601,0.270993644,0.33391943
10.7886841,7.05E-07,8.37E-13,8.42E+05,,0.180504624,0.270993644,0.333915655
10.78882698,7.04E-07,8.37E-13,8.41E+05,,0.180505647,0.270993644,0.33391188
10.78896985,7.04E-07,8.37E-13,8.41E+05,,0.180506671,0.270993644,0.333908101
10.78911273,7.04E-07,8.37E-13,8.41E+05,,0.180507694,0.270993644,0.333904326
10.78925561,7.04E-07,8.37E-13,8.41E+05,,0.180508717,0.270993644,0.333900551
10.78939849,7.04E-07,8.37E-13,8.41E+05,,0.18050974,0.270993644,0.333896776
10.78954136,7.04E-07,8.37E-13,8.41E+05,,0.180510763,0.270993644,0.333893001
10.78968424,7.04E-07,8.37E-13,8.41E+05,,0.180511786,0.270993644,0.333889226
10.78982712,7.04E-07,8.37E-13,8.41E+05,,0.180512809,0.270993644,0.333885451
10.78997,7.04E-07,8.37E-13,8.41E+05,,0.180513832,0.270993644,0.333881676
10.79011287,7.04E-07,8.37E-13,8.41E+05,,0.180514855,0.270993644,0.333877901
10.79025575,7.04E-07,8.37E-13,8.41E+05,,0.180515878,0.270993644,0.333874126
10.79039863,7.03E-07,8.37E-13,8.39E+05,,0.180516901,0.270993644,0.333870351
10.79054151,7.03E-07,8.37E-13,8.39E+05,,0.180517924,0.270993644,0.333866576
10.79068438,7.03E-07,8.37E-13,8.39E+05,,0.180518947,0.270993644,0.333862801
10.79082726,7.03E-07,8.37E-13,8.39E+05,,0.18051997,0.270993644,0.333859026
10.79097014,7.03E-07,8.37E-13,8.39E+05,,0.180520993,0.270993644,0.333855251
10.79111302,7.03E-07,8.37E-13,8.39E+05,,0.180522016,0.270993644,0.333851476
10.79125589,7.03E-07,8.37E-13,8.39E+05,,0.18052304,0.270993644,0.333847698
10.79139877,7.03E-07,8.37E-13,8.39E+05,,0.180524063,0.270993644,0.333843923
10.79154165,7.03E-07,8.37E-13,8.39E+05,,0.180525086,0.270993644,0.333840148
10.79168453,7.03E-07,8.37E-13,8.39E+05,,0.180526109,0.270993644,0.333836373
10.7918274,7.02E-07,8.37E-13,8.38E+05,,0.180527132,0.270993644,0.333832598
10.79197028,7.02E-07,8.37E-13,8.38E+05,,0.180528155,0.270993644,0.333828823
10.79211316,7.02E-07,8.37E-13,8.38E+05,,0.180529178,0.270993644,0.333825048
10.79225604,7.02E-07,8.37E-13,8.38E+05,,0.180530201,0.270993644,0.333821273
10.79239891,7.02E-07,8.37E-13,8.38E+05,,0.180531224,0.270993644,0.333817498
10.79254179,7.02E-07,8.37E-13,8.38E+05,,0.180532247,0.270993644,0.333813723
10.79268467,7.02E-07,8.37E-13,8.38E+05,,0.18053327,0.270993644,0.333809948
10.79282755,7.02E-07,8.37E-13,8.38E+05,,0.180534293,0.270993644,0.333806173
10.79297042,7.02E-07,8.37E-13,8.38E+05,,0.180535316,0.270993644,0.333802398
10.7931133,7.02E-07,8.37E-13,8.38E+05,,0.180536339,0.270993644,0.333798623
10.79325618,7.02E-07,8.37E-13,8.38E+05,,0.180537362,0.270993644,0.333794848
10.79339906,7.01E-07,8.37E-13,8.37E+05,,0.180538385,0.270993644,0.333791073
10.79354193,7.01E-07,8.37E-13,8.37E+05,,0.180539409,0.270993644,0.333787294
10.79368481,7.01E-07,8.37E-13,8.37E+05,,0.180540432,0.270993644,0.333783519
10.79382769,7.01E-07,8.37E-13,8.37E+05,,0.180541455,0.270993644,0.333779744
10.79397057,7.01E-07,8.37E-13,8.37E+05,,0.180542478,0.270993644,0.333775969
10.79411344,7.01E-07,8.37E-13,8.37E+05,,0.180543501,0.270993644,0.333772194
10.79425632,7.01E-07,8.37E-13,8.37E+05,,0.180544524,0.270993644,0.333768419
10.7943992,7.01E-07,8.37E-13,8.37E+05,,0.180545547,0.270993644,0.333764644
10.79454208,7.01E-07,8.37E-13,8.37E+05,,0.18054657,0.270993644,0.333760869
10.79468495,7.01E-07,8.37E-13,8.37E+05,,0.180547593,0.270993644,0.333757094
10.79482783,7.00E-07,8.37E-13,8.36E+05,,0.180548616,0.270993644,0.333753319
10.79497071,7.00E-07,8.37E-13,8.36E+05,,0.180549639,0.270993644,0.333749544
10.79511359,7.00E-07,8.37E-13,8.36E+05,,0.180550662,0.270993644,0.333745769
10.79525647,7.00E-07,8.37E-13,8.36E+05,,0.180551685,0.270993644,0.333741994
10.79539934,7.00E-07,8.37E-13,8.36E+05,,0.180552708,0.270993644,0.333738219
10.79554222,7.00E-07,8.37E-13,8.36E+05,,0.180553731,0.270993644,0.333734444
10.7956851,7.00E-07,8.37E-13,8.36E+05,,0.180554754,0.270993644,0.333730669
10.79582798,7.00E-07,8.37E-13,8.36E+05,,0.180555778,0.270993644,0.333726891
10.79597085,7.00E-07,8.37E-13,8.36E+05,,0.180556801,0.270993644,0.333723116
10.79611373,7.00E-07,8.37E-13,8.36E+05,,0.180557824,0.270993644,0.333719341
10.79625661,7.00E-07,8.37E-13,8.36E+05,,0.180558847,0.270993644,0.333715566
10.79639949,6.99E-07,8.37E-13,8.35E+05,,0.18055987,0.270993644,0.333711791
10.79654236,6.99E-07,8.37E-13,8.35E+05,,0.180560893,0.270993644,0.333708016
10.79668524,6.99E-07,8.37E-13,8.35E+05,,0.180561916,0.270993644,0.333704241
10.79682812,6.99E-07,8.37E-13,8.35E+05,,0.180562939,0.270993644,0.333700466
10.796971,6.99E-07,8.37E-13,8.35E+05,,0.180563962,0.270993644,0.333696691
10.79711387,6.99E-07,8.37E-13,8.35E+05,,0.180564985,0.270993644,0.333692916
10.79725675,6.99E-07,8.37E-13,8.35E+05,,0.180566008,0.270993644,0.333689141
10.79739963,6.99E-07,8.37E-13,8.35E+05,,0.180567031,0.270993644,0.333685366
10.79754251,6.99E-07,8.37E-13,8.35E+05,,0.180568054,0.270993644,0.333681591
10.79768538,6.99E-07,8.37E-13,8.35E+05,,0.180569077,0.270993644,0.333677816
10.79782826,6.98E-07,8.37E-13,8.33E+05,,0.1805701,0.270993644,0.333674041
10.79797114,6.98E-07,8.37E-13,8.33E+05,,0.180571124,0.270993644,0.333670262
10.79811402,6.98E-07,8.37E-13,8.33E+05,,0.180572147,0.270993644,0.333666487
10.79825689,6.98E-07,8.37E-13,8.33E+05,,0.18057317,0.270993644,0.333662712
10.79839977,6.98E-07,8.37E-13,8.33E+05,,0.180574193,0.270993644,0.333658937
10.79854265,6.98E-07,8.37E-13,8.33E+05,,0.180575216,0.270993644,0.333655162
10.79868553,6.98E-07,8.37E-13,8.33E+05,,0.180576239,0.270993644,0.333651387
10.7988284,6.98E-07,8.37E-13,8.33E+05,,0.180577262,0.270993644,0.333647612
10.79897128,6.98E-07,8.37E-13,8.33E+05,,0.180578285,0.270993644,0.333643837
10.79911416,6.98E-07,8.37E-13,8.33E+05,,0.180579308,0.270993644,0.333640062
10.79925704,6.97E-07,8.37E-13,8.32E+05,,0.180580331,0.270993644,0.333636287
10.79939991,6.97E-07,8.37E-13,8.32E+05,,0.180581354,0.270993644,0.333632512
10.79954279,6.97E-07,8.37E-13,8.32E+05,,0.180582377,0.270993644,0.333628737
10.79968567,6.97E-07,8.37E-13,8.32E+05,,0.1805834,0.270993644,0.333624962
10.79982855,6.97E-07,8.37E-13,8.32E+05,,0.180584423,0.270993644,0.333621187
10.79997142,6.97E-07,8.37E-13,8.32E+05,,0.180585446,0.270993644,0.333617412
10.8001143,6.97E-07,8.37E-13,8.32E+05,,0.180586465,0.270993644,0.333613652
10.80025718,6.97E-07,8.37E-13,8.32E+05,,0.180587483,0.270993644,0.333609895
10.80040006,6.97E-07,8.37E-13,8.32E+05,,0.180588501,0.270993644,0.333606139
10.80054293,6.97E-07,8.37E-13,8.32E+05,,0.180589519,0.270993644,0.333602382
10.80068581,6.97E-07,8.37E-13,8.32E+05,,0.180590536,0.270993644,0.333598629
10.80082869,6.96E-07,8.37E-13,8.31E+05,,0.180591554,0.270993644,0.333594873
10.80097157,6.96E-07,8.37E-13,8.31E+05,,0.180592572,0.270993644,0.333591116
10.80111444,6.96E-07,8.37E-13,8.31E+05,,0.18059359,0.270993644,0.33358736
10.80125732,6.96E-07,8.37E-13,8.31E+05,,0.180594608,0.270993644,0.333583603
10.8014002,6.96E-07,8.37E-13,8.31E+05,,0.180595625,0.270993644,0.33357985
10.80154308,6.96E-07,8.37E-13,8.31E+05,,0.180596643,0.270993644,0.333576094
10.80168596,6.96E-07,8.37E-13,8.31E+05,,0.180597661,0.270993644,0.333572337
10.80182883,6.96E-07,8.37E-13,8.31E+05,,0.180598679,0.270993644,0.333568581
10.80197171,6.96E-07,8.37E-13,8.31E+05,,0.180599697,0.270993644,0.333564824
10.80211459,6.96E-07,8.37E-13,8.31E+05,,0.180600714,0.270993644,0.333561071
10.80225747,6.96E-07,8.37E-13,8.31E+05,,0.180601732,0.270993644,0.333557315
10.80240034,6.96E-07,8.37E-13,8.31E+05,,0.18060275,0.270993644,0.333553558
10.80254322,6.95E-07,8.37E-13,8.30E+05,,0.180603768,0.270993644,0.333549802
10.8026861,6.95E-07,8.37E-13,8.30E+05,,0.180604786,0.270993644,0.333546045
10.80282898,6.95E-07,8.37E-13,8.30E+05,,0.180605803,0.270993644,0.333542292
10.80297185,6.95E-07,8.37E-13,8.30E+05,,0.180606821,0.270993644,0.333538536
10.80311473,6.95E-07,8.37E-13,8.30E+05,,0.180607839,0.270993644,0.333534779
10.80325761,6.95E-07,8.37E-13,8.30E+05,,0.180608857,0.270993644,0.333531022
10.80340049,6.95E-07,8.37E-13,8.30E+05,,0.180609875,0.270993644,0.333527266
10.80354336,6.95E-07,8.37E-13,8.30E+05,,0.180610892,0.270993644,0.333523513
10.80368624,6.95E-07,8.37E-13,8.30E+05,,0.18061191,0.270993644,0.333519757
10.80382912,6.95E-07,8.37E-13,8.30E+05,,0.180612928,0.270993644,0.333516
10.803972,6.95E-07,8.37E-13,8.30E+05,,0.180613946,0.270993644,0.333512243
10.80411487,6.94E-07,8.37E-13,8.29E+05,,0.180614964,0.270993644,0.333508487
10.80425775,6.94E-07,8.37E-13,8.29E+05,,0.180615981,0.270993644,0.333504734
10.80440063,6.94E-07,8.37E-13,8.29E+05,,0.180616999,0.270993644,0.333500977
10.80454351,6.94E-07,8.37E-13,8.29E+05,,0.180618017,0.270993644,0.333497221
10.80468638,6.94E-07,8.37E-13,8.29E+05,,0.180619035,0.270993644,0.333493464
10.80482926,6.94E-07,8.37E-13,8.29E+05,,0.180620053,0.270993644,0.333489708
10.80497214,6.94E-07,8.37E-13,8.29E+05,,0.18062107,0.270993644,0.333485955
10.80511502,6.94E-07,8.37E-13,8.29E+05,,0.180622088,0.270993644,0.333482198
10.80525789,6.94E-07,8.37E-13,8.29E+05,,0.180623106,0.270993644,0.333478442
10.80540077,6.94E-07,8.37E-13,8.29E+05,,0.180624124,0.270993644,0.333474685
10.80554365,6.94E-07,8.37E-13,8.29E+05,,0.180625142,0.270993644,0.333470929
10.80568653,6.94E-07,8.37E-13,8.29E+05,,0.180626159,0.270993644,0.333467176
10.8058294,6.93E-07,8.37E-13,8.27E+05,,0.180627177,0.270993644,0.333463419
10.80597228,6.93E-07,8.37E-13,8.27E+05,,0.180628195,0.270993644,0.333459663
10.80611516,6.93E-07,8.37E-13,8.27E+05,,0.180629213,0.270993644,0.333455906
10.80625804,6.93E-07,8.37E-13,8.27E+05,,0.180630231,0.270993644,0.33345215
10.80640091,6.93E-07,8.37E-13,8.27E+05,,0.180631248,0.270993644,0.333448397
10.80654379,6.93E-07,8.37E-13,8.27E+05,,0.180632266,0.270993644,0.33344464
10.80668667,6.93E-07,8.37E-13,8.27E+05,,0.180633284,0.270993644,0.333440884
10.80682955,6.93E-07,8.37E-13,8.27E+05,,0.180634302,0.270993644,0.333437127
10.80697242,6.93E-07,8.37E-13,8.27E+05,,0.18063532,0.270993644,0.333433371
10.8071153,6.93E-07,8.37E-13,8.27E+05,,0.180636337,0.270993644,0.333429618
10.80725818,6.93E-07,8.37E-13,8.27E+05,,0.180637355,0.270993644,0.333425861
10.80740106,6.92E-07,8.37E-13,8.26E+05,,0.180638373,0.270993644,0.333422105
10.80754393,6.92E-07,8.37E-13,8.26E+05,,0.180639391,0.270993644,0.333418348
10.80768681,6.92E-07,8.37E-13,8.26E+05,,0.180640409,0.270993644,0.333414592
10.80782969,6.92E-07,8.37E-13,8.26E+05,,0.180641426,0.270993644,0.333410839
10.80797257,6.92E-07,8.37E-13,8.26E+05,,0.180642444,0.270993644,0.333407082
10.80811545,6.92E-07,8.37E-13,8.26E+05,,0.180643462,0.270993644,0.333403326
10.80825832,6.92E-07,8.37E-13,8.26E+05,,0.18064448,0.270993644,0.333399569
10.8084012,6.92E-07,8.37E-13,8.26E+05,,0.180645498,0.270993644,0.333395813
10.80854408,6.92E-07,8.37E-13,8.26E+05,,0.180646515,0.270993644,0.33339206
10.80868696,6.92E-07,8.37E-13,8.26E+05,,0.180647533,0.270993644,0.333388303
10.80882983,6.92E-07,8.37E-13,8.26E+05,,0.180648551,0.270993644,0.333384547
10.80897271,6.92E-07,8.37E-13,8.26E+05,,0.180649569,0.270993644,0.33338079
10.80911559,6.91E-07,8.37E-13,8.25E+05,,0.180650587,0.270993644,0.333377034
10.80925847,6.91E-07,8.37E-13,8.25E+05,,0.180651604,0.270993644,0.333373281
10.80940134,6.91E-07,8.37E-13,8.25E+05,,0.180652622,0.270993644,0.333369524
10.80954422,6.91E-07,8.37E-13,8.25E+05,,0.18065364,0.270993644,0.333365768
10.8096871,6.91E-07,8.37E-13,8.25E+05,,0.180654658,0.270993644,0.333362011
10.80982998,6.91E-07,8.37E-13,8.25E+05,,0.180655676,0.270993644,0.333358255
10.80997285,6.91E-07,8.37E-13,8.25E+05,,0.180656693,0.270993644,0.333354502
10.81011573,6.91E-07,8.37E-13,8.25E+05,,0.180657711,0.270993644,0.333350745
10.81025861,6.91E-07,8.37E-13,8.25E+05,,0.180658729,0.270993644,0.333346989
10.81040149,6.91E-07,8.37E-13,8.25E+05,,0.180659747,0.270993644,0.333343232
10.81054436,6.91E-07,8.37E-13,8.25E+05,,0.180660765,0.270993644,0.333339476
10.81068724,6.90E-07,8.37E-13,8.24E+05,,0.180661782,0.270993644,0.333335723
10.81083012,6.90E-07,8.37E-13,8.24E+05,,0.1806628,0.270993644,0.333331966
10.810973,6.90E-07,8.37E-13,8.24E+05,,0.180663818,0.270993644,0.33332821
10.81111587,6.90E-07,8.37E-13,8.24E+05,,0.180664836,0.270993644,0.333324453
10.81125875,6.90E-07,8.37E-13,8.24E+05,,0.180665854,0.270993644,0.333320697
10.81140163,6.90E-07,8.37E-13,8.24E+05,,0.180666871,0.270993644,0.333316944
10.81154451,6.90E-07,8.37E-13,8.24E+05,,0.180667889,0.270993644,0.333313187
10.81168738,6.90E-07,8.37E-13,8.24E+05,,0.180668907,0.270993644,0.333309431
10.81183026,6.90E-07,8.37E-13,8.24E+05,,0.180669925,0.270993644,0.333305674
10.81197314,6.90E-07,8.37E-13,8.24E+05,,0.180670943,0.270993644,0.333301917
10.81211602,6.90E-07,8.37E-13,8.24E+05,,0.18067196,0.270993644,0.333298165
10.81225889,6.90E-07,8.37E-13,8.24E+05,,0.180672978,0.270993644,0.333294408
10.81240177,6.89E-07,8.37E-13,8.23E+05,,0.180673996,0.270993644,0.333290652
10.81254465,6.89E-07,8.37E-13,8.23E+05,,0.180675014,0.270993644,0.333286895
10.81268753,6.89E-07,8.37E-13,8.23E+05,,0.180676032,0.270993644,0.333283138
10.8128304,6.89E-07,8.37E-13,8.23E+05,,0.180677049,0.270993644,0.333279386
10.81297328,6.89E-07,8.37E-13,8.23E+05,,0.180678067,0.270993644,0.333275629
10.81311616,6.89E-07,8.37E-13,8.23E+05,,0.180679085,0.270993644,0.333271872
10.81325904,6.89E-07,8.37E-13,8.23E+05,,0.180680103,0.270993644,0.333268116
10.81340191,6.89E-07,8.37E-13,8.23E+05,,0.180681121,0.270993644,0.333264359
10.81354479,6.89E-07,8.37E-13,8.23E+05,,0.180682138,0.270993644,0.333260607
10.81368767,6.89E-07,8.37E-13,8.23E+05,,0.180683156,0.270993644,0.33325685
10.81383055,6.89E-07,8.37E-13,8.23E+05,,0.180684174,0.270993644,0.333253093
10.81397342,6.88E-07,8.37E-13,8.22E+05,,0.180685192,0.270993644,0.333249337
10.8141163,6.88E-07,8.37E-13,8.22E+05,,0.18068621,0.270993644,0.33324558
10.81425918,6.88E-07,8.37E-13,8.22E+05,,0.180687227,0.270993644,0.333241828
10.81440206,6.88E-07,8.37E-13,8.22E+05,,0.180688245,0.270993644,0.333238071
10.81454493,6.88E-07,8.37E-13,8.22E+05,,0.180689263,0.270993644,0.333234314
10.81468781,6.88E-07,8.37E-13,8.22E+05,,0.180690281,0.270993644,0.333230558
10.81483069,6.88E-07,8.37E-13,8.22E+05,,0.180691299,0.270993644,0.333226801
10.81497357,6.88E-07,8.37E-13,8.22E+05,,0.180692316,0.270993644,0.333223048
10.81511645,6.88E-07,8.37E-13,8.22E+05,,0.180693334,0.270993644,0.333219292
10.81525932,6.88E-07,8.37E-13,8.22E+05,,0.180694352,0.270993644,0.333215535
10.8154022,6.88E-07,8.37E-13,8.22E+05,,0.18069537,0.270993644,0.333211779
10.81554508,6.88E-07,8.37E-13,8.22E+05,,0.180696388,0.270993644,0.333208022
10.81568796,6.87E-07,8.37E-13,8.20E+05,,0.180697405,0.270993644,0.333204269
10.81583083,6.87E-07,8.37E-13,8.20E+05,,0.180698423,0.270993644,0.333200513
10.81597371,6.87E-07,8.37E-13,8.20E+05,,0.180699441,0.270993644,0.333196756
10.81611659,6.87E-07,8.37E-13,8.20E+05,,0.180700459,0.270993644,0.333193
10.81625947,6.87E-07,8.37E-13,8.20E+05,,0.180701477,0.270993644,0.333189243
10.81640234,6.87E-07,8.37E-13,8.20E+05,,0.180702494,0.270993644,0.33318549
10.81654522,6.87E-07,8.37E-13,8.20E+05,,0.180703512,0.270993644,0.333181734
10.8166881,6.87E-07,8.37E-13,8.20E+05,,0.18070453,0.270993644,0.333177977
10.81683098,6.87E-07,8.37E-13,8.20E+05,,0.180705548,0.270993644,0.333174221
10.81697385,6.87E-07,8.37E-13,8.20E+05,,0.180706566,0.270993644,0.333170464
10.81711673,6.87E-07,8.37E-13,8.20E+05,,0.180707583,0.270993644,0.333166711
10.81725961,6.86E-07,8.37E-13,8.19E+05,,0.180708601,0.270993644,0.333162955
10.81740249,6.86E-07,8.37E-13,8.19E+05,,0.180709619,0.270993644,0.333159198
10.81754536,6.86E-07,8.37E-13,8.19E+05,,0.180710637,0.270993644,0.333155442
10.81768824,6.86E-07,8.37E-13,8.19E+05,,0.180711655,0.270993644,0.333151685
10.81783112,6.86E-07,8.37E-13,8.19E+05,,0.180712672,0.270993644,0.333147932
10.817974,6.86E-07,8.37E-13,8.19E+05,,0.18071369,0.270993644,0.333144176
10.81811687,6.86E-07,8.37E-13,8.19E+05,,0.180714708,0.270993644,0.333140419
10.81825975,6.86E-07,8.37E-13,8.19E+05,,0.180715726,0.270993644,0.333136663
10.81840263,6.86E-07,8.37E-13,8.19E+05,,0.180716744,0.270993644,0.333132906
10.81854551,6.86E-07,8.37E-13,8.19E+05,,0.180717761,0.270993644,0.333129153
10.81868838,6.86E-07,8.37E-13,8.19E+05,,0.180718779,0.270993644,0.333125397
10.81883126,6.86E-07,8.37E-13,8.19E+05,,0.180719797,0.270993644,0.33312164
10.81897414,6.85E-07,8.37E-13,8.18E+05,,0.180720815,0.270993644,0.333117884
10.81911702,6.85E-07,8.37E-13,8.18E+05,,0.180721833,0.270993644,0.333114127
10.81925989,6.85E-07,8.37E-13,8.18E+05,,0.18072285,0.270993644,0.333110374
10.81940277,6.85E-07,8.37E-13,8.18E+05,,0.180723868,0.270993644,0.333106618
10.81954565,6.85E-07,8.37E-13,8.18E+05,,0.180724886,0.270993644,0.333102861
10.81968853,6.85E-07,8.37E-13,8.18E+05,,0.180725904,0.270993644,0.333099105
10.8198314,6.85E-07,8.37E-13,8.18E+05,,0.180726922,0.270993644,0.333095348
10.81997428,6.85E-07,8.37E-13,8.18E+05,,0.180727939,0.270993644,0.333091595
10.82011716,6.85E-07,8.37E-13,8.18E+05,,0.180728957,0.270993644,0.333087839
10.82026004,6.85E-07,8.37E-13,8.18E+05,,0.180729975,0.270993644,0.333084082
10.82040291,6.85E-07,8.37E-13,8.18E+05,,0.180730993,0.270993644,0.333080326
10.82054579,6.84E-07,8.37E-13,8.17E+05,,0.180732011,0.270993644,0.333076569
10.82068867,6.84E-07,8.37E-13,8.17E+05,,0.180733028,0.270993644,0.333072816
10.82083155,6.84E-07,8.37E-13,8.17E+05,,0.180734046,0.270993644,0.33306906
10.82097442,6.84E-07,8.37E-13,8.17E+05,,0.180735064,0.270993644,0.333065303
10.8211173,6.84E-07,8.37E-13,8.17E+05,,0.180736082,0.270993644,0.333061547
10.82126018,6.84E-07,8.37E-13,8.17E+05,,0.1807371,0.270993644,0.33305779
10.82140306,6.84E-07,8.37E-13,8.17E+05,,0.180738117,0.270993644,0.333054037
10.82154594,6.84E-07,8.37E-13,8.17E+05,,0.180739135,0.270993644,0.333050281
10.82168881,6.84E-07,8.37E-13,8.17E+05,,0.180740153,0.270993644,0.333046524
10.82183169,6.84E-07,8.37E-13,8.17E+05,,0.180741171,0.270993644,0.333042767
10.82197457,6.84E-07,8.37E-13,8.17E+05,,0.180742189,0.270993644,0.333039011
10.82211745,6.84E-07,8.37E-13,8.17E+05,,0.180743206,0.270993644,0.333035258
10.82226032,6.83E-07,8.37E-13,8.16E+05,,0.180744224,0.270993644,0.333031502
10.8224032,6.83E-07,8.37E-13,8.16E+05,,0.180745242,0.270993644,0.333027745
10.82254608,6.83E-07,8.37E-13,8.16E+05,,0.18074626,0.270993644,0.333023988
10.82268896,6.83E-07,8.37E-13,8.16E+05,,0.180747278,0.270993644,0.333020232
10.82283183,6.83E-07,8.37E-13,8.16E+05,,0.180748295,0.270993644,0.333016479
10.82297471,6.83E-07,8.37E-13,8.16E+05,,0.180749313,0.270993644,0.333012722
10.82311759,6.83E-07,8.37E-13,8.16E+05,,0.180750331,0.270993644,0.333008966
10.82326047,6.83E-07,8.37E-13,8.16E+05,,0.180751349,0.270993644,0.333005209
10.82340334,6.83E-07,8.37E-13,8.16E+05,,0.180752367,0.270993644,0.333001453
10.82354622,6.83E-07,8.37E-13,8.16E+05,,0.180753384,0.270993644,0.3329977
10.8236891,6.83E-07,8.37E-13,8.16E+05,,0.180754402,0.270993644,0.332993943
10.82383198,6.82E-07,8.37E-13,8.14E+05,,0.18075542,0.270993644,0.332990187
10.82397485,6.82E-07,8.37E-13,8.14E+05,,0.180756438,0.270993644,0.33298643
10.82411773,6.82E-07,8.37E-13,8.14E+05,,0.180757456,0.270993644,0.332982674
10.82426061,6.82E-07,8.37E-13,8.14E+05,,0.180758473,0.270993644,0.332978921
10.82440349,6.82E-07,8.37E-13,8.14E+05,,0.180759491,0.270993644,0.332975164
10.82454636,6.82E-07,8.37E-13,8.14E+05,,0.180760509,0.270993644,0.332971408
10.82468924,6.82E-07,8.37E-13,8.14E+05,,0.180761527,0.270993644,0.332967651
10.82483212,6.82E-07,8.37E-13,8.14E+05,,0.180762545,0.270993644,0.332963895
10.824975,6.82E-07,8.37E-13,8.14E+05,,0.180763562,0.270993644,0.332960142
10.82511787,6.82E-07,8.37E-13,8.14E+05,,0.18076458,0.270993644,0.332956385
10.82526075,6.82E-07,8.37E-13,8.14E+05,,0.180765598,0.270993644,0.332952629
10.82540363,6.82E-07,8.37E-13,8.14E+05,,0.180766616,0.270993644,0.332948872
10.82554651,6.81E-07,8.37E-13,8.13E+05,,0.180767634,0.270993644,0.332945116
10.82568938,6.81E-07,8.37E-13,8.13E+05,,0.180768651,0.270993644,0.332941363
10.82583226,6.81E-07,8.37E-13,8.13E+05,,0.180769669,0.270993644,0.332937606
10.82597514,6.81E-07,8.37E-13,8.13E+05,,0.180770687,0.270993644,0.33293385
10.82611802,6.81E-07,8.37E-13,8.13E+05,,0.180771705,0.270993644,0.332930093
10.82626089,6.81E-07,8.37E-13,8.13E+05,,0.180772723,0.270993644,0.332926337
10.82640377,6.81E-07,8.37E-13,8.13E+05,,0.18077374,0.270993644,0.332922584
10.82654665,6.81E-07,8.37E-13,8.13E+05,,0.180774758,0.270993644,0.332918827
10.82668953,6.81E-07,8.37E-13,8.13E+05,,0.180775776,0.270993644,0.332915071
10.8268324,6.81E-07,8.37E-13,8.13E+05,,0.180776794,0.270993644,0.332911314
10.82697528,6.81E-07,8.37E-13,8.13E+05,,0.180777812,0.270993644,0.332907558
10.82711816,6.80E-07,8.37E-13,8.12E+05,,0.180778829,0.270993644,0.332903805
10.82726104,6.80E-07,8.37E-13,8.12E+05,,0.180779847,0.270993644,0.332900048
10.82740391,6.80E-07,8.37E-13,8.12E+05,,0.180780865,0.270993644,0.332896292
10.82754679,6.80E-07,8.37E-13,8.12E+05,,0.180781883,0.270993644,0.332892535
10.82768967,6.80E-07,8.37E-13,8.12E+05,,0.180782901,0.270993644,0.332888779
10.82783255,6.80E-07,8.37E-13,8.12E+05,,0.180783918,0.270993644,0.332885026
10.82797543,6.80E-07,8.37E-13,8.12E+05,,0.180784936,0.270993644,0.332881269
10.8281183,6.80E-07,8.37E-13,8.12E+05,,0.180785954,0.270993644,0.332877513
10.82826118,6.80E-07,8.37E-13,8.12E+05,,0.180786972,0.270993644,0.332873756
10.82840406,6.80E-07,8.37E-13,8.12E+05,,0.18078799,0.270993644,0.33287
10.82854694,6.80E-07,8.37E-13,8.12E+05,,0.180789007,0.270993644,0.332866247
10.82868981,6.79E-07,8.37E-13,8.11E+05,,0.180790025,0.270993644,0.33286249
10.82883269,6.79E-07,8.37E-13,8.11E+05,,0.180791043,0.270993644,0.332858734
10.82897557,6.79E-07,8.37E-13,8.11E+05,,0.180792061,0.270993644,0.332854977
10.82911845,6.79E-07,8.37E-13,8.11E+05,,0.180793079,0.270993644,0.332851221
10.82926132,6.79E-07,8.37E-13,8.11E+05,,0.180794096,0.270993644,0.332847468
10.8294042,6.79E-07,8.37E-13,8.11E+05,,0.180795114,0.270993644,0.332843711
10.82954708,6.79E-07,8.37E-13,8.11E+05,,0.180796132,0.270993644,0.332839955
10.82968996,6.79E-07,8.37E-13,8.11E+05,,0.18079715,0.270993644,0.332836198
10.82983283,6.79E-07,8.37E-13,8.11E+05,,0.180798168,0.270993644,0.332832442
10.82997571,6.79E-07,8.37E-13,8.11E+05,,0.180799185,0.270993644,0.332828689
10.83011859,6.79E-07,8.37E-13,8.11E+05,,0.180800203,0.270993644,0.332824932
10.83026147,6.79E-07,8.37E-13,8.11E+05,,0.180801221,0.270993644,0.332821176
10.83040434,6.78E-07,8.37E-13,8.10E+05,,0.180802239,0.270993644,0.332817419
10.83054722,6.78E-07,8.37E-13,8.10E+05,,0.180803257,0.270993644,0.332813662
10.8306901,6.78E-07,8.37E-13,8.10E+05,,0.180804274,0.270993644,0.33280991
10.83083298,6.78E-07,8.37E-13,8.10E+05,,0.180805292,0.270993644,0.332806153
10.83097585,6.78E-07,8.37E-13,8.10E+05,,0.18080631,0.270993644,0.332802397
10.83111873,6.78E-07,8.37E-13,8.10E+05,,0.180807328,0.270993644,0.33279864
10.83126161,6.78E-07,8.37E-13,8.10E+05,,0.180808346,0.270993644,0.332794883
10.83140449,6.78E-07,8.37E-13,8.10E+05,,0.180809363,0.270993644,0.332791131
10.83154736,6.78E-07,8.37E-13,8.10E+05,,0.180810381,0.270993644,0.332787374
10.83169024,6.78E-07,8.37E-13,8.10E+05,,0.180811399,0.270993644,0.332783617
10.83183312,6.78E-07,8.37E-13,8.10E+05,,0.180812417,0.270993644,0.332779861
10.831976,6.77E-07,8.37E-13,8.08E+05,,0.180813435,0.270993644,0.332776104
10.83211887,6.77E-07,8.37E-13,8.08E+05,,0.180814452,0.270993644,0.332772352
10.83226175,6.77E-07,8.37E-13,8.08E+05,,0.18081547,0.270993644,0.332768595
10.83240463,6.77E-07,8.37E-13,8.08E+05,,0.180816488,0.270993644,0.332764838
10.83254751,6.77E-07,8.37E-13,8.08E+05,,0.180817506,0.270993644,0.332761082
10.83269038,6.77E-07,8.37E-13,8.08E+05,,0.180818524,0.270993644,0.332757325
10.83283326,6.77E-07,8.37E-13,8.08E+05,,0.180819541,0.270993644,0.332753573
10.83297614,6.77E-07,8.37E-13,8.08E+05,,0.180820559,0.270993644,0.332749816
10.83311902,6.77E-07,8.37E-13,8.08E+05,,0.180821577,0.270993644,0.332746059
10.83326189,6.77E-07,8.37E-13,8.08E+05,,0.180822595,0.270993644,0.332742303
10.83340477,6.77E-07,8.37E-13,8.08E+05,,0.180823613,0.270993644,0.332738546
10.83354765,6.77E-07,8.37E-13,8.08E+05,,0.18082463,0.270993644,0.332734793
10.83369053,6.76E-07,8.37E-13,8.07E+05,,0.180825648,0.270993644,0.332731037
10.8338334,6.76E-07,8.37E-13,8.07E+05,,0.180826666,0.270993644,0.33272728
10.83397628,6.76E-07,8.37E-13,8.07E+05,,0.180827684,0.270993644,0.332723524
10.83411916,6.76E-07,8.37E-13,8.07E+05,,0.180828702,0.270993644,0.332719767
10.83426204,6.76E-07,8.37E-13,8.07E+05,,0.180829719,0.270993644,0.332716014
10.83440491,6.76E-07,8.37E-13,8.07E+05,,0.180830737,0.270993644,0.332712258
10.83454779,6.76E-07,8.37E-13,8.07E+05,,0.180831755,0.270993644,0.332708501
10.83469067,6.76E-07,8.37E-13,8.07E+05,,0.180832773,0.270993644,0.332704745
10.83483355,6.76E-07,8.37E-13,8.07E+05,,0.180833791,0.270993644,0.332700988
10.83497643,6.76E-07,8.37E-13,8.07E+05,,0.180834808,0.270993644,0.332697235
10.8351193,6.76E-07,8.37E-13,8.07E+05,,0.180835826,0.270993644,0.332693479
10.83526218,6.75E-07,8.37E-13,8.06E+05,,0.180836844,0.270993644,0.332689722
10.83540506,6.75E-07,8.37E-13,8.06E+05,,0.180837862,0.270993644,0.332685966
10.83554794,6.75E-07,8.37E-13,8.06E+05,,0.18083888,0.270993644,0.332682209
10.83569081,6.75E-07,8.37E-13,8.06E+05,,0.180839897,0.270993644,0.332678456
10.83583369,6.75E-07,8.37E-13,8.06E+05,,0.180840915,0.270993644,0.3326747
10.83597657,6.75E-07,8.37E-13,8.06E+05,,0.180841933,0.270993644,0.332670943
10.83611945,6.75E-07,8.37E-13,8.06E+05,,0.180842951,0.270993644,0.332667187
10.83626232,6.75E-07,8.37E-13,8.06E+05,,0.180843969,0.270993644,0.33266343
10.8364052,6.75E-07,8.37E-13,8.06E+05,,0.180844986,0.270993644,0.332659677
10.83654808,6.75E-07,8.37E-13,8.06E+05,,0.180846004,0.270993644,0.332655921
10.83669096,6.75E-07,8.37E-13,8.06E+05,,0.180847022,0.270993644,0.332652164
10.83683383,6.75E-07,8.37E-13,8.06E+05,,0.18084804,0.270993644,0.332648408
10.83697671,6.74E-07,8.37E-13,8.05E+05,,0.180849058,0.270993644,0.332644651
10.83711959,6.74E-07,8.37E-13,8.05E+05,,0.180850075,0.270993644,0.332640898
10.83726247,6.74E-07,8.37E-13,8.05E+05,,0.180851093,0.270993644,0.332637142
10.83740534,6.74E-07,8.37E-13,8.05E+05,,0.180852111,0.270993644,0.332633385
10.83754822,6.74E-07,8.37E-13,8.05E+05,,0.180853129,0.270993644,0.332629629
10.8376911,6.74E-07,8.37E-13,8.05E+05,,0.180854147,0.270993644,0.332625872
10.83783398,6.74E-07,8.37E-13,8.05E+05,,0.180855164,0.270993644,0.332622119
10.83797685,6.74E-07,8.37E-13,8.05E+05,,0.180856182,0.270993644,0.332618363
10.83811973,6.74E-07,8.37E-13,8.05E+05,,0.1808572,0.270993644,0.332614606
10.83826261,6.74E-07,8.37E-13,8.05E+05,,0.180858218,0.270993644,0.33261085
10.83840549,6.74E-07,8.37E-13,8.05E+05,,0.180859236,0.270993644,0.332607093
10.83854836,6.73E-07,8.37E-13,8.04E+05,,0.180860253,0.270993644,0.33260334
10.83869124,6.73E-07,8.37E-13,8.04E+05,,0.180861271,0.270993644,0.332599584
10.83883412,6.73E-07,8.37E-13,8.04E+05,,0.180862289,0.270993644,0.332595827
10.838977,6.73E-07,8.37E-13,8.04E+05,,0.180863307,0.270993644,0.332592071
10.83911987,6.73E-07,8.37E-13,8.04E+05,,0.180864325,0.270993644,0.332588314
10.83926275,6.73E-07,8.37E-13,8.04E+05,,0.180865342,0.270993644,0.332584561
10.83940563,6.73E-07,8.37E-13,8.04E+05,,0.18086636,0.270993644,0.332580805
10.83954851,6.73E-07,8.37E-13,8.04E+05,,0.180867378,0.270993644,0.332577048
10.83969138,6.73E-07,8.37E-13,8.04E+05,,0.180868396,0.270993644,0.332573292
10.83983426,6.73E-07,8.37E-13,8.04E+05,,0.180869414,0.270993644,0.332569535
10.83997714,6.73E-07,8.37E-13,8.04E+05,,0.180870431,0.270993644,0.332565782
10.84012002,6.73E-07,8.37E-13,8.04E+05,,0.180871449,0.270993644,0.332562026
10.84026289,6.72E-07,8.37E-13,8.02E+05,,0.180872467,0.270993644,0.332558269
10.84040577,6.72E-07,8.37E-13,8.02E+05,,0.180873485,0.270993644,0.332554512
10.84054865,6.72E-07,8.37E-13,8.02E+05,,0.180874503,0.270993644,0.332550756
10.84069153,6.72E-07,8.37E-13,8.02E+05,,0.18087552,0.270993644,0.332547003
10.8408344,6.72E-07,8.37E-13,8.02E+05,,0.180876538,0.270993644,0.332543247
10.84097728,6.72E-07,8.37E-13,8.02E+05,,0.180877556,0.270993644,0.33253949
10.84112016,6.72E-07,8.37E-13,8.02E+05,,0.180878574,0.270993644,0.332535733
10.84126304,6.72E-07,8.37E-13,8.02E+05,,0.180879592,0.270993644,0.332531977
10.84140592,6.72E-07,8.37E-13,8.02E+05,,0.180880609,0.270993644,0.332528224
10.84154879,6.72E-07,8.37E-13,8.02E+05,,0.180881627,0.270993644,0.332524468
10.84169167,6.72E-07,8.37E-13,8.02E+05,,0.180882645,0.270993644,0.332520711
10.84183455,6.71E-07,8.37E-13,8.01E+05,,0.180883663,0.270993644,0.332516954
10.84197743,6.71E-07,8.37E-13,8.01E+05,,0.180884681,0.270993644,0.332513198
10.8421203,6.71E-07,8.37E-13,8.01E+05,,0.180885698,0.270993644,0.332509445
10.84226318,6.71E-07,8.37E-13,8.01E+05,,0.180886716,0.270993644,0.332505688
10.84240606,6.71E-07,8.37E-13,8.01E+05,,0.180887734,0.270993644,0.332501932
10.84254894,6.71E-07,8.37E-13,8.01E+05,,0.180888752,0.270993644,0.332498175
10.84269181,6.71E-07,8.37E-13,8.01E+05,,0.18088977,0.270993644,0.332494419
10.84283469,6.71E-07,8.37E-13,8.01E+05,,0.180890787,0.270993644,0.332490666
10.84297757,6.71E-07,8.37E-13,8.01E+05,,0.180891805,0.270993644,0.332486909
10.84312045,6.71E-07,8.37E-13,8.01E+05,,0.180892823,0.270993644,0.332483153
10.84326332,6.71E-07,8.37E-13,8.01E+05,,0.180893841,0.270993644,0.332479396
10.8434062,6.71E-07,8.37E-13,8.01E+05,,0.180894859,0.270993644,0.33247564
10.84354908,6.70E-07,8.37E-13,8.00E+05,,0.180895876,0.270993644,0.332471887
10.84369196,6.70E-07,8.37E-13,8.00E+05,,0.180896894,0.270993644,0.33246813
10.84383483,6.70E-07,8.37E-13,8.00E+05,,0.180897912,0.270993644,0.332464374
10.84397771,6.70E-07,8.37E-13,8.00E+05,,0.18089893,0.270993644,0.332460617
10.84412059,6.70E-07,8.37E-13,8.00E+05,,0.180899948,0.270993644,0.332456861
10.84426347,6.70E-07,8.37E-13,8.00E+05,,0.180900965,0.270993644,0.332453108
10.84440634,6.70E-07,8.37E-13,8.00E+05,,0.180901983,0.270993644,0.332449351
10.84454922,6.70E-07,8.37E-13,8.00E+05,,0.180903001,0.270993644,0.332445595
10.8446921,6.70E-07,8.37E-13,8.00E+05,,0.180904019,0.270993644,0.332441838
10.84483498,6.70E-07,8.37E-13,8.00E+05,,0.180905037,0.270993644,0.332438082
10.84497785,6.70E-07,8.37E-13,8.00E+05,,0.180906054,0.270993644,0.332434329
10.84512073,6.69E-07,8.37E-13,7.99E+05,,0.180907072,0.270993644,0.332430572
10.84526361,6.69E-07,8.37E-13,7.99E+05,,0.18090809,0.270993644,0.332426816
10.84540649,6.69E-07,8.37E-13,7.99E+05,,0.180909108,0.270993644,0.332423059
10.84554936,6.69E-07,8.37E-13,7.99E+05,,0.180910126,0.270993644,0.332419303
10.84569224,6.69E-07,8.37E-13,7.99E+05,,0.180911143,0.270993644,0.33241555
10.84583512,6.69E-07,8.37E-13,7.99E+05,,0.180912161,0.270993644,0.332411793
10.845978,6.69E-07,8.37E-13,7.99E+05,,0.180913179,0.270993644,0.332408037
10.84612087,6.69E-07,8.37E-13,7.99E+05,,0.180914197,0.270993644,0.33240428
10.84626375,6.69E-07,8.37E-13,7.99E+05,,0.180915215,0.270993644,0.332400524
10.84640663,6.69E-07,8.37E-13,7.99E+05,,0.180916232,0.270993644,0.332396771
10.84654951,6.69E-07,8.37E-13,7.99E+05,,0.18091725,0.270993644,0.332393014
10.84669238,6.69E-07,8.37E-13,7.99E+05,,0.180918268,0.270993644,0.332389258
10.84683526,6.68E-07,8.37E-13,7.98E+05,,0.180919286,0.270993644,0.332385501
10.84697814,6.68E-07,8.37E-13,7.98E+05,,0.180920304,0.270993644,0.332381745
10.84712102,6.68E-07,8.37E-13,7.98E+05,,0.180921321,0.270993644,0.332377992
10.84726389,6.68E-07,8.37E-13,7.98E+05,,0.180922339,0.270993644,0.332374235
10.84740677,6.68E-07,8.37E-13,7.98E+05,,0.180923357,0.270993644,0.332370479
10.84754965,6.68E-07,8.37E-13,7.98E+05,,0.180924375,0.270993644,0.332366722
10.84769253,6.68E-07,8.37E-13,7.98E+05,,0.180925393,0.270993644,0.332362966
10.84783541,6.68E-07,8.37E-13,7.98E+05,,0.18092641,0.270993644,0.332359213
10.84797828,6.68E-07,8.37E-13,7.98E+05,,0.180927428,0.270993644,0.332355456
10.84812116,6.68E-07,8.37E-13,7.98E+05,,0.180928446,0.270993644,0.3323517
10.84826404,6.68E-07,8.37E-13,7.98E+05,,0.180929464,0.270993644,0.332347943
10.84840692,6.67E-07,8.37E-13,7.96E+05,,0.180930482,0.270993644,0.332344187
10.84854979,6.67E-07,8.37E-13,7.96E+05,,0.180931499,0.270993644,0.332340434
10.84869267,6.67E-07,8.37E-13,7.96E+05,,0.180932517,0.270993644,0.332336677
10.84883555,6.67E-07,8.37E-13,7.96E+05,,0.180933535,0.270993644,0.332332921
10.84897843,6.67E-07,8.37E-13,7.96E+05,,0.180934553,0.270993644,0.332329164
10.8491213,6.67E-07,8.37E-13,7.96E+05,,0.180935571,0.270993644,0.332325407
10.84926418,6.67E-07,8.37E-13,7.96E+05,,0.180936588,0.270993644,0.332321655
10.84940706,6.67E-07,8.37E-13,7.96E+05,,0.180937606,0.270993644,0.332317898
10.84954994,6.67E-07,8.37E-13,7.96E+05,,0.180938624,0.270993644,0.332314142
10.84969281,6.67E-07,8.37E-13,7.96E+05,,0.180939642,0.270993644,0.332310385
10.84983569,6.67E-07,8.37E-13,7.96E+05,,0.18094066,0.270993644,0.332306628
10.84997857,6.67E-07,8.37E-13,7.96E+05,,0.180941677,0.270993644,0.332302876
10.85012145,6.66E-07,8.37E-13,7.95E+05,,0.180942695,0.270993644,0.332299119
10.85026432,6.66E-07,8.37E-13,7.95E+05,,0.180943713,0.270993644,0.332295363
10.8504072,6.66E-07,8.37E-13,7.95E+05,,0.180944731,0.270993644,0.332291606
10.85055008,6.66E-07,8.37E-13,7.95E+05,,0.180945749,0.270993644,0.332287849
10.85069296,6.66E-07,8.37E-13,7.95E+05,,0.180946766,0.270993644,0.332284097
10.85083583,6.66E-07,8.37E-13,7.95E+05,,0.180947784,0.270993644,0.33228034
10.85097871,6.66E-07,8.37E-13,7.95E+05,,0.180948802,0.270993644,0.332276583
10.85112159,6.66E-07,8.37E-13,7.95E+05,,0.18094982,0.270993644,0.332272827
10.85126447,6.66E-07,8.37E-13,7.95E+05,,0.180950838,0.270993644,0.33226907
10.85140734,6.66E-07,8.37E-13,7.95E+05,,0.180951855,0.270993644,0.332265318
10.85155022,6.66E-07,8.37E-13,7.95E+05,,0.180952873,0.270993644,0.332261561
10.8516931,6.65E-07,8.37E-13,7.94E+05,,0.180953891,0.270993644,0.332257804
10.85183598,6.65E-07,8.37E-13,7.94E+05,,0.180954909,0.270993644,0.332254048
10.85197885,6.65E-07,8.37E-13,7.94E+05,,0.180955927,0.270993644,0.332250291
10.85212173,6.65E-07,8.37E-13,7.94E+05,,0.180956944,0.270993644,0.332246538
10.85226461,6.65E-07,8.37E-13,7.94E+05,,0.180957962,0.270993644,0.332242782
10.85240749,6.65E-07,8.37E-13,7.94E+05,,0.18095898,0.270993644,0.332239025
10.85255036,6.65E-07,8.37E-13,7.94E+05,,0.180959998,0.270993644,0.332235269
10.85269324,6.65E-07,8.37E-13,7.94E+05,,0.180961016,0.270993644,0.332231512
10.85283612,6.65E-07,8.37E-13,7.94E+05,,0.180962033,0.270993644,0.332227759
10.852979,6.65E-07,8.37E-13,7.94E+05,,0.180963051,0.270993644,0.332224003
10.85312187,6.65E-07,8.37E-13,7.94E+05,,0.180964069,0.270993644,0.332220246
10.85326475,6.65E-07,8.37E-13,7.94E+05,,0.180965087,0.270993644,0.33221649
10.85340763,6.64E-07,8.37E-13,7.93E+05,,0.180966105,0.270993644,0.332212733
10.85355051,6.64E-07,8.37E-13,7.93E+05,,0.180967122,0.270993644,0.33220898
10.85369338,6.64E-07,8.37E-13,7.93E+05,,0.18096814,0.270993644,0.332205224
10.85383626,6.64E-07,8.37E-13,7.93E+05,,0.180969158,0.270993644,0.332201467
10.85397914,6.64E-07,8.37E-13,7.93E+05,,0.180970176,0.270993644,0.332197711
10.85412202,6.64E-07,8.37E-13,7.93E+05,,0.180971194,0.270993644,0.332193954
10.85426489,6.64E-07,8.37E-13,7.93E+05,,0.180972211,0.270993644,0.332190201
10.85440777,6.64E-07,8.37E-13,7.93E+05,,0.180973229,0.270993644,0.332186445
10.85455065,6.64E-07,8.37E-13,7.93E+05,,0.180974247,0.270993644,0.332182688
10.85469353,6.64E-07,8.37E-13,7.93E+05,,0.180975265,0.270993644,0.332178932
10.85483641,6.64E-07,8.37E-13,7.93E+05,,0.180976283,0.270993644,0.332175175
10.85497928,6.63E-07,8.37E-13,7.92E+05,,0.1809773,0.270993644,0.332171422
10.85512216,6.63E-07,8.37E-13,7.92E+05,,0.180978318,0.270993644,0.332167666
10.85526504,6.63E-07,8.37E-13,7.92E+05,,0.180979336,0.270993644,0.332163909
10.85540792,6.63E-07,8.37E-13,7.92E+05,,0.180980354,0.270993644,0.332160153
10.85555079,6.63E-07,8.37E-13,7.92E+05,,0.180981372,0.270993644,0.332156396
10.85569367,6.63E-07,8.37E-13,7.92E+05,,0.180982389,0.270993644,0.332152643
10.85583655,6.63E-07,8.37E-13,7.92E+05,,0.180983407,0.270993644,0.332148887
10.85597943,6.63E-07,8.37E-13,7.92E+05,,0.180984425,0.270993644,0.33214513
10.8561223,6.63E-07,8.37E-13,7.92E+05,,0.180985443,0.270993644,0.332141374
10.85626518,6.63E-07,8.37E-13,7.92E+05,,0.180986461,0.270993644,0.332137617
10.85640806,6.63E-07,8.37E-13,7.92E+05,,0.180987478,0.270993644,0.332133864
10.85655094,6.63E-07,8.37E-13,7.92E+05,,0.180988496,0.270993644,0.332130108
10.85669381,6.62E-07,8.37E-13,7.90E+05,,0.180989514,0.270993644,0.332126351
10.85683669,6.62E-07,8.37E-13,7.90E+05,,0.180990532,0.270993644,0.332122595
10.85697957,6.62E-07,8.37E-13,7.90E+05,,0.18099155,0.270993644,0.332118838
10.85712245,6.62E-07,8.37E-13,7.90E+05,,0.180992567,0.270993644,0.332115085
10.85726532,6.62E-07,8.37E-13,7.90E+05,,0.180993585,0.270993644,0.332111329
10.8574082,6.62E-07,8.37E-13,7.90E+05,,0.180994603,0.270993644,0.332107572
10.85755108,6.62E-07,8.37E-13,7.90E+05,,0.180995621,0.270993644,0.332103816
10.85769396,6.62E-07,8.37E-13,7.90E+05,,0.180996639,0.270993644,0.332100059
10.85783683,6.62E-07,8.37E-13,7.90E+05,,0.180997656,0.270993644,0.332096306
10.85797971,6.62E-07,8.37E-13,7.90E+05,,0.180998674,0.270993644,0.33209255
10.85812259,6.62E-07,8.37E-13,7.90E+05,,0.180999692,0.270993644,0.332088793
10.85826547,6.61E-07,8.37E-13,7.89E+05,,0.18100071,0.270993644,0.332085037
10.85840834,6.61E-07,8.37E-13,7.89E+05,,0.181001728,0.270993644,0.33208128
10.85855122,6.61E-07,8.37E-13,7.89E+05,,0.181002745,0.270993644,0.332077527
10.8586941,6.61E-07,8.37E-13,7.89E+05,,0.181003763,0.270993644,0.332073771
10.85883698,6.61E-07,8.37E-13,7.89E+05,,0.181004781,0.270993644,0.332070014
10.85897985,6.61E-07,8.37E-13,7.89E+05,,0.181005799,0.270993644,0.332066257
10.85912273,6.61E-07,8.37E-13,7.89E+05,,0.181006817,0.270993644,0.332062501
10.85926561,6.61E-07,8.37E-13,7.89E+05,,0.181007834,0.270993644,0.332058748
10.85940849,6.61E-07,8.37E-13,7.89E+05,,0.181008852,0.270993644,0.332054992
10.85955136,6.61E-07,8.37E-13,7.89E+05,,0.18100987,0.270993644,0.332051235
10.85969424,6.61E-07,8.37E-13,7.89E+05,,0.181010888,0.270993644,0.332047478
10.85983712,6.60E-07,8.37E-13,7.88E+05,,0.181011906,0.270993644,0.332043722
10.85998,6.60E-07,8.37E-13,7.88E+05,,0.181012923,0.270993644,0.332039969
10.86012287,6.60E-07,8.37E-13,7.88E+05,,0.181013941,0.270993644,0.332036213
10.86026575,6.60E-07,8.37E-13,7.88E+05,,0.181014959,0.270993644,0.332032456
10.86040863,6.60E-07,8.37E-13,7.88E+05,,0.181015977,0.270993644,0.332028699
10.86055151,6.60E-07,8.37E-13,7.88E+05,,0.181016995,0.270993644,0.332024943
10.86069438,6.60E-07,8.37E-13,7.88E+05,,0.181018012,0.270993644,0.33202119
10.86083726,6.60E-07,8.37E-13,7.88E+05,,0.18101903,0.270993644,0.332017433
10.86098014,6.60E-07,8.37E-13,7.88E+05,,0.181020048,0.270993644,0.332013677
10.86112302,6.60E-07,8.37E-13,7.88E+05,,0.181021066,0.270993644,0.33200992
10.8612659,6.60E-07,8.37E-13,7.88E+05,,0.181022084,0.270993644,0.332006164
10.86140877,6.60E-07,8.37E-13,7.88E+05,,0.181023101,0.270993644,0.332002411
10.86155165,6.59E-07,8.37E-13,7.87E+05,,0.181024119,0.270993644,0.331998654
10.86169453,6.59E-07,8.37E-13,7.87E+05,,0.181025137,0.270993644,0.331994898
10.86183741,6.59E-07,8.37E-13,7.87E+05,,0.181026155,0.270993644,0.331991141
10.86198028,6.59E-07,8.37E-13,7.87E+05,,0.181027173,0.270993644,0.331987385
10.86212316,6.59E-07,8.37E-13,7.87E+05,,0.18102819,0.270993644,0.331983632
10.86226604,6.59E-07,8.37E-13,7.87E+05,,0.181029208,0.270993644,0.331979875
10.86240892,6.59E-07,8.37E-13,7.87E+05,,0.181030226,0.270993644,0.331976119
10.86255179,6.59E-07,8.37E-13,7.87E+05,,0.181031244,0.270993644,0.331972362
10.86269467,6.59E-07,8.37E-13,7.87E+05,,0.181032262,0.270993644,0.331968606
10.86283755,6.59E-07,8.37E-13,7.87E+05,,0.181033279,0.270993644,0.331964853
10.86298043,6.59E-07,8.37E-13,7.87E+05,,0.181034297,0.270993644,0.331961096
10.8631233,6.58E-07,8.37E-13,7.86E+05,,0.181035315,0.270993644,0.33195734
10.86326618,6.58E-07,8.37E-13,7.86E+05,,0.181036333,0.270993644,0.331953583
10.86340906,6.58E-07,8.37E-13,7.86E+05,,0.181037351,0.270993644,0.331949827
10.86355194,6.58E-07,8.37E-13,7.86E+05,,0.181038368,0.270993644,0.331946074
10.86369481,6.58E-07,8.37E-13,7.86E+05,,0.181039386,0.270993644,0.331942317
10.86383769,6.58E-07,8.37E-13,7.86E+05,,0.181040404,0.270993644,0.331938561
10.86398057,6.58E-07,8.37E-13,7.86E+05,,0.181041422,0.270993644,0.331934804
10.86412345,6.58E-07,8.37E-13,7.86E+05,,0.181042439,0.270993644,0.331931051
10.86426632,6.58E-07,8.37E-13,7.86E+05,,0.181043457,0.270993644,0.331927295
10.8644092,6.58E-07,8.37E-13,7.86E+05,,0.181044475,0.270993644,0.331923538
10.86455208,6.58E-07,8.37E-13,7.86E+05,,0.181045493,0.270993644,0.331919782
10.86469496,6.58E-07,8.37E-13,7.86E+05,,0.181046511,0.270993644,0.331916025
10.86483783,6.57E-07,8.37E-13,7.85E+05,,0.181047528,0.270993644,0.331912272
10.86498071,6.57E-07,8.37E-13,7.85E+05,,0.181048546,0.270993644,0.331908516
10.86512359,6.57E-07,8.37E-13,7.85E+05,,0.181049564,0.270993644,0.331904759
10.86526647,6.57E-07,8.37E-13,7.85E+05,,0.181050582,0.270993644,0.331901003
10.86540934,6.57E-07,8.37E-13,7.85E+05,,0.1810516,0.270993644,0.331897246
10.86555222,6.57E-07,8.37E-13,7.85E+05,,0.181052617,0.270993644,0.331893493
10.8656951,6.57E-07,8.37E-13,7.85E+05,,0.181053635,0.270993644,0.331889737
10.86583798,6.57E-07,8.37E-13,7.85E+05,,0.181054653,0.270993644,0.33188598
10.86598085,6.57E-07,8.37E-13,7.85E+05,,0.181055671,0.270993644,0.331882224
10.86612373,6.57E-07,8.37E-13,7.85E+05,,0.181056689,0.270993644,0.331878467
10.86626661,6.57E-07,8.37E-13,7.85E+05,,0.181057706,0.270993644,0.331874714
10.86640949,6.56E-07,8.37E-13,7.83E+05,,0.181058724,0.270993644,0.331870958
10.86655236,6.56E-07,8.37E-13,7.83E+05,,0.181059742,0.270993644,0.331867201
10.86669524,6.56E-07,8.37E-13,7.83E+05,,0.18106076,0.270993644,0.331863445
10.86683812,6.56E-07,8.37E-13,7.83E+05,,0.181061778,0.270993644,0.331859688
10.866981,6.56E-07,8.37E-13,7.83E+05,,0.181062795,0.270993644,0.331855935
10.86712387,6.56E-07,8.37E-13,7.83E+05,,0.181063813,0.270993644,0.331852179
10.86726675,6.56E-07,8.37E-13,7.83E+05,,0.181064831,0.270993644,0.331848422
10.86740963,6.56E-07,8.37E-13,7.83E+05,,0.181065849,0.270993644,0.331844666
10.86755251,6.56E-07,8.37E-13,7.83E+05,,0.181066867,0.270993644,0.331840909
10.86769539,6.56E-07,8.37E-13,7.83E+05,,0.181067884,0.270993644,0.331837156
10.86783826,6.56E-07,8.37E-13,7.83E+05,,0.181068902,0.270993644,0.3318334
10.86798114,6.56E-07,8.37E-13,7.83E+05,,0.18106992,0.270993644,0.331829643
10.86812402,6.55E-07,8.37E-13,7.82E+05,,0.181070938,0.270993644,0.331825887
10.8682669,6.55E-07,8.37E-13,7.82E+05,,0.181071956,0.270993644,0.33182213
10.86840977,6.55E-07,8.37E-13,7.82E+05,,0.181072973,0.270993644,0.331818377
10.86855265,6.55E-07,8.37E-13,7.82E+05,,0.181073991,0.270993644,0.331814621
10.86869553,6.55E-07,8.37E-13,7.82E+05,,0.181075009,0.270993644,0.331810864
10.86883841,6.55E-07,8.37E-13,7.82E+05,,0.181076027,0.270993644,0.331807108
10.86898128,6.55E-07,8.37E-13,7.82E+05,,0.181077045,0.270993644,0.331803351
10.86912416,6.55E-07,8.37E-13,7.82E+05,,0.181078062,0.270993644,0.331799598
10.86926704,6.55E-07,8.37E-13,7.82E+05,,0.18107908,0.270993644,0.331795842
10.86940992,6.55E-07,8.37E-13,7.82E+05,,0.181080098,0.270993644,0.331792085
10.86955279,6.55E-07,8.37E-13,7.82E+05,,0.181081116,0.270993644,0.331788328
10.86969567,6.54E-07,8.37E-13,7.81E+05,,0.181082134,0.270993644,0.331784572
10.86983855,6.54E-07,8.37E-13,7.81E+05,,0.181083151,0.270993644,0.331780819
10.86998143,6.54E-07,8.37E-13,7.81E+05,,0.181084169,0.270993644,0.331777063
10.8701243,6.54E-07,8.37E-13,7.81E+05,,0.181085187,0.270993644,0.331773306
10.87026718,6.54E-07,8.37E-13,7.81E+05,,0.181086205,0.270993644,0.331769549
10.87041006,6.54E-07,8.37E-13,7.81E+05,,0.181087223,0.270993644,0.331765793
10.87055294,6.54E-07,8.37E-13,7.81E+05,,0.18108824,0.270993644,0.33176204
10.87069581,6.54E-07,8.37E-13,7.81E+05,,0.181089258,0.270993644,0.331758283
10.87083869,6.54E-07,8.37E-13,7.81E+05,,0.181090276,0.270993644,0.331754527
10.87098157,6.54E-07,8.37E-13,7.81E+05,,0.181091294,0.270993644,0.33175077
10.87112445,6.54E-07,8.37E-13,7.81E+05,,0.181092312,0.270993644,0.331747014
10.87126732,6.54E-07,8.37E-13,7.81E+05,,0.181093329,0.270993644,0.331743261
10.8714102,6.53E-07,8.37E-13,7.80E+05,,0.181094347,0.270993644,0.331739504
10.87155308,6.53E-07,8.37E-13,7.80E+05,,0.181095365,0.270993644,0.331735748
10.87169596,6.53E-07,8.37E-13,7.80E+05,,0.181096383,0.270993644,0.331731991
10.87183883,6.53E-07,8.37E-13,7.80E+05,,0.181097401,0.270993644,0.331728235
10.87198171,6.53E-07,8.37E-13,7.80E+05,,0.181098418,0.270993644,0.331724482
10.87212459,6.53E-07,8.37E-13,7.80E+05,,0.181099436,0.270993644,0.331720725
10.87226747,6.53E-07,8.37E-13,7.80E+05,,0.181100454,0.270993644,0.331716969
10.87241034,6.53E-07,8.37E-13,7.80E+05,,0.181101472,0.270993644,0.331713212
10.87255322,6.53E-07,8.37E-13,7.80E+05,,0.18110249,0.270993644,0.331709456
10.8726961,6.53E-07,8.37E-13,7.80E+05,,0.181103507,0.270993644,0.331705703
10.87283898,6.53E-07,8.37E-13,7.80E+05,,0.181104525,0.270993644,0.331701946
10.87298185,6.52E-07,8.37E-13,7.79E+05,,0.181105543,0.270993644,0.33169819
10.87312473,6.52E-07,8.37E-13,7.79E+05,,0.181106561,0.270993644,0.331694433
10.87326761,6.52E-07,8.37E-13,7.79E+05,,0.181107579,0.270993644,0.331690677
10.87341049,6.52E-07,8.37E-13,7.79E+05,,0.181108596,0.270993644,0.331686924
10.87355336,6.52E-07,8.37E-13,7.79E+05,,0.181109614,0.270993644,0.331683167
10.87369624,6.52E-07,8.37E-13,7.79E+05,,0.181110632,0.270993644,0.331679411
10.87383912,6.52E-07,8.37E-13,7.79E+05,,0.18111165,0.270993644,0.331675654
10.873982,6.52E-07,8.37E-13,7.79E+05,,0.181112668,0.270993644,0.331671898
10.87412487,6.52E-07,8.37E-13,7.79E+05,,0.181113685,0.270993644,0.331668145
10.87426775,6.52E-07,8.37E-13,7.79E+05,,0.181114703,0.270993644,0.331664388
10.87441063,6.52E-07,8.37E-13,7.79E+05,,0.181115721,0.270993644,0.331660632
10.87455351,6.52E-07,8.37E-13,7.79E+05,,0.181116739,0.270993644,0.331656875
10.87469639,6.51E-07,8.37E-13,7.77E+05,,0.181117757,0.270993644,0.331653119
10.87483926,6.51E-07,8.37E-13,7.77E+05,,0.181118774,0.270993644,0.331649366
10.87498214,6.51E-07,8.37E-13,7.77E+05,,0.181119792,0.270993644,0.331645609
10.87512502,6.51E-07,8.37E-13,7.77E+05,,0.18112081,0.270993644,0.331641853
10.8752679,6.51E-07,8.37E-13,7.77E+05,,0.181121828,0.270993644,0.331638096
10.87541077,6.51E-07,8.37E-13,7.77E+05,,0.181122846,0.270993644,0.33163434
10.87555365,6.51E-07,8.37E-13,7.77E+05,,0.181123863,0.270993644,0.331630587
10.87569653,6.51E-07,8.37E-13,7.77E+05,,0.181124881,0.270993644,0.33162683
10.87583941,6.51E-07,8.37E-13,7.77E+05,,0.181125899,0.270993644,0.331623074
10.87598228,6.51E-07,8.37E-13,7.77E+05,,0.181126917,0.270993644,0.331619317
10.87612516,6.51E-07,8.37E-13,7.77E+05,,0.181127935,0.270993644,0.331615561
10.87626804,6.50E-07,8.37E-13,7.76E+05,,0.181128952,0.270993644,0.331611808
10.87641092,6.50E-07,8.37E-13,7.76E+05,,0.18112997,0.270993644,0.331608051
10.87655379,6.50E-07,8.37E-13,7.76E+05,,0.181130988,0.270993644,0.331604295
10.87669667,6.50E-07,8.37E-13,7.76E+05,,0.181132006,0.270993644,0.331600538
10.87683955,6.50E-07,8.37E-13,7.76E+05,,0.181133024,0.270993644,0.331596782
10.87698243,6.50E-07,8.37E-13,7.76E+05,,0.181134041,0.270993644,0.331593029
10.8771253,6.50E-07,8.37E-13,7.76E+05,,0.181135059,0.270993644,0.331589272
10.87726818,6.50E-07,8.37E-13,7.76E+05,,0.181136077,0.270993644,0.331585516
10.87741106,6.50E-07,8.37E-13,7.76E+05,,0.181137095,0.270993644,0.331581759
10.87755394,6.50E-07,8.37E-13,7.76E+05,,0.181138113,0.270993644,0.331578003
10.87769681,6.50E-07,8.37E-13,7.76E+05,,0.18113913,0.270993644,0.33157425
10.87783969,6.50E-07,8.37E-13,7.76E+05,,0.181140148,0.270993644,0.331570493
10.87798257,6.49E-07,8.37E-13,7.75E+05,,0.181141166,0.270993644,0.331566737
10.87812545,6.49E-07,8.37E-13,7.75E+05,,0.181142184,0.270993644,0.33156298
10.87826832,6.49E-07,8.37E-13,7.75E+05,,0.181143202,0.270993644,0.331559223
10.8784112,6.49E-07,8.37E-13,7.75E+05,,0.181144219,0.270993644,0.331555471
10.87855408,6.49E-07,8.37E-13,7.75E+05,,0.181145237,0.270993644,0.331551714
10.87869696,6.49E-07,8.37E-13,7.75E+05,,0.181146255,0.270993644,0.331547958
10.87883983,6.49E-07,8.37E-13,7.75E+05,,0.181147273,0.270993644,0.331544201
10.87898271,6.49E-07,8.37E-13,7.75E+05,,0.181148291,0.270993644,0.331540444
10.87912559,6.49E-07,8.37E-13,7.75E+05,,0.181149308,0.270993644,0.331536692
10.87926847,6.49E-07,8.37E-13,7.75E+05,,0.181150326,0.270993644,0.331532935
10.87941134,6.49E-07,8.37E-13,7.75E+05,,0.181151344,0.270993644,0.331529178
10.87955422,6.48E-07,8.37E-13,7.74E+05,,0.181152362,0.270993644,0.331525422
10.8796971,6.48E-07,8.37E-13,7.74E+05,,0.18115338,0.270993644,0.331521665
10.87983998,6.48E-07,8.37E-13,7.74E+05,,0.181154397,0.270993644,0.331517913
10.87998285,6.48E-07,8.37E-13,7.74E+05,,0.181155415,0.270993644,0.331514156
10.88012573,6.48E-07,8.37E-13,7.74E+05,,0.181156433,0.270993644,0.331510399
10.88026861,6.48E-07,8.37E-13,7.74E+05,,0.181157451,0.270993644,0.331506643
10.88041149,6.48E-07,8.37E-13,7.74E+05,,0.181158469,0.270993644,0.331502886
10.88055436,6.48E-07,8.37E-13,7.74E+05,,0.181159486,0.270993644,0.331499133
10.88069724,6.48E-07,8.37E-13,7.74E+05,,0.181160504,0.270993644,0.331495377
10.88084012,6.48E-07,8.37E-13,7.74E+05,,0.181161522,0.270993644,0.33149162
10.880983,6.48E-07,8.37E-13,7.74E+05,,0.18116254,0.270993644,0.331487864
10.88112588,6.48E-07,8.37E-13,7.74E+05,,0.181163558,0.270993644,0.331484107
10.88126875,6.47E-07,8.37E-13,7.73E+05,,0.181164575,0.270993644,0.331480354
10.88141163,6.47E-07,8.37E-13,7.73E+05,,0.181165593,0.270993644,0.331476598
10.88155451,6.47E-07,8.37E-13,7.73E+05,,0.181166611,0.270993644,0.331472841
10.88169739,6.47E-07,8.37E-13,7.73E+05,,0.181167629,0.270993644,0.331469085
10.88184026,6.47E-07,8.37E-13,7.73E+05,,0.181168647,0.270993644,0.331465328
10.88198314,6.47E-07,8.37E-13,7.73E+05,,0.181169664,0.270993644,0.331461575
10.88212602,6.47E-07,8.37E-13,7.73E+05,,0.181170682,0.270993644,0.331457819
10.8822689,6.47E-07,8.37E-13,7.73E+05,,0.1811717,0.270993644,0.331454062
10.88241177,6.47E-07,8.37E-13,7.73E+05,,0.181172718,0.270993644,0.331450306
10.88255465,6.47E-07,8.37E-13,7.73E+05,,0.181173736,0.270993644,0.331446549
10.88269753,6.47E-07,8.37E-13,7.73E+05,,0.181174753,0.270993644,0.331442796
10.88284041,6.46E-07,8.37E-13,7.71E+05,,0.181175771,0.270993644,0.33143904
10.88298328,6.46E-07,8.37E-13,7.71E+05,,0.181176789,0.270993644,0.331435283
10.88312616,6.46E-07,8.37E-13,7.71E+05,,0.181177807,0.270993644,0.331431527
10.88326904,6.46E-07,8.37E-13,7.71E+05,,0.181178825,0.270993644,0.33142777
10.88341192,6.46E-07,8.37E-13,7.71E+05,,0.181179842,0.270993644,0.331424017
10.88355479,6.46E-07,8.37E-13,7.71E+05,,0.18118086,0.270993644,0.331420261
10.88369767,6.46E-07,8.37E-13,7.71E+05,,0.181181878,0.270993644,0.331416504
10.88384055,6.46E-07,8.37E-13,7.71E+05,,0.181182896,0.270993644,0.331412748
10.88398343,6.46E-07,8.37E-13,7.71E+05,,0.181183914,0.270993644,0.331408991
10.8841263,6.46E-07,8.37E-13,7.71E+05,,0.181184931,0.270993644,0.331405238
10.88426918,6.46E-07,8.37E-13,7.71E+05,,0.181185949,0.270993644,0.331401482
10.88441206,6.46E-07,8.37E-13,7.71E+05,,0.181186967,0.270993644,0.331397725
10.88455494,6.45E-07,8.37E-13,7.70E+05,,0.181187985,0.270993644,0.331393969
10.88469781,6.45E-07,8.37E-13,7.70E+05,,0.181189003,0.270993644,0.331390212
10.88484069,6.45E-07,8.37E-13,7.70E+05,,0.18119002,0.270993644,0.331386459
10.88498357,6.45E-07,8.37E-13,7.70E+05,,0.181191038,0.270993644,0.331382703
10.88512645,6.45E-07,8.37E-13,7.70E+05,,0.181192056,0.270993644,0.331378946
10.88526932,6.45E-07,8.37E-13,7.70E+05,,0.181193074,0.270993644,0.33137519
10.8854122,6.45E-07,8.37E-13,7.70E+05,,0.181194092,0.270993644,0.331371433
10.88555508,6.45E-07,8.37E-13,7.70E+05,,0.181195109,0.270993644,0.33136768
10.88569796,6.45E-07,8.37E-13,7.70E+05,,0.181196127,0.270993644,0.331363924
10.88584083,6.45E-07,8.37E-13,7.70E+05,,0.181197145,0.270993644,0.331360167
10.88598371,6.45E-07,8.37E-13,7.70E+05,,0.181198163,0.270993644,0.331356411
10.88612659,6.44E-07,8.37E-13,7.69E+05,,0.181199181,0.270993644,0.331352654
10.88626947,6.44E-07,8.37E-13,7.69E+05,,0.181200198,0.270993644,0.331348901
10.88641234,6.44E-07,8.37E-13,7.69E+05,,0.181201216,0.270993644,0.331345145
10.88655522,6.44E-07,8.37E-13,7.69E+05,,0.181202234,0.270993644,0.331341388
10.8866981,6.44E-07,8.37E-13,7.69E+05,,0.181203252,0.270993644,0.331337632
10.88684098,6.44E-07,8.37E-13,7.69E+05,,0.18120427,0.270993644,0.331333875
10.88698385,6.44E-07,8.37E-13,7.69E+05,,0.181205287,0.270993644,0.331330122
10.88712673,6.44E-07,8.37E-13,7.69E+05,,0.181206305,0.270993644,0.331326366
10.88726961,6.44E-07,8.37E-13,7.69E+05,,0.181207323,0.270993644,0.331322609
10.88741249,6.44E-07,8.37E-13,7.69E+05,,0.181208341,0.270993644,0.331318853
10.88755537,6.44E-07,8.37E-13,7.69E+05,,0.181209359,0.270993644,0.331315096
10.88769824,6.44E-07,8.37E-13,7.69E+05,,0.181210376,0.270993644,0.331311343
10.88784112,6.43E-07,8.37E-13,7.68E+05,,0.181211394,0.270993644,0.331307587
10.887984,6.43E-07,8.37E-13,7.68E+05,,0.181212412,0.270993644,0.33130383
10.88812688,6.43E-07,8.37E-13,7.68E+05,,0.18121343,0.270993644,0.331300073
10.88826975,6.43E-07,8.37E-13,7.68E+05,,0.181214448,0.270993644,0.331296317
10.88841263,6.43E-07,8.37E-13,7.68E+05,,0.181215465,0.270993644,0.331292564
10.88855551,6.43E-07,8.37E-13,7.68E+05,,0.181216483,0.270993644,0.331288808
10.88869839,6.43E-07,8.37E-13,7.68E+05,,0.181217501,0.270993644,0.331285051
10.88884126,6.43E-07,8.37E-13,7.68E+05,,0.181218519,0.270993644,0.331281294
10.88898414,6.43E-07,8.37E-13,7.68E+05,,0.181219537,0.270993644,0.331277538
10.88912702,6.43E-07,8.37E-13,7.68E+05,,0.181220554,0.270993644,0.331273785
10.8892699,6.43E-07,8.37E-13,7.68E+05,,0.181221572,0.270993644,0.331270028
10.88941277,6.42E-07,8.37E-13,7.67E+05,,0.18122259,0.270993644,0.331266272
10.88955565,6.42E-07,8.37E-13,7.67E+05,,0.181223608,0.270993644,0.331262515
10.88969853,6.42E-07,8.37E-13,7.67E+05,,0.181224626,0.270993644,0.331258759
10.88984141,6.42E-07,8.37E-13,7.67E+05,,0.181225643,0.270993644,0.331255006
10.88998428,6.42E-07,8.37E-13,7.67E+05,,0.181226661,0.270993644,0.331251249
10.89012716,6.42E-07,8.37E-13,7.67E+05,,0.181227679,0.270993644,0.331247493
10.89027004,6.42E-07,8.37E-13,7.67E+05,,0.181228697,0.270993644,0.331243736
10.89041292,6.42E-07,8.37E-13,7.67E+05,,0.181229715,0.270993644,0.33123998
10.89055579,6.42E-07,8.37E-13,7.67E+05,,0.181230732,0.270993644,0.331236227
10.89069867,6.42E-07,8.37E-13,7.67E+05,,0.18123175,0.270993644,0.33123247
10.89084155,6.42E-07,8.37E-13,7.67E+05,,0.181232768,0.270993644,0.331228714
10.89098443,6.41E-07,8.37E-13,7.65E+05,,0.181233786,0.270993644,0.331224957
10.8911273,6.41E-07,8.37E-13,7.65E+05,,0.181234804,0.270993644,0.331221201
10.89127018,6.41E-07,8.37E-13,7.65E+05,,0.181235821,0.270993644,0.331217448
10.89141306,6.41E-07,8.37E-13,7.65E+05,,0.181236839,0.270993644,0.331213691
10.89155594,6.41E-07,8.37E-13,7.65E+05,,0.181237857,0.270993644,0.331209935
10.89169881,6.41E-07,8.37E-13,7.65E+05,,0.181238875,0.270993644,0.331206178
10.89184169,6.41E-07,8.37E-13,7.65E+05,,0.181239893,0.270993644,0.331202422
10.89198457,6.41E-07,8.37E-13,7.65E+05,,0.18124091,0.270993644,0.331198669
10.89212745,6.41E-07,8.37E-13,7.65E+05,,0.181241928,0.270993644,0.331194912
10.89227032,6.41E-07,8.37E-13,7.65E+05,,0.181242946,0.270993644,0.331191156
10.8924132,6.41E-07,8.37E-13,7.65E+05,,0.181243964,0.270993644,0.331187399
10.89255608,6.41E-07,8.37E-13,7.65E+05,,0.181244982,0.270993644,0.331183643
10.89269896,6.40E-07,8.37E-13,7.64E+05,,0.181245999,0.270993644,0.33117989
10.89284183,6.40E-07,8.37E-13,7.64E+05,,0.181247017,0.270993644,0.331176133
10.89298471,6.40E-07,8.37E-13,7.64E+05,,0.181248035,0.270993644,0.331172377
10.89312759,6.40E-07,8.37E-13,7.64E+05,,0.181249053,0.270993644,0.33116862
10.89327047,6.40E-07,8.37E-13,7.64E+05,,0.181250071,0.270993644,0.331164864
10.89341334,6.40E-07,8.37E-13,7.64E+05,,0.181251088,0.270993644,0.331161111
10.89355622,6.40E-07,8.37E-13,7.64E+05,,0.181252106,0.270993644,0.331157354
10.8936991,6.40E-07,8.37E-13,7.64E+05,,0.181253124,0.270993644,0.331153598
10.89384198,6.40E-07,8.37E-13,7.64E+05,,0.181254142,0.270993644,0.331149841
10.89398485,6.40E-07,8.37E-13,7.64E+05,,0.18125516,0.270993644,0.331146085
10.89412773,6.40E-07,8.37E-13,7.64E+05,,0.181256177,0.270993644,0.331142332
10.89427061,6.39E-07,8.37E-13,7.63E+05,,0.181257195,0.270993644,0.331138575
10.89441349,6.39E-07,8.37E-13,7.63E+05,,0.181258213,0.270993644,0.331134819
10.89455637,6.39E-07,8.37E-13,7.63E+05,,0.181259231,0.270993644,0.331131062
10.89469924,6.39E-07,8.37E-13,7.63E+05,,0.181260249,0.270993644,0.331127306
10.89484212,6.39E-07,8.37E-13,7.63E+05,,0.181261266,0.270993644,0.331123553
10.894985,6.39E-07,8.37E-13,7.63E+05,,0.181262284,0.270993644,0.331119796
10.89512788,6.39E-07,8.37E-13,7.63E+05,,0.181263302,0.270993644,0.33111604
10.89527075,6.39E-07,8.37E-13,7.63E+05,,0.18126432,0.270993644,0.331112283
10.89541363,6.39E-07,8.37E-13,7.63E+05,,0.181265338,0.270993644,0.331108527
10.89555651,6.39E-07,8.37E-13,7.63E+05,,0.181266355,0.270993644,0.331104774
10.89569939,6.39E-07,8.37E-13,7.63E+05,,0.181267373,0.270993644,0.331101017
10.89584226,6.39E-07,8.37E-13,7.63E+05,,0.181268391,0.270993644,0.331097261
10.89598514,6.38E-07,8.37E-13,7.62E+05,,0.181269409,0.270993644,0.331093504
10.89612802,6.38E-07,8.37E-13,7.62E+05,,0.181270427,0.270993644,0.331089748
10.8962709,6.38E-07,8.37E-13,7.62E+05,,0.181271444,0.270993644,0.331085995
10.89641377,6.38E-07,8.37E-13,7.62E+05,,0.181272462,0.270993644,0.331082238
10.89655665,6.38E-07,8.37E-13,7.62E+05,,0.18127348,0.270993644,0.331078482
10.89669953,6.38E-07,8.37E-13,7.62E+05,,0.181274498,0.270993644,0.331074725
10.89684241,6.38E-07,8.37E-13,7.62E+05,,0.181275516,0.270993644,0.331070968
10.89698528,6.38E-07,8.37E-13,7.62E+05,,0.181276533,0.270993644,0.331067216
10.89712816,6.38E-07,8.37E-13,7.62E+05,,0.181277551,0.270993644,0.331063459
10.89727104,6.38E-07,8.37E-13,7.62E+05,,0.181278569,0.270993644,0.331059703
10.89741392,6.38E-07,8.37E-13,7.62E+05,,0.181279587,0.270993644,0.331055946
10.89755679,6.37E-07,8.37E-13,7.61E+05,,0.181280605,0.270993644,0.331052189
10.89769967,6.37E-07,8.37E-13,7.61E+05,,0.181281622,0.270993644,0.331048437
10.89784255,6.37E-07,8.37E-13,7.61E+05,,0.18128264,0.270993644,0.33104468
10.89798543,6.37E-07,8.37E-13,7.61E+05,,0.181283658,0.270993644,0.331040923
10.8981283,6.37E-07,8.37E-13,7.61E+05,,0.181284676,0.270993644,0.331037167
10.89827118,6.37E-07,8.37E-13,7.61E+05,,0.181285694,0.270993644,0.33103341
10.89841406,6.37E-07,8.37E-13,7.61E+05,,0.181286711,0.270993644,0.331029658
10.89855694,6.37E-07,8.37E-13,7.61E+05,,0.181287729,0.270993644,0.331025901
10.89869981,6.37E-07,8.37E-13,7.61E+05,,0.181288747,0.270993644,0.331022144
10.89884269,6.37E-07,8.37E-13,7.61E+05,,0.181289765,0.270993644,0.331018388
10.89898557,6.37E-07,8.37E-13,7.61E+05,,0.181290783,0.270993644,0.331014631
10.89912845,6.37E-07,8.37E-13,7.61E+05,,0.1812918,0.270993644,0.331010879
10.89927132,6.36E-07,8.37E-13,7.59E+05,,0.181292818,0.270993644,0.331007122
10.8994142,6.36E-07,8.37E-13,7.59E+05,,0.181293836,0.270993644,0.331003365
10.89955708,6.36E-07,8.37E-13,7.59E+05,,0.181294854,0.270993644,0.330999609
10.89969996,6.36E-07,8.37E-13,7.59E+05,,0.181295872,0.270993644,0.330995852
10.89984283,6.36E-07,8.37E-13,7.59E+05,,0.181296889,0.270993644,0.330992099
10.89998571,6.36E-07,8.37E-13,7.59E+05,,0.181297907,0.270993644,0.330988343
10.90012859,6.36E-07,8.37E-13,7.59E+05,,0.181299072,0.270993644,0.330984044
10.90027147,6.36E-07,8.37E-13,7.59E+05,,0.181300253,0.270993644,0.330979686
10.90041434,6.36E-07,8.37E-13,7.59E+05,,0.181301434,0.270993644,0.330975328
10.90055722,6.36E-07,8.37E-13,7.59E+05,,0.181302615,0.270993644,0.33097097
10.9007001,6.36E-07,8.37E-13,7.59E+05,,0.181303796,0.270993644,0.330966612
10.90084298,6.36E-07,8.37E-13,7.59E+05,,0.181304977,0.270993644,0.330962254
10.90098586,6.35E-07,8.37E-13,7.58E+05,,0.181306158,0.270993644,0.330957896
10.90112873,6.35E-07,8.37E-13,7.58E+05,,0.181307339,0.270993644,0.330953538
10.90127161,6.35E-07,8.37E-13,7.58E+05,,0.18130852,0.270993644,0.33094918
10.90141449,6.35E-07,8.37E-13,7.58E+05,,0.181309701,0.270993644,0.330944822
10.90155737,6.35E-07,8.37E-13,7.58E+05,,0.181310882,0.270993644,0.330940464
10.90170024,6.35E-07,8.37E-13,7.58E+05,,0.181312063,0.270993644,0.330936106
10.90184312,6.35E-07,8.37E-13,7.58E+05,,0.181313244,0.270993644,0.330931747
10.901986,6.35E-07,8.37E-13,7.58E+05,,0.181314425,0.270993644,0.330927389
10.90212888,6.35E-07,8.37E-13,7.58E+05,,0.181315606,0.270993644,0.330923031
10.90227175,6.35E-07,8.37E-13,7.58E+05,,0.181316787,0.270993644,0.330918673
10.90241463,6.35E-07,8.37E-13,7.58E+05,,0.181317968,0.270993644,0.330914315
10.90255751,6.35E-07,8.37E-13,7.58E+05,,0.181319149,0.270993644,0.330909957
10.90270039,6.35E-07,8.37E-13,7.58E+05,,0.18132033,0.270993644,0.330905599
10.90284326,6.34E-07,8.37E-13,7.57E+05,,0.181321511,0.270993644,0.330901241
10.90298614,6.34E-07,8.37E-13,7.57E+05,,0.181322692,0.270993644,0.330896883
10.90312902,6.34E-07,8.37E-13,7.57E+05,,0.181323873,0.270993644,0.330892525
10.9032719,6.34E-07,8.37E-13,7.57E+05,,0.181325054,0.270993644,0.330888167
10.90341477,6.34E-07,8.37E-13,7.57E+05,,0.181326235,0.270993644,0.330883809
10.90355765,6.34E-07,8.37E-13,7.57E+05,,0.181327416,0.270993644,0.330879451
10.90370053,6.34E-07,8.37E-13,7.57E+05,,0.181328597,0.270993644,0.330875093
10.90384341,6.34E-07,8.37E-13,7.57E+05,,0.181329778,0.270993644,0.330870735
10.90398628,6.34E-07,8.37E-13,7.57E+05,,0.181330959,0.270993644,0.330866377
10.90412916,6.34E-07,8.37E-13,7.57E+05,,0.18133214,0.270993644,0.330862019
10.90427204,6.34E-07,8.37E-13,7.57E+05,,0.181333321,0.270993644,0.330857661
10.90441492,6.34E-07,8.37E-13,7.57E+05,,0.181334502,0.270993644,0.330853303
10.90455779,6.33E-07,8.37E-13,7.56E+05,,0.181335683,0.270993644,0.330848945
10.90470067,6.33E-07,8.37E-13,7.56E+05,,0.181336864,0.270993644,0.330844587
10.90484355,6.33E-07,8.37E-13,7.56E+05,,0.181338045,0.270993644,0.330840229
10.90498643,6.33E-07,8.37E-13,7.56E+05,,0.181339226,0.270993644,0.330835871
10.9051293,6.33E-07,8.37E-13,7.56E+05,,0.181340407,0.270993644,0.330831513
10.90527218,6.33E-07,8.37E-13,7.56E+05,,0.181341588,0.270993644,0.330827155
10.90541506,6.33E-07,8.37E-13,7.56E+05,,0.181342769,0.270993644,0.330822797
10.90555794,6.33E-07,8.37E-13,7.56E+05,,0.18134395,0.270993644,0.330818439
10.90570081,6.33E-07,8.37E-13,7.56E+05,,0.181345131,0.270993644,0.330814081
10.90584369,6.33E-07,8.37E-13,7.56E+05,,0.181346312,0.270993644,0.330809722
10.90598657,6.33E-07,8.37E-13,7.56E+05,,0.181347493,0.270993644,0.330805364
10.90612945,6.33E-07,8.37E-13,7.56E+05,,0.181348674,0.270993644,0.330801006
10.90627232,6.33E-07,8.37E-13,7.56E+05,,0.181349855,0.270993644,0.330796648
10.9064152,6.32E-07,8.37E-13,7.55E+05,,0.181351036,0.270993644,0.33079229
10.90655808,6.32E-07,8.37E-13,7.55E+05,,0.181352217,0.270993644,0.330787932
10.90670096,6.32E-07,8.37E-13,7.55E+05,,0.181353398,0.270993644,0.330783574
10.90684383,6.32E-07,8.37E-13,7.55E+05,,0.181354579,0.270993644,0.330779216
10.90698671,6.32E-07,8.37E-13,7.55E+05,,0.18135576,0.270993644,0.330774858
10.90712959,6.32E-07,8.37E-13,7.55E+05,,0.181356941,0.270993644,0.3307705
10.90727247,6.32E-07,8.37E-13,7.55E+05,,0.181358122,0.270993644,0.330766142
10.90741535,6.32E-07,8.37E-13,7.55E+05,,0.181359303,0.270993644,0.330761784
10.90755822,6.32E-07,8.37E-13,7.55E+05,,0.181360484,0.270993644,0.330757426
10.9077011,6.32E-07,8.37E-13,7.55E+05,,0.181361665,0.270993644,0.330753068
10.90784398,6.32E-07,8.37E-13,7.55E+05,,0.181362846,0.270993644,0.33074871
10.90798686,6.32E-07,8.37E-13,7.55E+05,,0.181364027,0.270993644,0.330744352
10.90812973,6.32E-07,8.37E-13,7.55E+05,,0.181365208,0.270993644,0.330739994
10.90827261,6.31E-07,8.37E-13,7.53E+05,,0.181366389,0.270993644,0.330735636
10.90841549,6.31E-07,8.37E-13,7.53E+05,,0.18136757,0.270993644,0.330731278
10.90855837,6.31E-07,8.37E-13,7.53E+05,,0.181368751,0.270993644,0.33072692
10.90870124,6.31E-07,8.37E-13,7.53E+05,,0.181369932,0.270993644,0.330722562
10.90884412,6.31E-07,8.37E-13,7.53E+05,,0.181371113,0.270993644,0.330718204
10.908987,6.31E-07,8.37E-13,7.53E+05,,0.181372294,0.270993644,0.330713846
10.90912988,6.31E-07,8.37E-13,7.53E+05,,0.181373475,0.270993644,0.330709488
10.90927275,6.31E-07,8.37E-13,7.53E+05,,0.181374656,0.270993644,0.33070513
10.90941563,6.31E-07,8.37E-13,7.53E+05,,0.181375837,0.270993644,0.330700772
10.90955851,6.31E-07,8.37E-13,7.53E+05,,0.181377018,0.270993644,0.330696414
10.90970139,6.31E-07,8.37E-13,7.53E+05,,0.181378199,0.270993644,0.330692056
10.90984426,6.31E-07,8.37E-13,7.53E+05,,0.18137938,0.270993644,0.330687697
10.90998714,6.31E-07,8.37E-13,7.53E+05,,0.181380561,0.270993644,0.330683339
10.91013002,6.30E-07,8.37E-13,7.52E+05,,0.181381742,0.270993644,0.330678981
10.9102729,6.30E-07,8.37E-13,7.52E+05,,0.181382923,0.270993644,0.330674623
10.91041577,6.30E-07,8.37E-13,7.52E+05,,0.181384104,0.270993644,0.330670265
10.91055865,6.30E-07,8.37E-13,7.52E+05,,0.181385285,0.270993644,0.330665907
10.91070153,6.30E-07,8.37E-13,7.52E+05,,0.181386466,0.270993644,0.330661549
10.91084441,6.30E-07,8.37E-13,7.52E+05,,0.181387647,0.270993644,0.330657191
10.91098728,6.30E-07,8.37E-13,7.52E+05,,0.181388828,0.270993644,0.330652833
10.91113016,6.30E-07,8.37E-13,7.52E+05,,0.181390009,0.270993644,0.330648475
10.91127304,6.30E-07,8.37E-13,7.52E+05,,0.18139119,0.270993644,0.330644117
10.91141592,6.30E-07,8.37E-13,7.52E+05,,0.181392371,0.270993644,0.330639759
10.91155879,6.30E-07,8.37E-13,7.52E+05,,0.181393552,0.270993644,0.330635401
10.91170167,6.30E-07,8.37E-13,7.52E+05,,0.181394733,0.270993644,0.330631043
10.91184455,6.29E-07,8.37E-13,7.51E+05,,0.181395914,0.270993644,0.330626685
10.91198743,6.29E-07,8.37E-13,7.51E+05,,0.181397095,0.270993644,0.330622327
10.9121303,6.29E-07,8.37E-13,7.51E+05,,0.181398276,0.270993644,0.330617969
10.91227318,6.29E-07,8.37E-13,7.51E+05,,0.181399457,0.270993644,0.330613611
10.91241606,6.29E-07,8.37E-13,7.51E+05,,0.181400638,0.270993644,0.330609253
10.91255894,6.29E-07,8.37E-13,7.51E+05,,0.181401819,0.270993644,0.330604895
10.91270181,6.29E-07,8.37E-13,7.51E+05,,0.181403,0.270993644,0.330600537
10.91284469,6.29E-07,8.37E-13,7.51E+05,,0.181404181,0.270993644,0.330596179
10.91298757,6.29E-07,8.37E-13,7.51E+05,,0.181405362,0.270993644,0.330591821
10.91313045,6.29E-07,8.37E-13,7.51E+05,,0.181406543,0.270993644,0.330587463
10.91327332,6.29E-07,8.37E-13,7.51E+05,,0.181407724,0.270993644,0.330583105
10.9134162,6.29E-07,8.37E-13,7.51E+05,,0.181408905,0.270993644,0.330578747
10.91355908,6.29E-07,8.37E-13,7.51E+05,,0.181410086,0.270993644,0.330574389
10.91370196,6.28E-07,8.37E-13,7.50E+05,,0.181411267,0.270993644,0.330570031
10.91384483,6.28E-07,8.37E-13,7.50E+05,,0.181412448,0.270993644,0.330565672
10.91398771,6.28E-07,8.37E-13,7.50E+05,,0.181413629,0.270993644,0.330561314
10.91413059,6.28E-07,8.37E-13,7.50E+05,,0.18141481,0.270993644,0.330556956
10.91427347,6.28E-07,8.37E-13,7.50E+05,,0.181415991,0.270993644,0.330552598
10.91441635,6.28E-07,8.37E-13,7.50E+05,,0.181417172,0.270993644,0.33054824
10.91455922,6.28E-07,8.37E-13,7.50E+05,,0.181418353,0.270993644,0.330543882
10.9147021,6.28E-07,8.37E-13,7.50E+05,,0.181419534,0.270993644,0.330539524
10.91484498,6.28E-07,8.37E-13,7.50E+05,,0.181420715,0.270993644,0.330535166
10.91498786,6.28E-07,8.37E-13,7.50E+05,,0.181421896,0.270993644,0.330530808
10.91513073,6.28E-07,8.37E-13,7.50E+05,,0.181423077,0.270993644,0.33052645
10.91527361,6.28E-07,8.37E-13,7.50E+05,,0.181424258,0.270993644,0.330522092
10.91541649,6.28E-07,8.37E-13,7.50E+05,,0.181425439,0.270993644,0.330517734
10.91555937,6.27E-07,8.37E-13,7.49E+05,,0.18142662,0.270993644,0.330513376
10.91570224,6.27E-07,8.37E-13,7.49E+05,,0.181427801,0.270993644,0.330509018
10.91584512,6.27E-07,8.37E-13,7.49E+05,,0.181428982,0.270993644,0.33050466
10.915988,6.27E-07,8.37E-13,7.49E+05,,0.181430163,0.270993644,0.330500302
10.91613088,6.27E-07,8.37E-13,7.49E+05,,0.181431344,0.270993644,0.330495944
10.91627375,6.27E-07,8.37E-13,7.49E+05,,0.181432525,0.270993644,0.330491586
10.91641663,6.27E-07,8.37E-13,7.49E+05,,0.181433706,0.270993644,0.330487228
10.91655951,6.27E-07,8.37E-13,7.49E+05,,0.181434887,0.270993644,0.33048287
10.91670239,6.27E-07,8.37E-13,7.49E+05,,0.181436068,0.270993644,0.330478512
10.91684526,6.27E-07,8.37E-13,7.49E+05,,0.181437249,0.270993644,0.330474154
10.91698814,6.27E-07,8.37E-13,7.49E+05,,0.18143843,0.270993644,0.330469796
10.91713102,6.27E-07,8.37E-13,7.49E+05,,0.181439611,0.270993644,0.330465438
10.9172739,6.26E-07,8.37E-13,7.47E+05,,0.181440792,0.270993644,0.33046108
10.91741677,6.26E-07,8.37E-13,7.47E+05,,0.181441973,0.270993644,0.330456722
10.91755965,6.26E-07,8.37E-13,7.47E+05,,0.181443154,0.270993644,0.330452364
10.91770253,6.26E-07,8.37E-13,7.47E+05,,0.181444335,0.270993644,0.330448006
10.91784541,6.26E-07,8.37E-13,7.47E+05,,0.181445516,0.270993644,0.330443647
10.91798828,6.26E-07,8.37E-13,7.47E+05,,0.181446697,0.270993644,0.330439289
10.91813116,6.26E-07,8.37E-13,7.47E+05,,0.181447878,0.270993644,0.330434931
10.91827404,6.26E-07,8.37E-13,7.47E+05,,0.181449059,0.270993644,0.330430573
10.91841692,6.26E-07,8.37E-13,7.47E+05,,0.18145024,0.270993644,0.330426215
10.91855979,6.26E-07,8.37E-13,7.47E+05,,0.181451421,0.270993644,0.330421857
10.91870267,6.26E-07,8.37E-13,7.47E+05,,0.181452602,0.270993644,0.330417499
10.91884555,6.26E-07,8.37E-13,7.47E+05,,0.181453783,0.270993644,0.330413141
10.91898843,6.26E-07,8.37E-13,7.47E+05,,0.181454964,0.270993644,0.330408783
10.9191313,6.25E-07,8.37E-13,7.46E+05,,0.181456145,0.270993644,0.330404425
10.91927418,6.25E-07,8.37E-13,7.46E+05,,0.181457326,0.270993644,0.330400067
10.91941706,6.25E-07,8.37E-13,7.46E+05,,0.181458507,0.270993644,0.330395709
10.91955994,6.25E-07,8.37E-13,7.46E+05,,0.181459688,0.270993644,0.330391351
10.91970281,6.25E-07,8.37E-13,7.46E+05,,0.181460869,0.270993644,0.330386993
10.91984569,6.25E-07,8.37E-13,7.46E+05,,0.18146205,0.270993644,0.330382635
10.91998857,6.25E-07,8.37E-13,7.46E+05,,0.181463231,0.270993644,0.330378277
10.92013145,6.25E-07,8.37E-13,7.46E+05,,0.181464412,0.270993644,0.330373919
10.92027432,6.25E-07,8.37E-13,7.46E+05,,0.181465593,0.270993644,0.330369561
10.9204172,6.25E-07,8.37E-13,7.46E+05,,0.181466774,0.270993644,0.330365203
10.92056008,6.25E-07,8.37E-13,7.46E+05,,0.181467955,0.270993644,0.330360845
10.92070296,6.25E-07,8.37E-13,7.46E+05,,0.181469136,0.270993644,0.330356487
10.92084584,6.25E-07,8.37E-13,7.46E+05,,0.181470317,0.270993644,0.330352129
10.92098871,6.24E-07,8.37E-13,7.45E+05,,0.181471498,0.270993644,0.330347771
10.92113159,6.24E-07,8.37E-13,7.45E+05,,0.181472679,0.270993644,0.330343413
10.92127447,6.24E-07,8.37E-13,7.45E+05,,0.18147386,0.270993644,0.330339055
10.92141735,6.24E-07,8.37E-13,7.45E+05,,0.181475041,0.270993644,0.330334697
10.92156022,6.24E-07,8.37E-13,7.45E+05,,0.181476222,0.270993644,0.330330339
10.9217031,6.24E-07,8.37E-13,7.45E+05,,0.181477403,0.270993644,0.330325981
10.92184598,6.24E-07,8.37E-13,7.45E+05,,0.181478584,0.270993644,0.330321622
10.92198886,6.24E-07,8.37E-13,7.45E+05,,0.181479765,0.270993644,0.330317264
10.92213173,6.24E-07,8.37E-13,7.45E+05,,0.181480946,0.270993644,0.330312906
10.92227461,6.24E-07,8.37E-13,7.45E+05,,0.181482127,0.270993644,0.330308548
10.92241749,6.24E-07,8.37E-13,7.45E+05,,0.181483308,0.270993644,0.33030419
10.92256037,6.24E-07,8.37E-13,7.45E+05,,0.181484489,0.270993644,0.330299832
10.92270324,6.24E-07,8.37E-13,7.45E+05,,0.18148567,0.270993644,0.330295474
10.92284612,6.23E-07,8.37E-13,7.44E+05,,0.181486851,0.270993644,0.330291116
10.922989,6.23E-07,8.37E-13,7.44E+05,,0.181488032,0.270993644,0.330286758
10.92313188,6.23E-07,8.37E-13,7.44E+05,,0.181489213,0.270993644,0.3302824
10.92327475,6.23E-07,8.37E-13,7.44E+05,,0.181490394,0.270993644,0.330278042
10.92341763,6.23E-07,8.37E-13,7.44E+05,,0.181491575,0.270993644,0.330273684
10.92356051,6.23E-07,8.37E-13,7.44E+05,,0.181492756,0.270993644,0.330269326
10.92370339,6.23E-07,8.37E-13,7.44E+05,,0.181493937,0.270993644,0.330264968
10.92384626,6.23E-07,8.37E-13,7.44E+05,,0.181495118,0.270993644,0.33026061
10.92398914,6.23E-07,8.37E-13,7.44E+05,,0.181496299,0.270993644,0.330256252
10.92413202,6.23E-07,8.37E-13,7.44E+05,,0.18149748,0.270993644,0.330251894
10.9242749,6.23E-07,8.37E-13,7.44E+05,,0.181498661,0.270993644,0.330247536
10.92441777,6.23E-07,8.37E-13,7.44E+05,,0.181499842,0.270993644,0.330243178
10.92456065,6.22E-07,8.37E-13,7.43E+05,,0.181501023,0.270993644,0.33023882
10.92470353,6.22E-07,8.37E-13,7.43E+05,,0.181502204,0.270993644,0.330234462
10.92484641,6.22E-07,8.37E-13,7.43E+05,,0.181503385,0.270993644,0.330230104
10.92498928,6.22E-07,8.37E-13,7.43E+05,,0.181504566,0.270993644,0.330225746
10.92513216,6.22E-07,8.37E-13,7.43E+05,,0.181505747,0.270993644,0.330221388
10.92527504,6.22E-07,8.37E-13,7.43E+05,,0.181506928,0.270993644,0.33021703
10.92541792,6.22E-07,8.37E-13,7.43E+05,,0.181508109,0.270993644,0.330212672
10.92556079,6.22E-07,8.37E-13,7.43E+05,,0.18150929,0.270993644,0.330208314
10.92570367,6.22E-07,8.37E-13,7.43E+05,,0.181510471,0.270993644,0.330203956
10.92584655,6.22E-07,8.37E-13,7.43E+05,,0.181511652,0.270993644,0.330199597
10.92598943,6.22E-07,8.37E-13,7.43E+05,,0.181512833,0.270993644,0.330195239
10.9261323,6.22E-07,8.37E-13,7.43E+05,,0.181514014,0.270993644,0.330190881
10.92627518,6.22E-07,8.37E-13,7.43E+05,,0.181515195,0.270993644,0.330186523
10.92641806,6.21E-07,8.37E-13,7.42E+05,,0.181516376,0.270993644,0.330182165
10.92656094,6.21E-07,8.37E-13,7.42E+05,,0.181517557,0.270993644,0.330177807
10.92670381,6.21E-07,8.37E-13,7.42E+05,,0.181518738,0.270993644,0.330173449
10.92684669,6.21E-07,8.37E-13,7.42E+05,,0.181519919,0.270993644,0.330169091
10.92698957,6.21E-07,8.37E-13,7.42E+05,,0.1815211,0.270993644,0.330164733
10.92713245,6.21E-07,8.37E-13,7.42E+05,,0.181522281,0.270993644,0.330160375
10.92727533,6.21E-07,8.37E-13,7.42E+05,,0.181523462,0.270993644,0.330156017
10.9274182,6.21E-07,8.37E-13,7.42E+05,,0.181524643,0.270993644,0.330151659
10.92756108,6.21E-07,8.37E-13,7.42E+05,,0.181525824,0.270993644,0.330147301
10.92770396,6.21E-07,8.37E-13,7.42E+05,,0.181527005,0.270993644,0.330142943
10.92784684,6.21E-07,8.37E-13,7.42E+05,,0.181528186,0.270993644,0.330138585
10.92798971,6.21E-07,8.37E-13,7.42E+05,,0.181529367,0.270993644,0.330134227
10.92813259,6.21E-07,8.37E-13,7.42E+05,,0.181530548,0.270993644,0.330129869
10.92827547,6.20E-07,8.37E-13,7.40E+05,,0.181531729,0.270993644,0.330125511
10.92841835,6.20E-07,8.37E-13,7.40E+05,,0.18153291,0.270993644,0.330121153
10.92856122,6.20E-07,8.37E-13,7.40E+05,,0.181534091,0.270993644,0.330116795
10.9287041,6.20E-07,8.37E-13,7.40E+05,,0.181535273,0.270993644,0.330112433
10.92884698,6.20E-07,8.37E-13,7.40E+05,,0.181536454,0.270993644,0.330108075
10.92898986,6.20E-07,8.37E-13,7.40E+05,,0.181537635,0.270993644,0.330103717
10.92913273,6.20E-07,8.37E-13,7.40E+05,,0.181538816,0.270993644,0.330099359
10.92927561,6.20E-07,8.37E-13,7.40E+05,,0.181539997,0.270993644,0.330095001
10.92941849,6.20E-07,8.37E-13,7.40E+05,,0.181541178,0.270993644,0.330090643
10.92956137,6.20E-07,8.37E-13,7.40E+05,,0.181542359,0.270993644,0.330086285
10.92970424,6.20E-07,8.37E-13,7.40E+05,,0.18154354,0.270993644,0.330081927
10.92984712,6.20E-07,8.37E-13,7.40E+05,,0.181544721,0.270993644,0.330077569
10.92999,6.20E-07,8.37E-13,7.40E+05,,0.181545902,0.270993644,0.330073211
10.93013288,6.19E-07,8.37E-13,7.39E+05,,0.181547083,0.270993644,0.330068853
10.93027575,6.19E-07,8.37E-13,7.39E+05,,0.181548264,0.270993644,0.330064495
10.93041863,6.19E-07,8.37E-13,7.39E+05,,0.181549445,0.270993644,0.330060137
10.93056151,6.19E-07,8.37E-13,7.39E+05,,0.181550626,0.270993644,0.330055779
10.93070439,6.19E-07,8.37E-13,7.39E+05,,0.181551807,0.270993644,0.330051421
10.93084726,6.19E-07,8.37E-13,7.39E+05,,0.181552988,0.270993644,0.330047063
10.93099014,6.19E-07,8.37E-13,7.39E+05,,0.181554169,0.270993644,0.330042705
10.93113302,6.19E-07,8.37E-13,7.39E+05,,0.18155535,0.270993644,0.330038346
10.9312759,6.19E-07,8.37E-13,7.39E+05,,0.181556531,0.270993644,0.330033988
10.93141877,6.19E-07,8.37E-13,7.39E+05,,0.181557712,0.270993644,0.33002963
10.93156165,6.19E-07,8.37E-13,7.39E+05,,0.181558893,0.270993644,0.330025272
10.93170453,6.19E-07,8.37E-13,7.39E+05,,0.181560074,0.270993644,0.330020914
10.93184741,6.18E-07,8.37E-13,7.38E+05,,0.181561255,0.270993644,0.330016556
10.93199028,6.18E-07,8.37E-13,7.38E+05,,0.181562436,0.270993644,0.330012198
10.93213316,6.18E-07,8.37E-13,7.38E+05,,0.181563617,0.270993644,0.33000784
10.93227604,6.18E-07,8.37E-13,7.38E+05,,0.181564798,0.270993644,0.330003482
10.93241892,6.18E-07,8.37E-13,7.38E+05,,0.181565979,0.270993644,0.329999124
10.93256179,6.18E-07,8.37E-13,7.38E+05,,0.18156716,0.270993644,0.329994766
10.93270467,6.18E-07,8.37E-13,7.38E+05,,0.181568341,0.270993644,0.329990408
10.93284755,6.18E-07,8.37E-13,7.38E+05,,0.181569522,0.270993644,0.32998605
10.93299043,6.18E-07,8.37E-13,7.38E+05,,0.181570703,0.270993644,0.329981692
10.9331333,6.18E-07,8.37E-13,7.38E+05,,0.181571884,0.270993644,0.329977334
10.93327618,6.18E-07,8.37E-13,7.38E+05,,0.181573065,0.270993644,0.329972976
10.93341906,6.18E-07,8.37E-13,7.38E+05,,0.181574246,0.270993644,0.329968618
10.93356194,6.18E-07,8.37E-13,7.38E+05,,0.181575427,0.270993644,0.32996426
10.93370481,6.17E-07,8.37E-13,7.37E+05,,0.181576608,0.270993644,0.329959902
10.93384769,6.17E-07,8.37E-13,7.37E+05,,0.181577789,0.270993644,0.329955544
10.93399057,6.17E-07,8.37E-13,7.37E+05,,0.18157897,0.270993644,0.329951186
10.93413345,6.17E-07,8.37E-13,7.37E+05,,0.181580151,0.270993644,0.329946828
10.93427633,6.17E-07,8.37E-13,7.37E+05,,0.181581332,0.270993644,0.32994247
10.9344192,6.17E-07,8.37E-13,7.37E+05,,0.181582513,0.270993644,0.329938112
10.93456208,6.17E-07,8.37E-13,7.37E+05,,0.181583694,0.270993644,0.329933754
10.93470496,6.17E-07,8.37E-13,7.37E+05,,0.181584875,0.270993644,0.329929396
10.93484784,6.17E-07,8.37E-13,7.37E+05,,0.181586056,0.270993644,0.329925038
10.93499071,6.17E-07,8.37E-13,7.37E+05,,0.181587237,0.270993644,0.32992068
10.93513359,6.17E-07,8.37E-13,7.37E+05,,0.181588418,0.270993644,0.329916321
10.93527647,6.17E-07,8.37E-13,7.37E+05,,0.181589599,0.270993644,0.329911963
10.93541935,6.17E-07,8.37E-13,7.37E+05,,0.18159078,0.270993644,0.329907605
10.93556222,6.16E-07,8.37E-13,7.36E+05,,0.181591961,0.270993644,0.329903247
10.9357051,6.16E-07,8.37E-13,7.36E+05,,0.181593142,0.270993644,0.329898889
10.93584798,6.16E-07,8.37E-13,7.36E+05,,0.181594323,0.270993644,0.329894531
10.93599086,6.16E-07,8.37E-13,7.36E+05,,0.181595504,0.270993644,0.329890173
10.93613373,6.16E-07,8.37E-13,7.36E+05,,0.181596685,0.270993644,0.329885815
10.93627661,6.16E-07,8.37E-13,7.36E+05,,0.181597866,0.270993644,0.329881457
10.93641949,6.16E-07,8.37E-13,7.36E+05,,0.181599047,0.270993644,0.329877099
10.93656237,6.16E-07,8.37E-13,7.36E+05,,0.181600228,0.270993644,0.329872741
10.93670524,6.16E-07,8.37E-13,7.36E+05,,0.181601409,0.270993644,0.329868383
10.93684812,6.16E-07,8.37E-13,7.36E+05,,0.18160259,0.270993644,0.329864025
10.936991,6.16E-07,8.37E-13,7.36E+05,,0.181603771,0.270993644,0.329859667
10.93713388,6.16E-07,8.37E-13,7.36E+05,,0.181604952,0.270993644,0.329855309
10.93727675,6.15E-07,8.37E-13,7.34E+05,,0.181606133,0.270993644,0.329850951
10.93741963,6.15E-07,8.37E-13,7.34E+05,,0.181607314,0.270993644,0.329846593
10.93756251,6.15E-07,8.37E-13,7.34E+05,,0.181608495,0.270993644,0.329842235
10.93770539,6.15E-07,8.37E-13,7.34E+05,,0.181609676,0.270993644,0.329837877
10.93784826,6.15E-07,8.37E-13,7.34E+05,,0.181610857,0.270993644,0.329833519
10.93799114,6.15E-07,8.37E-13,7.34E+05,,0.181612038,0.270993644,0.329829161
10.93813402,6.15E-07,8.37E-13,7.34E+05,,0.181613219,0.270993644,0.329824803
10.9382769,6.15E-07,8.37E-13,7.34E+05,,0.1816144,0.270993644,0.329820445
10.93841977,6.15E-07,8.37E-13,7.34E+05,,0.181615581,0.270993644,0.329816087
10.93856265,6.15E-07,8.37E-13,7.34E+05,,0.181616762,0.270993644,0.329811729
10.93870553,6.15E-07,8.37E-13,7.34E+05,,0.181617943,0.270993644,0.329807371
10.93884841,6.15E-07,8.37E-13,7.34E+05,,0.181619124,0.270993644,0.329803013
10.93899128,6.15E-07,8.37E-13,7.34E+05,,0.181620305,0.270993644,0.329798654
10.93913416,6.14E-07,8.37E-13,7.33E+05,,0.181621486,0.270993644,0.329794296
10.93927704,6.14E-07,8.37E-13,7.33E+05,,0.181622667,0.270993644,0.329789938
10.93941992,6.14E-07,8.37E-13,7.33E+05,,0.181623848,0.270993644,0.32978558
10.93956279,6.14E-07,8.37E-13,7.33E+05,,0.181625029,0.270993644,0.329781222
10.93970567,6.14E-07,8.37E-13,7.33E+05,,0.18162621,0.270993644,0.329776864
10.93984855,6.14E-07,8.37E-13,7.33E+05,,0.181627391,0.270993644,0.329772506
10.93999143,6.14E-07,8.37E-13,7.33E+05,,0.181628572,0.270993644,0.329768148
10.9401343,6.14E-07,8.37E-13,7.33E+05,,0.181629753,0.270993644,0.32976379
10.94027718,6.14E-07,8.37E-13,7.33E+05,,0.181630934,0.270993644,0.329759432
10.94042006,6.14E-07,8.37E-13,7.33E+05,,0.181632115,0.270993644,0.329755074
10.94056294,6.14E-07,8.37E-13,7.33E+05,,0.181633296,0.270993644,0.329750716
10.94070582,6.14E-07,8.37E-13,7.33E+05,,0.181634477,0.270993644,0.329746358
10.94084869,6.14E-07,8.37E-13,7.33E+05,,0.181635658,0.270993644,0.329742
10.94099157,6.13E-07,8.37E-13,7.32E+05,,0.181636839,0.270993644,0.329737642
10.94113445,6.13E-07,8.37E-13,7.32E+05,,0.18163802,0.270993644,0.329733284
10.94127733,6.13E-07,8.37E-13,7.32E+05,,0.181639201,0.270993644,0.329728926
10.9414202,6.13E-07,8.37E-13,7.32E+05,,0.181640382,0.270993644,0.329724568
10.94156308,6.13E-07,8.37E-13,7.32E+05,,0.181641563,0.270993644,0.32972021
10.94170596,6.13E-07,8.37E-13,7.32E+05,,0.181642744,0.270993644,0.329715852
10.94184884,6.13E-07,8.37E-13,7.32E+05,,0.181643925,0.270993644,0.329711494
10.94199171,6.13E-07,8.37E-13,7.32E+05,,0.181645106,0.270993644,0.329707136
10.94213459,6.13E-07,8.37E-13,7.32E+05,,0.181646287,0.270993644,0.329702778
10.94227747,6.13E-07,8.37E-13,7.32E+05,,0.181647468,0.270993644,0.32969842
10.94242035,6.13E-07,8.37E-13,7.32E+05,,0.181648649,0.270993644,0.329694062
10.94256322,6.13E-07,8.37E-13,7.32E+05,,0.18164983,0.270993644,0.329689704
10.9427061,6.13E-07,8.37E-13,7.32E+05,,0.181651011,0.270993644,0.329685346
10.94284898,6.12E-07,8.37E-13,7.31E+05,,0.181652192,0.270993644,0.329680988
10.94299186,6.12E-07,8.37E-13,7.31E+05,,0.181653373,0.270993644,0.329676629
10.94313473,6.12E-07,8.37E-13,7.31E+05,,0.181654554,0.270993644,0.329672271
10.94327761,6.12E-07,8.37E-13,7.31E+05,,0.181655735,0.270993644,0.329667913
10.94342049,6.12E-07,8.37E-13,7.31E+05,,0.181656916,0.270993644,0.329663555
10.94356337,6.12E-07,8.37E-13,7.31E+05,,0.181658097,0.270993644,0.329659197
10.94370624,6.12E-07,8.37E-13,7.31E+05,,0.181659278,0.270993644,0.329654839
10.94384912,6.12E-07,8.37E-13,7.31E+05,,0.181660459,0.270993644,0.329650481
10.943992,6.12E-07,8.37E-13,7.31E+05,,0.18166164,0.270993644,0.329646123
10.94413488,6.12E-07,8.37E-13,7.31E+05,,0.181662821,0.270993644,0.329641765
10.94427775,6.12E-07,8.37E-13,7.31E+05,,0.181664002,0.270993644,0.329637407
10.94442063,6.12E-07,8.37E-13,7.31E+05,,0.181665183,0.270993644,0.329633049
10.94456351,6.11E-07,8.37E-13,7.30E+05,,0.181666364,0.270993644,0.329628691
10.94470639,6.11E-07,8.37E-13,7.30E+05,,0.181667545,0.270993644,0.329624333
10.94484926,6.11E-07,8.37E-13,7.30E+05,,0.181668726,0.270993644,0.329619975
10.94499214,6.11E-07,8.37E-13,7.30E+05,,0.181669907,0.270993644,0.329615617
10.94513502,6.11E-07,8.37E-13,7.30E+05,,0.181671088,0.270993644,0.329611259
10.9452779,6.11E-07,8.37E-13,7.30E+05,,0.181672269,0.270993644,0.329606901
10.94542077,6.11E-07,8.37E-13,7.30E+05,,0.18167345,0.270993644,0.329602543
10.94556365,6.11E-07,8.37E-13,7.30E+05,,0.181674631,0.270993644,0.329598185
10.94570653,6.11E-07,8.37E-13,7.30E+05,,0.181675812,0.270993644,0.329593827
10.94584941,6.11E-07,8.37E-13,7.30E+05,,0.181676993,0.270993644,0.329589469
10.94599228,6.11E-07,8.37E-13,7.30E+05,,0.181678174,0.270993644,0.329585111
10.94613516,6.11E-07,8.37E-13,7.30E+05,,0.181679355,0.270993644,0.329580753
10.94627804,6.11E-07,8.37E-13,7.30E+05,,0.181680536,0.270993644,0.329576395
10.94642092,6.10E-07,8.37E-13,7.28E+05,,0.181681717,0.270993644,0.329572037
10.94656379,6.10E-07,8.37E-13,7.28E+05,,0.181682898,0.270993644,0.329567679
10.94670667,6.10E-07,8.37E-13,7.28E+05,,0.181684079,0.270993644,0.329563321
10.94684955,6.10E-07,8.37E-13,7.28E+05,,0.18168526,0.270993644,0.329558963
10.94699243,6.10E-07,8.37E-13,7.28E+05,,0.181686441,0.270993644,0.329554604
10.94713531,6.10E-07,8.37E-13,7.28E+05,,0.181687622,0.270993644,0.329550246
10.94727818,6.10E-07,8.37E-13,7.28E+05,,0.181688803,0.270993644,0.329545888
10.94742106,6.10E-07,8.37E-13,7.28E+05,,0.181689984,0.270993644,0.32954153
10.94756394,6.10E-07,8.37E-13,7.28E+05,,0.181691165,0.270993644,0.329537172
10.94770682,6.10E-07,8.37E-13,7.28E+05,,0.181692346,0.270993644,0.329532814
10.94784969,6.10E-07,8.37E-13,7.28E+05,,0.181693527,0.270993644,0.329528456
10.94799257,6.10E-07,8.37E-13,7.28E+05,,0.181694708,0.270993644,0.329524098
10.94813545,6.10E-07,8.37E-13,7.28E+05,,0.181695889,0.270993644,0.32951974
10.94827833,6.09E-07,8.37E-13,7.27E+05,,0.18169707,0.270993644,0.329515382
10.9484212,6.09E-07,8.37E-13,7.27E+05,,0.181698251,0.270993644,0.329511024
10.94856408,6.09E-07,8.37E-13,7.27E+05,,0.181699432,0.270993644,0.329506666
10.94870696,6.09E-07,8.37E-13,7.27E+05,,0.181700613,0.270993644,0.329502308
10.94884984,6.09E-07,8.37E-13,7.27E+05,,0.181701794,0.270993644,0.32949795
10.94899271,6.09E-07,8.37E-13,7.27E+05,,0.181702975,0.270993644,0.329493592
10.94913559,6.09E-07,8.37E-13,7.27E+05,,0.181704156,0.270993644,0.329489234
10.94927847,6.09E-07,8.37E-13,7.27E+05,,0.181705337,0.270993644,0.329484876
10.94942135,6.09E-07,8.37E-13,7.27E+05,,0.181706518,0.270993644,0.329480518
10.94956422,6.09E-07,8.37E-13,7.27E+05,,0.181707699,0.270993644,0.32947616
10.9497071,6.09E-07,8.37E-13,7.27E+05,,0.18170888,0.270993644,0.329471802
10.94984998,6.09E-07,8.37E-13,7.27E+05,,0.181710061,0.270993644,0.329467444
10.94999286,6.09E-07,8.37E-13,7.27E+05,,0.181711242,0.270993644,0.329463086
10.95013573,6.08E-07,8.37E-13,7.26E+05,,0.181712423,0.270993644,0.329458728
10.95027861,6.08E-07,8.37E-13,7.26E+05,,0.181713604,0.270993644,0.32945437
10.95042149,6.08E-07,8.37E-13,7.26E+05,,0.181714785,0.270993644,0.329450012
10.95056437,6.08E-07,8.37E-13,7.26E+05,,0.181715966,0.270993644,0.329445654
10.95070724,6.08E-07,8.37E-13,7.26E+05,,0.181717147,0.270993644,0.329441296
10.95085012,6.08E-07,8.37E-13,7.26E+05,,0.181718328,0.270993644,0.329436938
10.950993,6.08E-07,8.37E-13,7.26E+05,,0.181719509,0.270993644,0.329432579
10.95113588,6.08E-07,8.37E-13,7.26E+05,,0.18172069,0.270993644,0.329428221
10.95127875,6.08E-07,8.37E-13,7.26E+05,,0.181721871,0.270993644,0.329423863
10.95142163,6.08E-07,8.37E-13,7.26E+05,,0.181723052,0.270993644,0.329419505
10.95156451,6.08E-07,8.37E-13,7.26E+05,,0.181724233,0.270993644,0.329415147
10.95170739,6.08E-07,8.37E-13,7.26E+05,,0.181725414,0.270993644,0.329410789
10.95185026,6.07E-07,8.37E-13,7.25E+05,,0.181726595,0.270993644,0.329406431
10.95199314,6.07E-07,8.37E-13,7.25E+05,,0.181727776,0.270993644,0.329402073
10.95213602,6.07E-07,8.37E-13,7.25E+05,,0.181728957,0.270993644,0.329397715
10.9522789,6.07E-07,8.37E-13,7.25E+05,,0.181730138,0.270993644,0.329393357
10.95242177,6.07E-07,8.37E-13,7.25E+05,,0.181731319,0.270993644,0.329388999
10.95256465,6.07E-07,8.37E-13,7.25E+05,,0.1817325,0.270993644,0.329384641
10.95270753,6.07E-07,8.37E-13,7.25E+05,,0.181733681,0.270993644,0.329380283
10.95285041,6.07E-07,8.37E-13,7.25E+05,,0.181734862,0.270993644,0.329375925
10.95299328,6.07E-07,8.37E-13,7.25E+05,,0.181736043,0.270993644,0.329371567
10.95313616,6.07E-07,8.37E-13,7.25E+05,,0.181737224,0.270993644,0.329367209
10.95327904,6.07E-07,8.37E-13,7.25E+05,,0.181738405,0.270993644,0.329362851
10.95342192,6.07E-07,8.37E-13,7.25E+05,,0.181739586,0.270993644,0.329358493
10.95356479,6.07E-07,8.37E-13,7.25E+05,,0.181740767,0.270993644,0.329354135
10.95370767,6.06E-07,8.37E-13,7.24E+05,,0.181741948,0.270993644,0.329349777
10.95385055,6.06E-07,8.37E-13,7.24E+05,,0.181743129,0.270993644,0.329345419
10.95399343,6.06E-07,8.37E-13,7.24E+05,,0.18174431,0.270993644,0.329341061
10.95413631,6.06E-07,8.37E-13,7.24E+05,,0.181745491,0.270993644,0.329336703
10.95427918,6.06E-07,8.37E-13,7.24E+05,,0.181746672,0.270993644,0.329332345
10.95442206,6.06E-07,8.37E-13,7.24E+05,,0.181747853,0.270993644,0.329327987
10.95456494,6.06E-07,8.37E-13,7.24E+05,,0.181749034,0.270993644,0.329323629
10.95470782,6.06E-07,8.37E-13,7.24E+05,,0.181750215,0.270993644,0.329319271
10.95485069,6.06E-07,8.37E-13,7.24E+05,,0.181751396,0.270993644,0.329314913
10.95499357,6.06E-07,8.37E-13,7.24E+05,,0.181752577,0.270993644,0.329310554
10.95513645,6.06E-07,8.37E-13,7.24E+05,,0.181753758,0.270993644,0.329306196
10.95527933,6.06E-07,8.37E-13,7.24E+05,,0.181754939,0.270993644,0.329301838
10.9554222,6.06E-07,8.37E-13,7.24E+05,,0.18175612,0.270993644,0.32929748
10.95556508,6.05E-07,8.37E-13,7.22E+05,,0.181757301,0.270993644,0.329293122
10.95570796,6.05E-07,8.37E-13,7.22E+05,,0.181758482,0.270993644,0.329288764
10.95585084,6.05E-07,8.37E-13,7.22E+05,,0.181759663,0.270993644,0.329284406
10.95599371,6.05E-07,8.37E-13,7.22E+05,,0.181760844,0.270993644,0.329280048
10.95613659,6.05E-07,8.37E-13,7.22E+05,,0.181762025,0.270993644,0.32927569
10.95627947,6.05E-07,8.37E-13,7.22E+05,,0.181763206,0.270993644,0.329271332
10.95642235,6.05E-07,8.37E-13,7.22E+05,,0.181764387,0.270993644,0.329266974
10.95656522,6.05E-07,8.37E-13,7.22E+05,,0.181765568,0.270993644,0.329262616
10.9567081,6.05E-07,8.37E-13,7.22E+05,,0.181766749,0.270993644,0.329258258
10.95685098,6.05E-07,8.37E-13,7.22E+05,,0.18176793,0.270993644,0.3292539
10.95699386,6.05E-07,8.37E-13,7.22E+05,,0.181769111,0.270993644,0.329249542
10.95713673,6.05E-07,8.37E-13,7.22E+05,,0.181770292,0.270993644,0.329245184
10.95727961,6.04E-07,8.37E-13,7.21E+05,,0.181771473,0.270993644,0.329240826
10.95742249,6.04E-07,8.37E-13,7.21E+05,,0.181772654,0.270993644,0.329236468
10.95756537,6.04E-07,8.37E-13,7.21E+05,,0.181773835,0.270993644,0.32923211
10.95770824,6.04E-07,8.37E-13,7.21E+05,,0.181775016,0.270993644,0.329227752
10.95785112,6.04E-07,8.37E-13,7.21E+05,,0.181776197,0.270993644,0.329223394
10.957994,6.04E-07,8.37E-13,7.21E+05,,0.181777378,0.270993644,0.329219036
10.95813688,6.04E-07,8.37E-13,7.21E+05,,0.181778559,0.270993644,0.329214678
10.95827975,6.04E-07,8.37E-13,7.21E+05,,0.18177974,0.270993644,0.32921032
10.95842263,6.04E-07,8.37E-13,7.21E+05,,0.181780921,0.270993644,0.329205962
10.95856551,6.04E-07,8.37E-13,7.21E+05,,0.181782102,0.270993644,0.329201604
10.95870839,6.04E-07,8.37E-13,7.21E+05,,0.181783283,0.270993644,0.329197246
10.95885126,6.04E-07,8.37E-13,7.21E+05,,0.181784464,0.270993644,0.329192888
10.95899414,6.04E-07,8.37E-13,7.21E+05,,0.181785645,0.270993644,0.329188529
10.95913702,6.03E-07,8.37E-13,7.20E+05,,0.181786826,0.270993644,0.329184171
10.9592799,6.03E-07,8.37E-13,7.20E+05,,0.181788007,0.270993644,0.329179813
10.95942277,6.03E-07,8.37E-13,7.20E+05,,0.181789188,0.270993644,0.329175455
10.95956565,6.03E-07,8.37E-13,7.20E+05,,0.181790369,0.270993644,0.329171097
10.95970853,6.03E-07,8.37E-13,7.20E+05,,0.18179155,0.270993644,0.329166739
10.95985141,6.03E-07,8.37E-13,7.20E+05,,0.181792731,0.270993644,0.329162381
10.95999428,6.03E-07,8.37E-13,7.20E+05,,0.181793912,0.270993644,0.329158023
10.96013716,6.03E-07,8.37E-13,7.20E+05,,0.181795093,0.270993644,0.329153665
10.96028004,6.03E-07,8.37E-13,7.20E+05,,0.181796274,0.270993644,0.329149307
10.96042292,6.03E-07,8.37E-13,7.20E+05,,0.181797455,0.270993644,0.329144949
10.9605658,6.03E-07,8.37E-13,7.20E+05,,0.181798636,0.270993644,0.329140591
10.96070867,6.03E-07,8.37E-13,7.20E+05,,0.181799817,0.270993644,0.329136233
10.96085155,6.03E-07,8.37E-13,7.20E+05,,0.181800998,0.270993644,0.329131875
10.96099443,6.02E-07,8.37E-13,7.19E+05,,0.181802179,0.270993644,0.329127517
10.96113731,6.02E-07,8.37E-13,7.19E+05,,0.18180336,0.270993644,0.329123159
10.96128018,6.02E-07,8.37E-13,7.19E+05,,0.181804541,0.270993644,0.329118801
10.96142306,6.02E-07,8.37E-13,7.19E+05,,0.181805722,0.270993644,0.329114443
10.96156594,6.02E-07,8.37E-13,7.19E+05,,0.181806903,0.270993644,0.329110085
10.96170882,6.02E-07,8.37E-13,7.19E+05,,0.181808084,0.270993644,0.329105727
10.96185169,6.02E-07,8.37E-13,7.19E+05,,0.181809265,0.270993644,0.329101369
10.96199457,6.02E-07,8.37E-13,7.19E+05,,0.181810446,0.270993644,0.329097011
10.96213745,6.02E-07,8.37E-13,7.19E+05,,0.181811627,0.270993644,0.329092653
10.96228033,6.02E-07,8.37E-13,7.19E+05,,0.181812808,0.270993644,0.329088295
10.9624232,6.02E-07,8.37E-13,7.19E+05,,0.181813989,0.270993644,0.329083937
10.96256608,6.02E-07,8.37E-13,7.19E+05,,0.18181517,0.270993644,0.329079579
10.96270896,6.02E-07,8.37E-13,7.19E+05,,0.181816351,0.270993644,0.329075221
10.96285184,6.01E-07,8.37E-13,7.18E+05,,0.181817532,0.270993644,0.329070863
10.96299471,6.01E-07,8.37E-13,7.18E+05,,0.181818713,0.270993644,0.329066504
10.96313759,6.01E-07,8.37E-13,7.18E+05,,0.181819894,0.270993644,0.329062146
10.96328047,6.01E-07,8.37E-13,7.18E+05,,0.181821075,0.270993644,0.329057788
10.96342335,6.01E-07,8.37E-13,7.18E+05,,0.181822256,0.270993644,0.32905343
10.96356622,6.01E-07,8.37E-13,7.18E+05,,0.181823437,0.270993644,0.329049072
10.9637091,6.01E-07,8.37E-13,7.18E+05,,0.181824618,0.270993644,0.329044714
10.96385198,6.01E-07,8.37E-13,7.18E+05,,0.181825799,0.270993644,0.329040356
10.96399486,6.01E-07,8.37E-13,7.18E+05,,0.18182698,0.270993644,0.329035998
10.96413773,6.01E-07,8.37E-13,7.18E+05,,0.181828161,0.270993644,0.32903164
10.96428061,6.01E-07,8.37E-13,7.18E+05,,0.181829342,0.270993644,0.329027282
10.96442349,6.01E-07,8.37E-13,7.18E+05,,0.181830523,0.270993644,0.329022924
10.96456637,6.00E-07,8.37E-13,7.16E+05,,0.181831704,0.270993644,0.329018566
10.96470924,6.00E-07,8.37E-13,7.16E+05,,0.181832885,0.270993644,0.329014208
10.96485212,6.00E-07,8.37E-13,7.16E+05,,0.181834066,0.270993644,0.32900985
10.964995,6.00E-07,8.37E-13,7.16E+05,,0.181835247,0.270993644,0.329005492
10.96513788,6.00E-07,8.37E-13,7.16E+05,,0.181836428,0.270993644,0.329001134
10.96528075,6.00E-07,8.37E-13,7.16E+05,,0.181837609,0.270993644,0.328996776
10.96542363,6.00E-07,8.37E-13,7.16E+05,,0.18183879,0.270993644,0.328992418
10.96556651,6.00E-07,8.37E-13,7.16E+05,,0.181839971,0.270993644,0.32898806
10.96570939,6.00E-07,8.37E-13,7.16E+05,,0.181841152,0.270993644,0.328983702
10.96585226,6.00E-07,8.37E-13,7.16E+05,,0.181842333,0.270993644,0.328979344
10.96599514,6.00E-07,8.37E-13,7.16E+05,,0.181843514,0.270993644,0.328974986
10.96613802,6.00E-07,8.37E-13,7.16E+05,,0.181844695,0.270993644,0.328970628
10.9662809,6.00E-07,8.37E-13,7.16E+05,,0.181845876,0.270993644,0.32896627
10.96642377,5.99E-07,8.37E-13,7.15E+05,,0.181847057,0.270993644,0.328961912
10.96656665,5.99E-07,8.37E-13,7.15E+05,,0.181848238,0.270993644,0.328957554
10.96670953,5.99E-07,8.37E-13,7.15E+05,,0.181849419,0.270993644,0.328953196
10.96685241,5.99E-07,8.37E-13,7.15E+05,,0.1818506,0.270993644,0.328948838
10.96699529,5.99E-07,8.37E-13,7.15E+05,,0.181851781,0.270993644,0.328944479
10.96713816,5.99E-07,8.37E-13,7.15E+05,,0.181852962,0.270993644,0.328940121
10.96728104,5.99E-07,8.37E-13,7.15E+05,,0.181854143,0.270993644,0.328935763
10.96742392,5.99E-07,8.37E-13,7.15E+05,,0.181855324,0.270993644,0.328931405
10.9675668,5.99E-07,8.37E-13,7.15E+05,,0.181856505,0.270993644,0.328927047
10.96770967,5.99E-07,8.37E-13,7.15E+05,,0.181857686,0.270993644,0.328922689
10.96785255,5.99E-07,8.37E-13,7.15E+05,,0.181858867,0.270993644,0.328918331
10.96799543,5.99E-07,8.37E-13,7.15E+05,,0.181860048,0.270993644,0.328913973
10.96813831,5.99E-07,8.37E-13,7.15E+05,,0.181861229,0.270993644,0.328909615
10.96828118,5.98E-07,8.37E-13,7.14E+05,,0.18186241,0.270993644,0.328905257
10.96842406,5.98E-07,8.37E-13,7.14E+05,,0.181863591,0.270993644,0.328900899
10.96856694,5.98E-07,8.37E-13,7.14E+05,,0.181864772,0.270993644,0.328896541
10.96870982,5.98E-07,8.37E-13,7.14E+05,,0.181865953,0.270993644,0.328892183
10.96885269,5.98E-07,8.37E-13,7.14E+05,,0.181867134,0.270993644,0.328887825
10.96899557,5.98E-07,8.37E-13,7.14E+05,,0.181868315,0.270993644,0.328883467
10.96913845,5.98E-07,8.37E-13,7.14E+05,,0.181869496,0.270993644,0.328879109
10.96928133,5.98E-07,8.37E-13,7.14E+05,,0.181870677,0.270993644,0.328874751
10.9694242,5.98E-07,8.37E-13,7.14E+05,,0.181871858,0.270993644,0.328870393
10.96956708,5.98E-07,8.37E-13,7.14E+05,,0.181873039,0.270993644,0.328866035
10.96970996,5.98E-07,8.37E-13,7.14E+05,,0.18187422,0.270993644,0.328861677
10.96985284,5.98E-07,8.37E-13,7.14E+05,,0.181875401,0.270993644,0.328857319
10.96999571,5.98E-07,8.37E-13,7.14E+05,,0.181876582,0.270993644,0.328852961
10.97013859,5.97E-07,8.37E-13,7.13E+05,,0.181877763,0.270993644,0.328848603
10.97028147,5.97E-07,8.37E-13,7.13E+05,,0.181878944,0.270993644,0.328844245
10.97042435,5.97E-07,8.37E-13,7.13E+05,,0.181880125,0.270993644,0.328839887
10.97056722,5.97E-07,8.37E-13,7.13E+05,,0.181881306,0.270993644,0.328835529
10.9707101,5.97E-07,8.37E-13,7.13E+05,,0.181882487,0.270993644,0.328831171
10.97085298,5.97E-07,8.37E-13,7.13E+05,,0.181883668,0.270993644,0.328826813
10.97099586,5.97E-07,8.37E-13,7.13E+05,,0.181884849,0.270993644,0.328822454
10.97113873,5.97E-07,8.37E-13,7.13E+05,,0.18188603,0.270993644,0.328818096
10.97128161,5.97E-07,8.37E-13,7.13E+05,,0.181887211,0.270993644,0.328813738
10.97142449,5.97E-07,8.37E-13,7.13E+05,,0.181888392,0.270993644,0.32880938
10.97156737,5.97E-07,8.37E-13,7.13E+05,,0.181889573,0.270993644,0.328805022
10.97171024,5.97E-07,8.37E-13,7.13E+05,,0.181890754,0.270993644,0.328800664
10.97185312,5.96E-07,8.37E-13,7.12E+05,,0.181891935,0.270993644,0.328796306
10.971996,5.96E-07,8.37E-13,7.12E+05,,0.181893116,0.270993644,0.328791948
10.97213888,5.96E-07,8.37E-13,7.12E+05,,0.181894297,0.270993644,0.32878759
10.97228175,5.96E-07,8.37E-13,7.12E+05,,0.181895478,0.270993644,0.328783232
10.97242463,5.96E-07,8.37E-13,7.12E+05,,0.181896659,0.270993644,0.328778874
10.97256751,5.96E-07,8.37E-13,7.12E+05,,0.18189784,0.270993644,0.328774516
10.97271039,5.96E-07,8.37E-13,7.12E+05,,0.181899021,0.270993644,0.328770158
10.97285326,5.96E-07,8.37E-13,7.12E+05,,0.181900202,0.270993644,0.3287658
10.97299614,5.96E-07,8.37E-13,7.12E+05,,0.181901383,0.270993644,0.328761442
10.97313902,5.96E-07,8.37E-13,7.12E+05,,0.181902564,0.270993644,0.328757084
10.9732819,5.96E-07,8.37E-13,7.12E+05,,0.181903745,0.270993644,0.328752726
10.97342477,5.96E-07,8.37E-13,7.12E+05,,0.181904926,0.270993644,0.328748368
10.97356765,5.96E-07,8.37E-13,7.12E+05,,0.181906107,0.270993644,0.32874401
10.97371053,5.95E-07,8.37E-13,7.10E+05,,0.181907288,0.270993644,0.328739652
10.97385341,5.95E-07,8.37E-13,7.10E+05,,0.181908469,0.270993644,0.328735294
10.97399629,5.95E-07,8.37E-13,7.10E+05,,0.18190965,0.270993644,0.328730936
10.97413916,5.95E-07,8.37E-13,7.10E+05,,0.181910831,0.270993644,0.328726578
10.97428204,5.95E-07,8.37E-13,7.10E+05,,0.181912012,0.270993644,0.32872222
10.97442492,5.95E-07,8.37E-13,7.10E+05,,0.181913193,0.270993644,0.328717862
10.9745678,5.95E-07,8.37E-13,7.10E+05,,0.181914374,0.270993644,0.328713504
10.97471067,5.95E-07,8.37E-13,7.10E+05,,0.181915555,0.270993644,0.328709146
10.97485355,5.95E-07,8.37E-13,7.10E+05,,0.181916736,0.270993644,0.328704788
10.97499643,5.95E-07,8.37E-13,7.10E+05,,0.181917917,0.270993644,0.328700429
10.97513931,5.95E-07,8.37E-13,7.10E+05,,0.181919098,0.270993644,0.328696071
10.97528218,5.95E-07,8.37E-13,7.10E+05,,0.181920279,0.270993644,0.328691713
10.97542506,5.95E-07,8.37E-13,7.10E+05,,0.18192146,0.270993644,0.328687355
10.97556794,5.94E-07,8.37E-13,7.09E+05,,0.181922641,0.270993644,0.328682997
10.97571082,5.94E-07,8.37E-13,7.09E+05,,0.181923822,0.270993644,0.328678639
10.97585369,5.94E-07,8.37E-13,7.09E+05,,0.181925003,0.270993644,0.328674281
10.97599657,5.94E-07,8.37E-13,7.09E+05,,0.181926184,0.270993644,0.328669923
10.97613945,5.94E-07,8.37E-13,7.09E+05,,0.181927365,0.270993644,0.328665565
10.97628233,5.94E-07,8.37E-13,7.09E+05,,0.181928547,0.270993644,0.328661203
10.9764252,5.94E-07,8.37E-13,7.09E+05,,0.181929728,0.270993644,0.328656845
10.97656808,5.94E-07,8.37E-13,7.09E+05,,0.181930909,0.270993644,0.328652487
10.97671096,5.94E-07,8.37E-13,7.09E+05,,0.18193209,0.270993644,0.328648129
10.97685384,5.94E-07,8.37E-13,7.09E+05,,0.181933271,0.270993644,0.328643771
10.97699671,5.94E-07,8.37E-13,7.09E+05,,0.181934452,0.270993644,0.328639413
10.97713959,5.94E-07,8.37E-13,7.09E+05,,0.181935633,0.270993644,0.328635055
10.97728247,5.93E-07,8.37E-13,7.08E+05,,0.181936814,0.270993644,0.328630697
10.97742535,5.93E-07,8.37E-13,7.08E+05,,0.181937995,0.270993644,0.328626339
10.97756822,5.93E-07,8.37E-13,7.08E+05,,0.181939176,0.270993644,0.328621981
10.9777111,5.93E-07,8.37E-13,7.08E+05,,0.181940357,0.270993644,0.328617623
10.97785398,5.93E-07,8.37E-13,7.08E+05,,0.181941538,0.270993644,0.328613265
10.97799686,5.93E-07,8.37E-13,7.08E+05,,0.181942719,0.270993644,0.328608907
10.97813973,5.93E-07,8.37E-13,7.08E+05,,0.1819439,0.270993644,0.328604549
10.97828261,5.93E-07,8.37E-13,7.08E+05,,0.181945081,0.270993644,0.328600191
10.97842549,5.93E-07,8.37E-13,7.08E+05,,0.181946262,0.270993644,0.328595833
10.97856837,5.93E-07,8.37E-13,7.08E+05,,0.181947443,0.270993644,0.328591475
10.97871124,5.93E-07,8.37E-13,7.08E+05,,0.181948624,0.270993644,0.328587117
10.97885412,5.93E-07,8.37E-13,7.08E+05,,0.181949805,0.270993644,0.328582759
10.978997,5.93E-07,8.37E-13,7.08E+05,,0.181950986,0.270993644,0.328578401
10.97913988,5.92E-07,8.37E-13,7.07E+05,,0.181952167,0.270993644,0.328574043
10.97928275,5.92E-07,8.37E-13,7.07E+05,,0.181953348,0.270993644,0.328569685
10.97942563,5.92E-07,8.37E-13,7.07E+05,,0.181954529,0.270993644,0.328565327
10.97956851,5.92E-07,8.37E-13,7.07E+05,,0.18195571,0.270993644,0.328560969
10.97971139,5.92E-07,8.37E-13,7.07E+05,,0.181956891,0.270993644,0.328556611
10.97985426,5.92E-07,8.37E-13,7.07E+05,,0.181958072,0.270993644,0.328552253
10.97999714,5.92E-07,8.37E-13,7.07E+05,,0.181959253,0.270993644,0.328547895
10.98014002,5.92E-07,8.37E-13,7.07E+05,,0.181960434,0.270993644,0.328543537
10.9802829,5.92E-07,8.37E-13,7.07E+05,,0.181961615,0.270993644,0.328539178
10.98042578,5.92E-07,8.37E-13,7.07E+05,,0.181962796,0.270993644,0.32853482
10.98056865,5.92E-07,8.37E-13,7.07E+05,,0.181963977,0.270993644,0.328530462
10.98071153,5.92E-07,8.37E-13,7.07E+05,,0.181965158,0.270993644,0.328526104
10.98085441,5.92E-07,8.37E-13,7.07E+05,,0.181966339,0.270993644,0.328521746
10.98099729,5.91E-07,8.37E-13,7.06E+05,,0.18196752,0.270993644,0.328517388
10.98114016,5.91E-07,8.37E-13,7.06E+05,,0.181968701,0.270993644,0.32851303
10.98128304,5.91E-07,8.37E-13,7.06E+05,,0.181969882,0.270993644,0.328508672
10.98142592,5.91E-07,8.37E-13,7.06E+05,,0.181971063,0.270993644,0.328504314
10.9815688,5.91E-07,8.37E-13,7.06E+05,,0.181972244,0.270993644,0.328499956
10.98171167,5.91E-07,8.37E-13,7.06E+05,,0.181973425,0.270993644,0.328495598
10.98185455,5.91E-07,8.37E-13,7.06E+05,,0.181974606,0.270993644,0.32849124
10.98199743,5.91E-07,8.37E-13,7.06E+05,,0.181975787,0.270993644,0.328486882
10.98214031,5.91E-07,8.37E-13,7.06E+05,,0.181976968,0.270993644,0.328482524
10.98228318,5.91E-07,8.37E-13,7.06E+05,,0.181978149,0.270993644,0.328478166
10.98242606,5.91E-07,8.37E-13,7.06E+05,,0.18197933,0.270993644,0.328473808
10.98256894,5.91E-07,8.37E-13,7.06E+05,,0.181980511,0.270993644,0.32846945
10.98271182,5.91E-07,8.37E-13,7.06E+05,,0.181981692,0.270993644,0.328465092
10.98285469,5.90E-07,8.37E-13,7.04E+05,,0.181982873,0.270993644,0.328460734
10.98299757,5.90E-07,8.37E-13,7.04E+05,,0.181984054,0.270993644,0.328456376
10.98314045,5.90E-07,8.37E-13,7.04E+05,,0.181985235,0.270993644,0.328452018
10.98328333,5.90E-07,8.37E-13,7.04E+05,,0.181986416,0.270993644,0.32844766
10.9834262,5.90E-07,8.37E-13,7.04E+05,,0.181987597,0.270993644,0.328443302
10.98356908,5.90E-07,8.37E-13,7.04E+05,,0.181988778,0.270993644,0.328438944
10.98371196,5.90E-07,8.37E-13,7.04E+05,,0.181989959,0.270993644,0.328434586
10.98385484,5.90E-07,8.37E-13,7.04E+05,,0.18199114,0.270993644,0.328430228
10.98399771,5.90E-07,8.37E-13,7.04E+05,,0.181992321,0.270993644,0.32842587
10.98414059,5.90E-07,8.37E-13,7.04E+05,,0.181993502,0.270993644,0.328421511
10.98428347,5.90E-07,8.37E-13,7.04E+05,,0.181994683,0.270993644,0.328417153
10.98442635,5.90E-07,8.37E-13,7.04E+05,,0.181995864,0.270993644,0.328412795
10.98456922,5.89E-07,8.37E-13,7.03E+05,,0.181997045,0.270993644,0.328408437
10.9847121,5.89E-07,8.37E-13,7.03E+05,,0.181998226,0.270993644,0.328404079
10.98485498,5.89E-07,8.37E-13,7.03E+05,,0.181999407,0.270993644,0.328399721
10.98499786,5.89E-07,8.37E-13,7.03E+05,,0.182000588,0.270993644,0.328395363
10.98514073,5.89E-07,8.37E-13,7.03E+05,,0.182001769,0.270993644,0.328391005
10.98528361,5.89E-07,8.37E-13,7.03E+05,,0.18200295,0.270993644,0.328386647
10.98542649,5.89E-07,8.37E-13,7.03E+05,,0.182004131,0.270993644,0.328382289
10.98556937,5.89E-07,8.37E-13,7.03E+05,,0.182005312,0.270993644,0.328377931
10.98571224,5.89E-07,8.37E-13,7.03E+05,,0.182006493,0.270993644,0.328373573
10.98585512,5.89E-07,8.37E-13,7.03E+05,,0.182007674,0.270993644,0.328369215
10.985998,5.89E-07,8.37E-13,7.03E+05,,0.182008855,0.270993644,0.328364857
10.98614088,5.89E-07,8.37E-13,7.03E+05,,0.182010036,0.270993644,0.328360499
10.98628375,5.89E-07,8.37E-13,7.03E+05,,0.182011217,0.270993644,0.328356141
10.98642663,5.88E-07,8.37E-13,7.02E+05,,0.182012398,0.270993644,0.328351783
10.98656951,5.88E-07,8.37E-13,7.02E+05,,0.182013579,0.270993644,0.328347425
10.98671239,5.88E-07,8.37E-13,7.02E+05,,0.18201476,0.270993644,0.328343067
10.98685527,5.88E-07,8.37E-13,7.02E+05,,0.182015941,0.270993644,0.328338709
10.98699814,5.88E-07,8.37E-13,7.02E+05,,0.182017122,0.270993644,0.328334351
10.98714102,5.88E-07,8.37E-13,7.02E+05,,0.182018303,0.270993644,0.328329993
10.9872839,5.88E-07,8.37E-13,7.02E+05,,0.182019484,0.270993644,0.328325635
10.98742678,5.88E-07,8.37E-13,7.02E+05,,0.182020665,0.270993644,0.328321277
10.98756965,5.88E-07,8.37E-13,7.02E+05,,0.182021846,0.270993644,0.328316919
10.98771253,5.88E-07,8.37E-13,7.02E+05,,0.182023027,0.270993644,0.328312561
10.98785541,5.88E-07,8.37E-13,7.02E+05,,0.182024208,0.270993644,0.328308203
10.98799829,5.88E-07,8.37E-13,7.02E+05,,0.182025389,0.270993644,0.328303845
10.98814116,5.88E-07,8.37E-13,7.02E+05,,0.18202657,0.270993644,0.328299486
10.98828404,5.87E-07,8.37E-13,7.01E+05,,0.182027751,0.270993644,0.328295128
10.98842692,5.87E-07,8.37E-13,7.01E+05,,0.182028932,0.270993644,0.32829077
10.9885698,5.87E-07,8.37E-13,7.01E+05,,0.182030113,0.270993644,0.328286412
10.98871267,5.87E-07,8.37E-13,7.01E+05,,0.182031294,0.270993644,0.328282054
10.98885555,5.87E-07,8.37E-13,7.01E+05,,0.182032475,0.270993644,0.328277696
10.98899843,5.87E-07,8.37E-13,7.01E+05,,0.182033656,0.270993644,0.328273338
10.98914131,5.87E-07,8.37E-13,7.01E+05,,0.182034837,0.270993644,0.32826898
10.98928418,5.87E-07,8.37E-13,7.01E+05,,0.182036018,0.270993644,0.328264622
10.98942706,5.87E-07,8.37E-13,7.01E+05,,0.182037199,0.270993644,0.328260264
10.98956994,5.87E-07,8.37E-13,7.01E+05,,0.18203838,0.270993644,0.328255906
10.98971282,5.87E-07,8.37E-13,7.01E+05,,0.182039561,0.270993644,0.328251548
10.98985569,5.87E-07,8.37E-13,7.01E+05,,0.182040742,0.270993644,0.32824719
10.98999857,5.87E-07,8.37E-13,7.01E+05,,0.182041923,0.270993644,0.328242832
10.99014145,5.86E-07,8.37E-13,7.00E+05,,0.182043104,0.270993644,0.328238474
10.99028433,5.86E-07,8.37E-13,7.00E+05,,0.182044285,0.270993644,0.328234116
10.9904272,5.86E-07,8.37E-13,7.00E+05,,0.182045466,0.270993644,0.328229758
10.99057008,5.86E-07,8.37E-13,7.00E+05,,0.182046647,0.270993644,0.3282254
10.99071296,5.86E-07,8.37E-13,7.00E+05,,0.182047828,0.270993644,0.328221042
10.99085584,5.86E-07,8.37E-13,7.00E+05,,0.182049009,0.270993644,0.328216684
10.99099871,5.86E-07,8.37E-13,7.00E+05,,0.18205019,0.270993644,0.328212326
10.99114159,5.86E-07,8.37E-13,7.00E+05,,0.182051371,0.270993644,0.328207968
10.99128447,5.86E-07,8.37E-13,7.00E+05,,0.182052552,0.270993644,0.32820361
10.99142735,5.86E-07,8.37E-13,7.00E+05,,0.182053733,0.270993644,0.328199252
10.99157022,5.86E-07,8.37E-13,7.00E+05,,0.182054914,0.270993644,0.328194894
10.9917131,5.86E-07,8.37E-13,7.00E+05,,0.182056095,0.270993644,0.328190536
10.99185598,5.85E-07,8.37E-13,6.99E+05,,0.182057276,0.270993644,0.328186178
10.99199886,5.85E-07,8.37E-13,6.99E+05,,0.182058457,0.270993644,0.32818182
10.99214173,5.85E-07,8.37E-13,6.99E+05,,0.182059638,0.270993644,0.328177461
10.99228461,5.85E-07,8.37E-13,6.99E+05,,0.182060819,0.270993644,0.328173103
10.99242749,5.85E-07,8.37E-13,6.99E+05,,0.182062,0.270993644,0.328168745
10.99257037,5.85E-07,8.37E-13,6.99E+05,,0.182063181,0.270993644,0.328164387
10.99271324,5.85E-07,8.37E-13,6.99E+05,,0.182064362,0.270993644,0.328160029
10.99285612,5.85E-07,8.37E-13,6.99E+05,,0.182065543,0.270993644,0.328155671
10.992999,5.85E-07,8.37E-13,6.99E+05,,0.182066724,0.270993644,0.328151313
10.99314188,5.85E-07,8.37E-13,6.99E+05,,0.182067905,0.270993644,0.328146955
10.99328475,5.85E-07,8.37E-13,6.99E+05,,0.182069086,0.270993644,0.328142597
10.99342763,5.85E-07,8.37E-13,6.99E+05,,0.182070267,0.270993644,0.328138239
10.99357051,5.85E-07,8.37E-13,6.99E+05,,0.182071448,0.270993644,0.328133881
10.99371339,5.84E-07,8.37E-13,6.97E+05,,0.182072629,0.270993644,0.328129523
10.99385627,5.84E-07,8.37E-13,6.97E+05,,0.18207381,0.270993644,0.328125165
10.99399914,5.84E-07,8.37E-13,6.97E+05,,0.182074991,0.270993644,0.328120807
10.99414202,5.84E-07,8.37E-13,6.97E+05,,0.182076172,0.270993644,0.328116449
10.9942849,5.84E-07,8.37E-13,6.97E+05,,0.182077353,0.270993644,0.328112091
10.99442778,5.84E-07,8.37E-13,6.97E+05,,0.182078534,0.270993644,0.328107733
10.99457065,5.84E-07,8.37E-13,6.97E+05,,0.182079715,0.270993644,0.328103375
10.99471353,5.84E-07,8.37E-13,6.97E+05,,0.182080896,0.270993644,0.328099017
10.99485641,5.84E-07,8.37E-13,6.97E+05,,0.182082077,0.270993644,0.328094659
10.99499929,5.84E-07,8.37E-13,6.97E+05,,0.182083258,0.270993644,0.328090301
10.99514216,5.84E-07,8.37E-13,6.97E+05,,0.182084439,0.270993644,0.328085943
10.99528504,5.84E-07,8.37E-13,6.97E+05,,0.18208562,0.270993644,0.328081585
10.99542792,5.84E-07,8.37E-13,6.97E+05,,0.182086801,0.270993644,0.328077227
10.9955708,5.83E-07,8.37E-13,6.96E+05,,0.182087982,0.270993644,0.328072869
10.99571367,5.83E-07,8.37E-13,6.96E+05,,0.182089163,0.270993644,0.328068511
10.99585655,5.83E-07,8.37E-13,6.96E+05,,0.182090344,0.270993644,0.328064153
10.99599943,5.83E-07,8.37E-13,6.96E+05,,0.182091525,0.270993644,0.328059795
10.99614231,5.83E-07,8.37E-13,6.96E+05,,0.182092706,0.270993644,0.328055436
10.99628518,5.83E-07,8.37E-13,6.96E+05,,0.182093887,0.270993644,0.328051078
10.99642806,5.83E-07,8.37E-13,6.96E+05,,0.182095068,0.270993644,0.32804672
10.99657094,5.83E-07,8.37E-13,6.96E+05,,0.182096249,0.270993644,0.328042362
10.99671382,5.83E-07,8.37E-13,6.96E+05,,0.18209743,0.270993644,0.328038004
10.99685669,5.83E-07,8.37E-13,6.96E+05,,0.182098611,0.270993644,0.328033646
10.99699957,5.83E-07,8.37E-13,6.96E+05,,0.182099792,0.270993644,0.328029288
10.99714245,5.83E-07,8.37E-13,6.96E+05,,0.182100973,0.270993644,0.32802493
10.99728533,5.82E-07,8.37E-13,6.95E+05,,0.182102154,0.270993644,0.328020572
10.9974282,5.82E-07,8.37E-13,6.95E+05,,0.182103335,0.270993644,0.328016214
10.99757108,5.82E-07,8.37E-13,6.95E+05,,0.182104516,0.270993644,0.328011856
10.99771396,5.82E-07,8.37E-13,6.95E+05,,0.182105697,0.270993644,0.328007498
10.99785684,5.82E-07,8.37E-13,6.95E+05,,0.182106878,0.270993644,0.32800314
10.99799971,5.82E-07,8.37E-13,6.95E+05,,0.182108059,0.270993644,0.327998782
10.99814259,5.82E-07,8.37E-13,6.95E+05,,0.18210924,0.270993644,0.327994424
10.99828547,5.82E-07,8.37E-13,6.95E+05,,0.182110421,0.270993644,0.327990066
10.99842835,5.82E-07,8.37E-13,6.95E+05,,0.182111602,0.270993644,0.327985708
10.99857122,5.82E-07,8.37E-13,6.95E+05,,0.182112783,0.270993644,0.32798135
10.9987141,5.82E-07,8.37E-13,6.95E+05,,0.182113964,0.270993644,0.327976992
10.99885698,5.82E-07,8.37E-13,6.95E+05,,0.182115145,0.270993644,0.327972634
10.99899986,5.82E-07,8.37E-13,6.95E+05,,0.182116326,0.270993644,0.327968276
10.99914273,5.81E-07,8.37E-13,6.94E+05,,0.182117507,0.270993644,0.327963918
10.99928561,5.81E-07,8.37E-13,6.94E+05,,0.182118688,0.270993644,0.32795956
10.99942849,5.81E-07,8.37E-13,6.94E+05,,0.182119869,0.270993644,0.327955202
10.99957137,5.81E-07,8.37E-13,6.94E+05,,0.18212105,0.270993644,0.327950844
10.99971424,5.81E-07,8.37E-13,6.94E+05,,0.182122231,0.270993644,0.327946486
10.99985712,5.81E-07,8.37E-13,6.94E+05,,0.182123412,0.270993644,0.327942128
11,5.81E-07,8.37E-13,6.94E+05,,0.182124593,0.270993644,0.32793777
