C.Length,Ion,ion_air,ion_sensitivity,,Vth,vth_air,vth_sensitivity
243,9.84E-07,5.19E-14,1.90E+07,,0.174295543,0.42959254,0.594277072
243.0021432,9.84E-07,5.19E-14,1.90E+07,,0.174296049,0.42959254,0.594275894
243.0042863,9.84E-07,5.19E-14,1.90E+07,,0.174296555,0.42959254,0.594274716
243.0064295,9.84E-07,5.19E-14,1.90E+07,,0.174297061,0.42959254,0.594273539
243.0085727,9.84E-07,5.19E-14,1.90E+07,,0.174297567,0.42959254,0.594272361
243.0107158,9.84E-07,5.19E-14,1.90E+07,,0.174298073,0.42959254,0.594271183
243.012859,9.84E-07,5.19E-14,1.90E+07,,0.174298579,0.42959254,0.594270005
243.0150021,9.84E-07,5.19E-14,1.90E+07,,0.174299085,0.42959254,0.594268827
243.0171453,9.84E-07,5.19E-14,1.90E+07,,0.174299591,0.42959254,0.594267649
243.0192885,9.84E-07,5.19E-14,1.90E+07,,0.174300097,0.42959254,0.594266471
243.0214316,9.84E-07,5.19E-14,1.90E+07,,0.174300603,0.42959254,0.594265293
243.0235748,9.84E-07,5.19E-14,1.90E+07,,0.174301109,0.42959254,0.594264116
243.025718,9.84E-07,5.19E-14,1.90E+07,,0.174301615,0.42959254,0.594262938
243.0278611,9.84E-07,5.19E-14,1.90E+07,,0.174302121,0.42959254,0.59426176
243.0300043,9.84E-07,5.19E-14,1.90E+07,,0.174302627,0.42959254,0.594260582
243.0321474,9.84E-07,5.19E-14,1.90E+07,,0.174303133,0.42959254,0.594259404
243.0342906,9.84E-07,5.19E-14,1.90E+07,,0.17430364,0.42959254,0.594258224
243.0364338,9.84E-07,5.19E-14,1.90E+07,,0.174304146,0.42959254,0.594257046
243.0385769,9.84E-07,5.19E-14,1.90E+07,,0.174304652,0.42959254,0.594255868
243.0407201,9.84E-07,5.19E-14,1.90E+07,,0.174305158,0.42959254,0.59425469
243.0428633,9.84E-07,5.19E-14,1.90E+07,,0.174305664,0.42959254,0.594253513
243.0450064,9.84E-07,5.19E-14,1.90E+07,,0.17430617,0.42959254,0.594252335
243.0471496,9.84E-07,5.19E-14,1.90E+07,,0.174306676,0.42959254,0.594251157
243.0492928,9.84E-07,5.19E-14,1.90E+07,,0.174307182,0.42959254,0.594249979
243.0514359,9.84E-07,5.19E-14,1.90E+07,,0.174307688,0.42959254,0.594248801
243.0535791,9.84E-07,5.19E-14,1.90E+07,,0.174308194,0.42959254,0.594247623
243.0557222,9.84E-07,5.19E-14,1.90E+07,,0.1743087,0.42959254,0.594246445
243.0578654,9.84E-07,5.19E-14,1.90E+07,,0.174309206,0.42959254,0.594245268
243.0600086,9.84E-07,5.19E-14,1.90E+07,,0.174309712,0.42959254,0.59424409
243.0621517,9.84E-07,5.19E-14,1.90E+07,,0.174310218,0.42959254,0.594242912
243.0642949,9.84E-07,5.19E-14,1.90E+07,,0.174310724,0.42959254,0.594241734
243.0664381,9.84E-07,5.19E-14,1.90E+07,,0.17431123,0.42959254,0.594240556
243.0685812,9.84E-07,5.19E-14,1.90E+07,,0.174311736,0.42959254,0.594239378
243.0707244,9.84E-07,5.19E-14,1.90E+07,,0.174312242,0.42959254,0.5942382
243.0728676,9.84E-07,5.19E-14,1.90E+07,,0.174312748,0.42959254,0.594237023
243.0750107,9.84E-07,5.19E-14,1.90E+07,,0.174313254,0.42959254,0.594235845
243.0771539,9.84E-07,5.19E-14,1.90E+07,,0.17431376,0.42959254,0.594234667
243.079297,9.84E-07,5.19E-14,1.90E+07,,0.174314266,0.42959254,0.594233489
243.0814402,9.84E-07,5.19E-14,1.90E+07,,0.174314772,0.42959254,0.594232311
243.0835834,9.84E-07,5.19E-14,1.90E+07,,0.174315278,0.42959254,0.594231133
243.0857265,9.83E-07,5.19E-14,1.89E+07,,0.174315784,0.42959254,0.594229955
243.0878697,9.83E-07,5.19E-14,1.89E+07,,0.17431629,0.42959254,0.594228777
243.0900129,9.83E-07,5.19E-14,1.89E+07,,0.174316796,0.42959254,0.5942276
243.092156,9.83E-07,5.19E-14,1.89E+07,,0.174317302,0.42959254,0.594226422
243.0942992,9.83E-07,5.19E-14,1.89E+07,,0.174317808,0.42959254,0.594225244
243.0964423,9.83E-07,5.19E-14,1.89E+07,,0.174318314,0.42959254,0.594224066
243.0985855,9.83E-07,5.19E-14,1.89E+07,,0.174318821,0.42959254,0.594222886
243.1007287,9.83E-07,5.19E-14,1.89E+07,,0.174319327,0.42959254,0.594221708
243.1028718,9.83E-07,5.19E-14,1.89E+07,,0.174319833,0.42959254,0.59422053
243.105015,9.83E-07,5.19E-14,1.89E+07,,0.174320339,0.42959254,0.594219352
243.1071582,9.83E-07,5.19E-14,1.89E+07,,0.174320845,0.42959254,0.594218174
243.1093013,9.83E-07,5.19E-14,1.89E+07,,0.174321351,0.42959254,0.594216997
243.1114445,9.83E-07,5.19E-14,1.89E+07,,0.174321857,0.42959254,0.594215819
243.1135877,9.83E-07,5.19E-14,1.89E+07,,0.174322363,0.42959254,0.594214641
243.1157308,9.83E-07,5.19E-14,1.89E+07,,0.174322869,0.42959254,0.594213463
243.117874,9.83E-07,5.19E-14,1.89E+07,,0.174323375,0.42959254,0.594212285
243.1200171,9.83E-07,5.19E-14,1.89E+07,,0.174323881,0.42959254,0.594211107
243.1221603,9.83E-07,5.19E-14,1.89E+07,,0.174324387,0.42959254,0.594209929
243.1243035,9.83E-07,5.19E-14,1.89E+07,,0.174324893,0.42959254,0.594208752
243.1264466,9.83E-07,5.19E-14,1.89E+07,,0.174325399,0.42959254,0.594207574
243.1285898,9.83E-07,5.19E-14,1.89E+07,,0.174325905,0.42959254,0.594206396
243.130733,9.83E-07,5.19E-14,1.89E+07,,0.174326411,0.42959254,0.594205218
243.1328761,9.83E-07,5.19E-14,1.89E+07,,0.174326917,0.42959254,0.59420404
243.1350193,9.83E-07,5.19E-14,1.89E+07,,0.174327423,0.42959254,0.594202862
243.1371625,9.83E-07,5.19E-14,1.89E+07,,0.174327929,0.42959254,0.594201684
243.1393056,9.83E-07,5.19E-14,1.89E+07,,0.174328435,0.42959254,0.594200507
243.1414488,9.83E-07,5.19E-14,1.89E+07,,0.174328941,0.42959254,0.594199329
243.1435919,9.83E-07,5.19E-14,1.89E+07,,0.174329447,0.42959254,0.594198151
243.1457351,9.83E-07,5.19E-14,1.89E+07,,0.174329953,0.42959254,0.594196973
243.1478783,9.83E-07,5.19E-14,1.89E+07,,0.174330459,0.42959254,0.594195795
243.1500214,9.83E-07,5.19E-14,1.89E+07,,0.174330965,0.42959254,0.594194617
243.1521646,9.83E-07,5.19E-14,1.89E+07,,0.174331471,0.42959254,0.594193439
243.1543078,9.83E-07,5.19E-14,1.89E+07,,0.174331977,0.42959254,0.594192262
243.1564509,9.83E-07,5.19E-14,1.89E+07,,0.174332483,0.42959254,0.594191084
243.1585941,9.83E-07,5.19E-14,1.89E+07,,0.174332989,0.42959254,0.594189906
243.1607372,9.83E-07,5.19E-14,1.89E+07,,0.174333495,0.42959254,0.594188728
243.1628804,9.83E-07,5.19E-14,1.89E+07,,0.174334002,0.42959254,0.594187548
243.1650236,9.83E-07,5.19E-14,1.89E+07,,0.174334508,0.42959254,0.59418637
243.1671667,9.83E-07,5.19E-14,1.89E+07,,0.174335014,0.42959254,0.594185192
243.1693099,9.83E-07,5.19E-14,1.89E+07,,0.17433552,0.42959254,0.594184014
243.1714531,9.83E-07,5.19E-14,1.89E+07,,0.174336026,0.42959254,0.594182836
243.1735962,9.83E-07,5.19E-14,1.89E+07,,0.174336532,0.42959254,0.594181658
243.1757394,9.83E-07,5.19E-14,1.89E+07,,0.174337038,0.42959254,0.594180481
243.1778826,9.83E-07,5.19E-14,1.89E+07,,0.174337544,0.42959254,0.594179303
243.1800257,9.83E-07,5.19E-14,1.89E+07,,0.17433805,0.42959254,0.594178125
243.1821689,9.83E-07,5.19E-14,1.89E+07,,0.174338556,0.42959254,0.594176947
243.184312,9.83E-07,5.19E-14,1.89E+07,,0.174339062,0.42959254,0.594175769
243.1864552,9.83E-07,5.19E-14,1.89E+07,,0.174339568,0.42959254,0.594174591
243.1885984,9.83E-07,5.19E-14,1.89E+07,,0.174340074,0.42959254,0.594173413
243.1907415,9.83E-07,5.19E-14,1.89E+07,,0.17434058,0.42959254,0.594172236
243.1928847,9.83E-07,5.19E-14,1.89E+07,,0.174341086,0.42959254,0.594171058
243.1950279,9.83E-07,5.19E-14,1.89E+07,,0.174341592,0.42959254,0.59416988
243.197171,9.83E-07,5.19E-14,1.89E+07,,0.174342098,0.42959254,0.594168702
243.1993142,9.83E-07,5.19E-14,1.89E+07,,0.174342604,0.42959254,0.594167524
243.2014574,9.83E-07,5.19E-14,1.89E+07,,0.17434311,0.42959254,0.594166346
243.2036005,9.83E-07,5.19E-14,1.89E+07,,0.174343616,0.42959254,0.594165168
243.2057437,9.83E-07,5.19E-14,1.89E+07,,0.174344122,0.42959254,0.594163991
243.2078868,9.83E-07,5.19E-14,1.89E+07,,0.174344628,0.42959254,0.594162813
243.21003,9.83E-07,5.19E-14,1.89E+07,,0.174345134,0.42959254,0.594161635
243.2121732,9.83E-07,5.19E-14,1.89E+07,,0.17434564,0.42959254,0.594160457
243.2143163,9.83E-07,5.19E-14,1.89E+07,,0.174346146,0.42959254,0.594159279
243.2164595,9.83E-07,5.19E-14,1.89E+07,,0.174346652,0.42959254,0.594158101
243.2186027,9.83E-07,5.19E-14,1.89E+07,,0.174347158,0.42959254,0.594156923
243.2207458,9.83E-07,5.19E-14,1.89E+07,,0.174347664,0.42959254,0.594155746
243.222889,9.83E-07,5.19E-14,1.89E+07,,0.17434817,0.42959254,0.594154568
243.2250321,9.83E-07,5.19E-14,1.89E+07,,0.174348676,0.42959254,0.59415339
243.2271753,9.83E-07,5.19E-14,1.89E+07,,0.174349182,0.42959254,0.594152212
243.2293185,9.83E-07,5.19E-14,1.89E+07,,0.174349689,0.42959254,0.594151032
243.2314616,9.83E-07,5.19E-14,1.89E+07,,0.174350195,0.42959254,0.594149854
243.2336048,9.83E-07,5.19E-14,1.89E+07,,0.174350701,0.42959254,0.594148676
243.235748,9.83E-07,5.19E-14,1.89E+07,,0.174351207,0.42959254,0.594147498
243.2378911,9.83E-07,5.19E-14,1.89E+07,,0.174351713,0.42959254,0.59414632
243.2400343,9.83E-07,5.19E-14,1.89E+07,,0.174352219,0.42959254,0.594145142
243.2421775,9.83E-07,5.19E-14,1.89E+07,,0.174352725,0.42959254,0.594143965
243.2443206,9.83E-07,5.19E-14,1.89E+07,,0.174353231,0.42959254,0.594142787
243.2464638,9.83E-07,5.19E-14,1.89E+07,,0.174353737,0.42959254,0.594141609
243.2486069,9.83E-07,5.19E-14,1.89E+07,,0.174354243,0.42959254,0.594140431
243.2507501,9.83E-07,5.19E-14,1.89E+07,,0.174354749,0.42959254,0.594139253
243.2528933,9.83E-07,5.19E-14,1.89E+07,,0.174355255,0.42959254,0.594138075
243.2550364,9.83E-07,5.19E-14,1.89E+07,,0.174355761,0.42959254,0.594136897
243.2571796,9.83E-07,5.19E-14,1.89E+07,,0.174356267,0.42959254,0.59413572
243.2593228,9.83E-07,5.19E-14,1.89E+07,,0.174356773,0.42959254,0.594134542
243.2614659,9.83E-07,5.19E-14,1.89E+07,,0.174357279,0.42959254,0.594133364
243.2636091,9.83E-07,5.19E-14,1.89E+07,,0.174357785,0.42959254,0.594132186
243.2657523,9.83E-07,5.19E-14,1.89E+07,,0.174358291,0.42959254,0.594131008
243.2678954,9.83E-07,5.19E-14,1.89E+07,,0.174358797,0.42959254,0.59412983
243.2700386,9.82E-07,5.19E-14,1.89E+07,,0.174359303,0.42959254,0.594128652
243.2721817,9.82E-07,5.19E-14,1.89E+07,,0.174359809,0.42959254,0.594127475
243.2743249,9.82E-07,5.19E-14,1.89E+07,,0.174360315,0.42959254,0.594126297
243.2764681,9.82E-07,5.19E-14,1.89E+07,,0.174360821,0.42959254,0.594125119
243.2786112,9.82E-07,5.19E-14,1.89E+07,,0.174361327,0.42959254,0.594123941
243.2807544,9.82E-07,5.19E-14,1.89E+07,,0.174361833,0.42959254,0.594122763
243.2828976,9.82E-07,5.19E-14,1.89E+07,,0.174362339,0.42959254,0.594121585
243.2850407,9.82E-07,5.19E-14,1.89E+07,,0.174362845,0.42959254,0.594120407
243.2871839,9.82E-07,5.19E-14,1.89E+07,,0.174363351,0.42959254,0.59411923
243.289327,9.82E-07,5.19E-14,1.89E+07,,0.174363857,0.42959254,0.594118052
243.2914702,9.82E-07,5.19E-14,1.89E+07,,0.174364363,0.42959254,0.594116874
243.2936134,9.82E-07,5.19E-14,1.89E+07,,0.17436487,0.42959254,0.594115694
243.2957565,9.82E-07,5.19E-14,1.89E+07,,0.174365376,0.42959254,0.594114516
243.2978997,9.82E-07,5.19E-14,1.89E+07,,0.174365882,0.42959254,0.594113338
243.3000429,9.82E-07,5.19E-14,1.89E+07,,0.174366388,0.42959254,0.59411216
243.302186,9.82E-07,5.19E-14,1.89E+07,,0.174366894,0.42959254,0.594110982
243.3043292,9.82E-07,5.19E-14,1.89E+07,,0.1743674,0.42959254,0.594109804
243.3064724,9.82E-07,5.19E-14,1.89E+07,,0.174367906,0.42959254,0.594108626
243.3086155,9.82E-07,5.19E-14,1.89E+07,,0.174368412,0.42959254,0.594107449
243.3107587,9.82E-07,5.19E-14,1.89E+07,,0.174368918,0.42959254,0.594106271
243.3129018,9.82E-07,5.19E-14,1.89E+07,,0.174369424,0.42959254,0.594105093
243.315045,9.82E-07,5.19E-14,1.89E+07,,0.17436993,0.42959254,0.594103915
243.3171882,9.82E-07,5.19E-14,1.89E+07,,0.174370436,0.42959254,0.594102737
243.3193313,9.82E-07,5.19E-14,1.89E+07,,0.174370942,0.42959254,0.594101559
243.3214745,9.82E-07,5.19E-14,1.89E+07,,0.174371448,0.42959254,0.594100381
243.3236177,9.82E-07,5.19E-14,1.89E+07,,0.174371954,0.42959254,0.594099204
243.3257608,9.82E-07,5.19E-14,1.89E+07,,0.17437246,0.42959254,0.594098026
243.327904,9.82E-07,5.19E-14,1.89E+07,,0.174372966,0.42959254,0.594096848
243.3300471,9.82E-07,5.19E-14,1.89E+07,,0.174373472,0.42959254,0.59409567
243.3321903,9.82E-07,5.19E-14,1.89E+07,,0.174373978,0.42959254,0.594094492
243.3343335,9.82E-07,5.19E-14,1.89E+07,,0.174374484,0.42959254,0.594093314
243.3364766,9.82E-07,5.19E-14,1.89E+07,,0.17437499,0.42959254,0.594092136
243.3386198,9.82E-07,5.19E-14,1.89E+07,,0.174375496,0.42959254,0.594090959
243.340763,9.82E-07,5.19E-14,1.89E+07,,0.174376002,0.42959254,0.594089781
243.3429061,9.82E-07,5.19E-14,1.89E+07,,0.174376508,0.42959254,0.594088603
243.3450493,9.82E-07,5.19E-14,1.89E+07,,0.174377014,0.42959254,0.594087425
243.3471925,9.82E-07,5.19E-14,1.89E+07,,0.17437752,0.42959254,0.594086247
243.3493356,9.82E-07,5.19E-14,1.89E+07,,0.174378026,0.42959254,0.594085069
243.3514788,9.82E-07,5.19E-14,1.89E+07,,0.174378532,0.42959254,0.594083891
243.3536219,9.82E-07,5.19E-14,1.89E+07,,0.174379038,0.42959254,0.594082714
243.3557651,9.82E-07,5.19E-14,1.89E+07,,0.174379544,0.42959254,0.594081536
243.3579083,9.82E-07,5.19E-14,1.89E+07,,0.174380051,0.42959254,0.594080355
243.3600514,9.82E-07,5.19E-14,1.89E+07,,0.174380557,0.42959254,0.594079178
243.3621946,9.82E-07,5.19E-14,1.89E+07,,0.174381063,0.42959254,0.594078
243.3643378,9.82E-07,5.19E-14,1.89E+07,,0.174381569,0.42959254,0.594076822
243.3664809,9.82E-07,5.19E-14,1.89E+07,,0.174382075,0.42959254,0.594075644
243.3686241,9.82E-07,5.19E-14,1.89E+07,,0.174382581,0.42959254,0.594074466
243.3707673,9.82E-07,5.19E-14,1.89E+07,,0.174383087,0.42959254,0.594073288
243.3729104,9.82E-07,5.19E-14,1.89E+07,,0.174383593,0.42959254,0.59407211
243.3750536,9.82E-07,5.19E-14,1.89E+07,,0.174384099,0.42959254,0.594070933
243.3771967,9.82E-07,5.19E-14,1.89E+07,,0.174384605,0.42959254,0.594069755
243.3793399,9.82E-07,5.19E-14,1.89E+07,,0.174385111,0.42959254,0.594068577
243.3814831,9.82E-07,5.19E-14,1.89E+07,,0.174385617,0.42959254,0.594067399
243.3836262,9.82E-07,5.19E-14,1.89E+07,,0.174386123,0.42959254,0.594066221
243.3857694,9.82E-07,5.19E-14,1.89E+07,,0.174386629,0.42959254,0.594065043
243.3879126,9.82E-07,5.19E-14,1.89E+07,,0.174387135,0.42959254,0.594063865
243.3900557,9.82E-07,5.19E-14,1.89E+07,,0.174387641,0.42959254,0.594062688
243.3921989,9.82E-07,5.19E-14,1.89E+07,,0.174388147,0.42959254,0.59406151
243.394342,9.82E-07,5.19E-14,1.89E+07,,0.174388653,0.42959254,0.594060332
243.3964852,9.82E-07,5.19E-14,1.89E+07,,0.174389159,0.42959254,0.594059154
243.3986284,9.82E-07,5.19E-14,1.89E+07,,0.174389665,0.42959254,0.594057976
243.4007715,9.82E-07,5.19E-14,1.89E+07,,0.174390171,0.42959254,0.594056798
243.4029147,9.82E-07,5.19E-14,1.89E+07,,0.174390677,0.42959254,0.59405562
243.4050579,9.82E-07,5.19E-14,1.89E+07,,0.174391183,0.42959254,0.594054443
243.407201,9.82E-07,5.19E-14,1.89E+07,,0.174391689,0.42959254,0.594053265
243.4093442,9.82E-07,5.19E-14,1.89E+07,,0.174392195,0.42959254,0.594052087
243.4114874,9.82E-07,5.19E-14,1.89E+07,,0.174392701,0.42959254,0.594050909
243.4136305,9.82E-07,5.19E-14,1.89E+07,,0.174393207,0.42959254,0.594049731
243.4157737,9.82E-07,5.19E-14,1.89E+07,,0.174393713,0.42959254,0.594048553
243.4179168,9.82E-07,5.19E-14,1.89E+07,,0.174394219,0.42959254,0.594047375
243.42006,9.82E-07,5.19E-14,1.89E+07,,0.174394725,0.42959254,0.594046198
243.4222032,9.82E-07,5.19E-14,1.89E+07,,0.174395232,0.42959254,0.594045017
243.4243463,9.82E-07,5.19E-14,1.89E+07,,0.174395738,0.42959254,0.594043839
243.4264895,9.82E-07,5.19E-14,1.89E+07,,0.174396244,0.42959254,0.594042662
243.4286327,9.82E-07,5.19E-14,1.89E+07,,0.17439675,0.42959254,0.594041484
243.4307758,9.82E-07,5.19E-14,1.89E+07,,0.174397256,0.42959254,0.594040306
243.432919,9.82E-07,5.19E-14,1.89E+07,,0.174397762,0.42959254,0.594039128
243.4350622,9.82E-07,5.19E-14,1.89E+07,,0.174398268,0.42959254,0.59403795
243.4372053,9.82E-07,5.19E-14,1.89E+07,,0.174398774,0.42959254,0.594036772
243.4393485,9.82E-07,5.19E-14,1.89E+07,,0.17439928,0.42959254,0.594035594
243.4414916,9.82E-07,5.19E-14,1.89E+07,,0.174399786,0.42959254,0.594034417
243.4436348,9.82E-07,5.19E-14,1.89E+07,,0.174400292,0.42959254,0.594033239
243.445778,9.82E-07,5.19E-14,1.89E+07,,0.174400798,0.42959254,0.594032061
243.4479211,9.82E-07,5.19E-14,1.89E+07,,0.174401304,0.42959254,0.594030883
243.4500643,9.82E-07,5.19E-14,1.89E+07,,0.17440181,0.42959254,0.594029705
243.4522075,9.82E-07,5.19E-14,1.89E+07,,0.174402316,0.42959254,0.594028527
243.4543506,9.81E-07,5.19E-14,1.89E+07,,0.174402822,0.42959254,0.594027349
243.4564938,9.81E-07,5.19E-14,1.89E+07,,0.174403328,0.42959254,0.594026172
243.4586369,9.81E-07,5.19E-14,1.89E+07,,0.174403834,0.42959254,0.594024994
243.4607801,9.81E-07,5.19E-14,1.89E+07,,0.17440434,0.42959254,0.594023816
243.4629233,9.81E-07,5.19E-14,1.89E+07,,0.174404846,0.42959254,0.594022638
243.4650664,9.81E-07,5.19E-14,1.89E+07,,0.174405352,0.42959254,0.59402146
243.4672096,9.81E-07,5.19E-14,1.89E+07,,0.174405858,0.42959254,0.594020282
243.4693528,9.81E-07,5.19E-14,1.89E+07,,0.174406364,0.42959254,0.594019104
243.4714959,9.81E-07,5.19E-14,1.89E+07,,0.17440687,0.42959254,0.594017927
243.4736391,9.81E-07,5.19E-14,1.89E+07,,0.174407376,0.42959254,0.594016749
243.4757823,9.81E-07,5.19E-14,1.89E+07,,0.174407882,0.42959254,0.594015571
243.4779254,9.81E-07,5.19E-14,1.89E+07,,0.174408388,0.42959254,0.594014393
243.4800686,9.81E-07,5.19E-14,1.89E+07,,0.174408894,0.42959254,0.594013215
243.4822117,9.81E-07,5.19E-14,1.89E+07,,0.1744094,0.42959254,0.594012037
243.4843549,9.81E-07,5.19E-14,1.89E+07,,0.174409906,0.42959254,0.594010859
243.4864981,9.81E-07,5.19E-14,1.89E+07,,0.174410412,0.42959254,0.594009682
243.4886412,9.81E-07,5.19E-14,1.89E+07,,0.174410919,0.42959254,0.594008501
243.4907844,9.81E-07,5.19E-14,1.89E+07,,0.174411425,0.42959254,0.594007323
243.4929276,9.81E-07,5.19E-14,1.89E+07,,0.174411931,0.42959254,0.594006146
243.4950707,9.81E-07,5.19E-14,1.89E+07,,0.174412437,0.42959254,0.594004968
243.4972139,9.81E-07,5.19E-14,1.89E+07,,0.174412943,0.42959254,0.59400379
243.4993571,9.81E-07,5.19E-14,1.89E+07,,0.174413449,0.42959254,0.594002612
243.5015002,9.81E-07,5.19E-14,1.89E+07,,0.174413955,0.42959254,0.594001434
243.5036434,9.81E-07,5.19E-14,1.89E+07,,0.174414461,0.42959254,0.594000256
243.5057865,9.81E-07,5.19E-14,1.89E+07,,0.174414967,0.42959254,0.593999078
243.5079297,9.81E-07,5.19E-14,1.89E+07,,0.174415473,0.42959254,0.593997901
243.5100729,9.81E-07,5.19E-14,1.89E+07,,0.174415979,0.42959254,0.593996723
243.512216,9.81E-07,5.19E-14,1.89E+07,,0.174416485,0.42959254,0.593995545
243.5143592,9.81E-07,5.19E-14,1.89E+07,,0.174416991,0.42959254,0.593994367
243.5165024,9.81E-07,5.19E-14,1.89E+07,,0.174417497,0.42959254,0.593993189
243.5186455,9.81E-07,5.19E-14,1.89E+07,,0.174418003,0.42959254,0.593992011
243.5207887,9.81E-07,5.19E-14,1.89E+07,,0.174418509,0.42959254,0.593990833
243.5229318,9.81E-07,5.19E-14,1.89E+07,,0.174419015,0.42959254,0.593989656
243.525075,9.81E-07,5.19E-14,1.89E+07,,0.174419521,0.42959254,0.593988478
243.5272182,9.81E-07,5.19E-14,1.89E+07,,0.174420027,0.42959254,0.5939873
243.5293613,9.81E-07,5.19E-14,1.89E+07,,0.174420533,0.42959254,0.593986122
243.5315045,9.81E-07,5.19E-14,1.89E+07,,0.174421039,0.42959254,0.593984944
243.5336477,9.81E-07,5.19E-14,1.89E+07,,0.174421545,0.42959254,0.593983766
243.5357908,9.81E-07,5.19E-14,1.89E+07,,0.174422051,0.42959254,0.593982588
243.537934,9.81E-07,5.19E-14,1.89E+07,,0.174422557,0.42959254,0.593981411
243.5400772,9.81E-07,5.19E-14,1.89E+07,,0.174423063,0.42959254,0.593980233
243.5422203,9.81E-07,5.19E-14,1.89E+07,,0.174423569,0.42959254,0.593979055
243.5443635,9.81E-07,5.19E-14,1.89E+07,,0.174424075,0.42959254,0.593977877
243.5465066,9.81E-07,5.19E-14,1.89E+07,,0.174424581,0.42959254,0.593976699
243.5486498,9.81E-07,5.19E-14,1.89E+07,,0.174425087,0.42959254,0.593975521
243.550793,9.81E-07,5.19E-14,1.89E+07,,0.174425593,0.42959254,0.593974343
243.5529361,9.81E-07,5.19E-14,1.89E+07,,0.1744261,0.42959254,0.593973163
243.5550793,9.81E-07,5.19E-14,1.89E+07,,0.174426606,0.42959254,0.593971985
243.5572225,9.81E-07,5.19E-14,1.89E+07,,0.174427112,0.42959254,0.593970807
243.5593656,9.81E-07,5.19E-14,1.89E+07,,0.174427618,0.42959254,0.59396963
243.5615088,9.81E-07,5.19E-14,1.89E+07,,0.174428124,0.42959254,0.593968452
243.563652,9.81E-07,5.19E-14,1.89E+07,,0.17442863,0.42959254,0.593967274
243.5657951,9.81E-07,5.19E-14,1.89E+07,,0.174429136,0.42959254,0.593966096
243.5679383,9.81E-07,5.19E-14,1.89E+07,,0.174429642,0.42959254,0.593964918
243.5700814,9.81E-07,5.19E-14,1.89E+07,,0.174430148,0.42959254,0.59396374
243.5722246,9.81E-07,5.19E-14,1.89E+07,,0.174430654,0.42959254,0.593962562
243.5743678,9.81E-07,5.19E-14,1.89E+07,,0.17443116,0.42959254,0.593961385
243.5765109,9.81E-07,5.19E-14,1.89E+07,,0.174431666,0.42959254,0.593960207
243.5786541,9.81E-07,5.19E-14,1.89E+07,,0.174432172,0.42959254,0.593959029
243.5807973,9.81E-07,5.19E-14,1.89E+07,,0.174432678,0.42959254,0.593957851
243.5829404,9.81E-07,5.19E-14,1.89E+07,,0.174433184,0.42959254,0.593956673
243.5850836,9.81E-07,5.19E-14,1.89E+07,,0.17443369,0.42959254,0.593955495
243.5872267,9.81E-07,5.19E-14,1.89E+07,,0.174434196,0.42959254,0.593954317
243.5893699,9.81E-07,5.19E-14,1.89E+07,,0.174434702,0.42959254,0.59395314
243.5915131,9.81E-07,5.19E-14,1.89E+07,,0.174435208,0.42959254,0.593951962
243.5936562,9.81E-07,5.19E-14,1.89E+07,,0.174435714,0.42959254,0.593950784
243.5957994,9.81E-07,5.19E-14,1.89E+07,,0.17443622,0.42959254,0.593949606
243.5979426,9.81E-07,5.19E-14,1.89E+07,,0.174436726,0.42959254,0.593948428
243.6000857,9.81E-07,5.19E-14,1.89E+07,,0.174437232,0.42959254,0.59394725
243.6022289,9.81E-07,5.19E-14,1.89E+07,,0.174437738,0.42959254,0.593946072
243.6043721,9.81E-07,5.19E-14,1.89E+07,,0.174438244,0.42959254,0.593944895
243.6065152,9.81E-07,5.19E-14,1.89E+07,,0.17443875,0.42959254,0.593943717
243.6086584,9.81E-07,5.19E-14,1.89E+07,,0.174439256,0.42959254,0.593942539
243.6108015,9.81E-07,5.19E-14,1.89E+07,,0.174439762,0.42959254,0.593941361
243.6129447,9.81E-07,5.19E-14,1.89E+07,,0.174440268,0.42959254,0.593940183
243.6150879,9.81E-07,5.19E-14,1.89E+07,,0.174440774,0.42959254,0.593939005
243.617231,9.81E-07,5.19E-14,1.89E+07,,0.174441281,0.42959254,0.593937825
243.6193742,9.81E-07,5.19E-14,1.89E+07,,0.174441787,0.42959254,0.593936647
243.6215174,9.81E-07,5.19E-14,1.89E+07,,0.174442293,0.42959254,0.593935469
243.6236605,9.81E-07,5.19E-14,1.89E+07,,0.174442799,0.42959254,0.593934291
243.6258037,9.81E-07,5.19E-14,1.89E+07,,0.174443305,0.42959254,0.593933114
243.6279468,9.81E-07,5.19E-14,1.89E+07,,0.174443811,0.42959254,0.593931936
243.63009,9.81E-07,5.19E-14,1.89E+07,,0.174444317,0.42959254,0.593930758
243.6322332,9.81E-07,5.19E-14,1.89E+07,,0.174444823,0.42959254,0.59392958
243.6343763,9.81E-07,5.19E-14,1.89E+07,,0.174445329,0.42959254,0.593928402
243.6365195,9.81E-07,5.19E-14,1.89E+07,,0.174445835,0.42959254,0.593927224
243.6386627,9.80E-07,5.19E-14,1.89E+07,,0.174446341,0.42959254,0.593926046
243.6408058,9.80E-07,5.19E-14,1.89E+07,,0.174446847,0.42959254,0.593924869
243.642949,9.80E-07,5.19E-14,1.89E+07,,0.174447353,0.42959254,0.593923691
243.6450922,9.80E-07,5.19E-14,1.89E+07,,0.174447859,0.42959254,0.593922513
243.6472353,9.80E-07,5.19E-14,1.89E+07,,0.174448365,0.42959254,0.593921335
243.6493785,9.80E-07,5.19E-14,1.89E+07,,0.174448871,0.42959254,0.593920157
243.6515216,9.80E-07,5.19E-14,1.89E+07,,0.174449377,0.42959254,0.593918979
243.6536648,9.80E-07,5.19E-14,1.89E+07,,0.174449883,0.42959254,0.593917801
243.655808,9.80E-07,5.19E-14,1.89E+07,,0.174450389,0.42959254,0.593916624
243.6579511,9.80E-07,5.19E-14,1.89E+07,,0.174450895,0.42959254,0.593915446
243.6600943,9.80E-07,5.19E-14,1.89E+07,,0.174451401,0.42959254,0.593914268
243.6622375,9.80E-07,5.19E-14,1.89E+07,,0.174451907,0.42959254,0.59391309
243.6643806,9.80E-07,5.19E-14,1.89E+07,,0.174452413,0.42959254,0.593911912
243.6665238,9.80E-07,5.19E-14,1.89E+07,,0.174452919,0.42959254,0.593910734
243.668667,9.80E-07,5.19E-14,1.89E+07,,0.174453425,0.42959254,0.593909556
243.6708101,9.80E-07,5.19E-14,1.89E+07,,0.174453931,0.42959254,0.593908379
243.6729533,9.80E-07,5.19E-14,1.89E+07,,0.174454437,0.42959254,0.593907201
243.6750964,9.80E-07,5.19E-14,1.89E+07,,0.174454943,0.42959254,0.593906023
243.6772396,9.80E-07,5.19E-14,1.89E+07,,0.174455449,0.42959254,0.593904845
243.6793828,9.80E-07,5.19E-14,1.89E+07,,0.174455955,0.42959254,0.593903667
243.6815259,9.80E-07,5.19E-14,1.89E+07,,0.174456461,0.42959254,0.593902489
243.6836691,9.80E-07,5.19E-14,1.89E+07,,0.174456968,0.42959254,0.593901309
243.6858123,9.80E-07,5.19E-14,1.89E+07,,0.174457474,0.42959254,0.593900131
243.6879554,9.80E-07,5.19E-14,1.89E+07,,0.17445798,0.42959254,0.593898953
243.6900986,9.80E-07,5.19E-14,1.89E+07,,0.174458486,0.42959254,0.593897775
243.6922417,9.80E-07,5.19E-14,1.89E+07,,0.174458992,0.42959254,0.593896598
243.6943849,9.80E-07,5.19E-14,1.89E+07,,0.174459498,0.42959254,0.59389542
243.6965281,9.80E-07,5.19E-14,1.89E+07,,0.174460004,0.42959254,0.593894242
243.6986712,9.80E-07,5.19E-14,1.89E+07,,0.17446051,0.42959254,0.593893064
243.7008144,9.80E-07,5.19E-14,1.89E+07,,0.174461016,0.42959254,0.593891886
243.7029576,9.80E-07,5.19E-14,1.89E+07,,0.174461522,0.42959254,0.593890708
243.7051007,9.80E-07,5.19E-14,1.89E+07,,0.174462028,0.42959254,0.59388953
243.7072439,9.80E-07,5.19E-14,1.89E+07,,0.174462534,0.42959254,0.593888353
243.7093871,9.80E-07,5.19E-14,1.89E+07,,0.17446304,0.42959254,0.593887175
243.7115302,9.80E-07,5.19E-14,1.89E+07,,0.174463546,0.42959254,0.593885997
243.7136734,9.80E-07,5.19E-14,1.89E+07,,0.174464052,0.42959254,0.593884819
243.7158165,9.80E-07,5.19E-14,1.89E+07,,0.174464558,0.42959254,0.593883641
243.7179597,9.80E-07,5.19E-14,1.89E+07,,0.174465064,0.42959254,0.593882463
243.7201029,9.80E-07,5.19E-14,1.89E+07,,0.17446557,0.42959254,0.593881285
243.722246,9.80E-07,5.19E-14,1.89E+07,,0.174466076,0.42959254,0.593880108
243.7243892,9.80E-07,5.19E-14,1.89E+07,,0.174466582,0.42959254,0.59387893
243.7265324,9.80E-07,5.19E-14,1.89E+07,,0.174467088,0.42959254,0.593877752
243.7286755,9.80E-07,5.19E-14,1.89E+07,,0.174467594,0.42959254,0.593876574
243.7308187,9.80E-07,5.19E-14,1.89E+07,,0.1744681,0.42959254,0.593875396
243.7329619,9.80E-07,5.19E-14,1.89E+07,,0.174468606,0.42959254,0.593874218
243.735105,9.80E-07,5.19E-14,1.89E+07,,0.174469112,0.42959254,0.59387304
243.7372482,9.80E-07,5.19E-14,1.89E+07,,0.174469618,0.42959254,0.593871863
243.7393913,9.80E-07,5.19E-14,1.89E+07,,0.174470124,0.42959254,0.593870685
243.7415345,9.80E-07,5.19E-14,1.89E+07,,0.17447063,0.42959254,0.593869507
243.7436777,9.80E-07,5.19E-14,1.89E+07,,0.174471136,0.42959254,0.593868329
243.7458208,9.80E-07,5.19E-14,1.89E+07,,0.174471642,0.42959254,0.593867151
243.747964,9.80E-07,5.19E-14,1.89E+07,,0.174472149,0.42959254,0.593865971
243.7501072,9.80E-07,5.19E-14,1.89E+07,,0.174472655,0.42959254,0.593864793
243.7522503,9.80E-07,5.19E-14,1.89E+07,,0.174473161,0.42959254,0.593863615
243.7543935,9.80E-07,5.19E-14,1.89E+07,,0.174473667,0.42959254,0.593862437
243.7565366,9.80E-07,5.19E-14,1.89E+07,,0.174474173,0.42959254,0.593861259
243.7586798,9.80E-07,5.19E-14,1.89E+07,,0.174474679,0.42959254,0.593860082
243.760823,9.80E-07,5.19E-14,1.89E+07,,0.174475185,0.42959254,0.593858904
243.7629661,9.80E-07,5.19E-14,1.89E+07,,0.174475691,0.42959254,0.593857726
243.7651093,9.80E-07,5.19E-14,1.89E+07,,0.174476197,0.42959254,0.593856548
243.7672525,9.80E-07,5.19E-14,1.89E+07,,0.174476703,0.42959254,0.59385537
243.7693956,9.80E-07,5.19E-14,1.89E+07,,0.174477209,0.42959254,0.593854192
243.7715388,9.80E-07,5.19E-14,1.89E+07,,0.174477715,0.42959254,0.593853014
243.773682,9.80E-07,5.19E-14,1.89E+07,,0.174478221,0.42959254,0.593851837
243.7758251,9.80E-07,5.19E-14,1.89E+07,,0.174478727,0.42959254,0.593850659
243.7779683,9.80E-07,5.19E-14,1.89E+07,,0.174479233,0.42959254,0.593849481
243.7801114,9.80E-07,5.19E-14,1.89E+07,,0.174479739,0.42959254,0.593848303
243.7822546,9.80E-07,5.19E-14,1.89E+07,,0.174480245,0.42959254,0.593847125
243.7843978,9.80E-07,5.19E-14,1.89E+07,,0.174480751,0.42959254,0.593845947
243.7865409,9.80E-07,5.19E-14,1.89E+07,,0.174481257,0.42959254,0.593844769
243.7886841,9.80E-07,5.19E-14,1.89E+07,,0.174481763,0.42959254,0.593843592
243.7908273,9.80E-07,5.19E-14,1.89E+07,,0.174482269,0.42959254,0.593842414
243.7929704,9.80E-07,5.19E-14,1.89E+07,,0.174482775,0.42959254,0.593841236
243.7951136,9.80E-07,5.19E-14,1.89E+07,,0.174483281,0.42959254,0.593840058
243.7972568,9.80E-07,5.19E-14,1.89E+07,,0.174483787,0.42959254,0.59383888
243.7993999,9.80E-07,5.19E-14,1.89E+07,,0.174484293,0.42959254,0.593837702
243.8015431,9.80E-07,5.19E-14,1.89E+07,,0.174484799,0.42959254,0.593836524
243.8036862,9.80E-07,5.19E-14,1.89E+07,,0.174485305,0.42959254,0.593835347
243.8058294,9.80E-07,5.19E-14,1.89E+07,,0.174485811,0.42959254,0.593834169
243.8079726,9.80E-07,5.19E-14,1.89E+07,,0.174486317,0.42959254,0.593832991
243.8101157,9.80E-07,5.19E-14,1.89E+07,,0.174486823,0.42959254,0.593831813
243.8122589,9.80E-07,5.19E-14,1.89E+07,,0.17448733,0.42959254,0.593830633
243.8144021,9.80E-07,5.19E-14,1.89E+07,,0.174487836,0.42959254,0.593829455
243.8165452,9.80E-07,5.19E-14,1.89E+07,,0.174488342,0.42959254,0.593828277
243.8186884,9.80E-07,5.19E-14,1.89E+07,,0.174488848,0.42959254,0.593827099
243.8208315,9.79E-07,5.19E-14,1.89E+07,,0.174489354,0.42959254,0.593825921
243.8229747,9.79E-07,5.19E-14,1.89E+07,,0.17448986,0.42959254,0.593824743
243.8251179,9.79E-07,5.19E-14,1.89E+07,,0.174490366,0.42959254,0.593823566
243.827261,9.79E-07,5.19E-14,1.89E+07,,0.174490872,0.42959254,0.593822388
243.8294042,9.79E-07,5.19E-14,1.89E+07,,0.174491378,0.42959254,0.59382121
243.8315474,9.79E-07,5.19E-14,1.89E+07,,0.174491884,0.42959254,0.593820032
243.8336905,9.79E-07,5.19E-14,1.89E+07,,0.17449239,0.42959254,0.593818854
243.8358337,9.79E-07,5.19E-14,1.89E+07,,0.174492896,0.42959254,0.593817676
243.8379769,9.79E-07,5.19E-14,1.89E+07,,0.174493402,0.42959254,0.593816498
243.84012,9.79E-07,5.19E-14,1.89E+07,,0.174493908,0.42959254,0.593815321
243.8422632,9.79E-07,5.19E-14,1.89E+07,,0.174494414,0.42959254,0.593814143
243.8444063,9.79E-07,5.19E-14,1.89E+07,,0.17449492,0.42959254,0.593812965
243.8465495,9.79E-07,5.19E-14,1.89E+07,,0.174495426,0.42959254,0.593811787
243.8486927,9.79E-07,5.19E-14,1.89E+07,,0.174495932,0.42959254,0.593810609
243.8508358,9.79E-07,5.19E-14,1.89E+07,,0.174496438,0.42959254,0.593809431
243.852979,9.79E-07,5.19E-14,1.89E+07,,0.174496944,0.42959254,0.593808253
243.8551222,9.79E-07,5.19E-14,1.89E+07,,0.17449745,0.42959254,0.593807076
243.8572653,9.79E-07,5.19E-14,1.89E+07,,0.174497956,0.42959254,0.593805898
243.8594085,9.79E-07,5.19E-14,1.89E+07,,0.174498462,0.42959254,0.59380472
243.8615517,9.79E-07,5.19E-14,1.89E+07,,0.174498968,0.42959254,0.593803542
243.8636948,9.79E-07,5.19E-14,1.89E+07,,0.174499474,0.42959254,0.593802364
243.865838,9.79E-07,5.19E-14,1.89E+07,,0.17449998,0.42959254,0.593801186
243.8679811,9.79E-07,5.19E-14,1.89E+07,,0.174500486,0.42959254,0.593800008
243.8701243,9.79E-07,5.19E-14,1.89E+07,,0.174500992,0.42959254,0.593798831
243.8722675,9.79E-07,5.19E-14,1.89E+07,,0.174501498,0.42959254,0.593797653
243.8744106,9.79E-07,5.19E-14,1.89E+07,,0.174502004,0.42959254,0.593796475
243.8765538,9.79E-07,5.19E-14,1.89E+07,,0.17450251,0.42959254,0.593795297
243.878697,9.79E-07,5.19E-14,1.89E+07,,0.174503017,0.42959254,0.593794117
243.8808401,9.79E-07,5.19E-14,1.89E+07,,0.174503523,0.42959254,0.593792939
243.8829833,9.79E-07,5.19E-14,1.89E+07,,0.174504029,0.42959254,0.593791761
243.8851264,9.79E-07,5.19E-14,1.89E+07,,0.174504535,0.42959254,0.593790583
243.8872696,9.79E-07,5.19E-14,1.89E+07,,0.174505041,0.42959254,0.593789405
243.8894128,9.79E-07,5.19E-14,1.89E+07,,0.174505547,0.42959254,0.593788227
243.8915559,9.79E-07,5.19E-14,1.89E+07,,0.174506053,0.42959254,0.59378705
243.8936991,9.79E-07,5.19E-14,1.89E+07,,0.174506559,0.42959254,0.593785872
243.8958423,9.79E-07,5.19E-14,1.89E+07,,0.174507065,0.42959254,0.593784694
243.8979854,9.79E-07,5.19E-14,1.89E+07,,0.174507571,0.42959254,0.593783516
243.9001286,9.79E-07,5.19E-14,1.89E+07,,0.174508077,0.42959254,0.593782338
243.9022718,9.79E-07,5.19E-14,1.89E+07,,0.174508583,0.42959254,0.59378116
243.9044149,9.79E-07,5.19E-14,1.89E+07,,0.174509089,0.42959254,0.593779982
243.9065581,9.79E-07,5.19E-14,1.89E+07,,0.174509595,0.42959254,0.593778805
243.9087012,9.79E-07,5.19E-14,1.89E+07,,0.174510101,0.42959254,0.593777627
243.9108444,9.79E-07,5.19E-14,1.89E+07,,0.174510607,0.42959254,0.593776449
243.9129876,9.79E-07,5.19E-14,1.89E+07,,0.174511113,0.42959254,0.593775271
243.9151307,9.79E-07,5.19E-14,1.89E+07,,0.174511619,0.42959254,0.593774093
243.9172739,9.79E-07,5.19E-14,1.89E+07,,0.174512125,0.42959254,0.593772915
243.9194171,9.79E-07,5.19E-14,1.89E+07,,0.174512631,0.42959254,0.593771737
243.9215602,9.79E-07,5.19E-14,1.89E+07,,0.174513137,0.42959254,0.59377056
243.9237034,9.79E-07,5.19E-14,1.89E+07,,0.174513643,0.42959254,0.593769382
243.9258465,9.79E-07,5.19E-14,1.89E+07,,0.174514149,0.42959254,0.593768204
243.9279897,9.79E-07,5.19E-14,1.89E+07,,0.174514655,0.42959254,0.593767026
243.9301329,9.79E-07,5.19E-14,1.89E+07,,0.174515161,0.42959254,0.593765848
243.932276,9.79E-07,5.19E-14,1.89E+07,,0.174515667,0.42959254,0.59376467
243.9344192,9.79E-07,5.19E-14,1.89E+07,,0.174516173,0.42959254,0.593763492
243.9365624,9.79E-07,5.19E-14,1.89E+07,,0.174516679,0.42959254,0.593762315
243.9387055,9.79E-07,5.19E-14,1.89E+07,,0.174517185,0.42959254,0.593761137
243.9408487,9.79E-07,5.19E-14,1.89E+07,,0.174517691,0.42959254,0.593759959
243.9429919,9.79E-07,5.19E-14,1.89E+07,,0.174518198,0.42959254,0.593758779
243.945135,9.79E-07,5.19E-14,1.89E+07,,0.174518704,0.42959254,0.593757601
243.9472782,9.79E-07,5.19E-14,1.89E+07,,0.17451921,0.42959254,0.593756423
243.9494213,9.79E-07,5.19E-14,1.89E+07,,0.174519716,0.42959254,0.593755245
243.9515645,9.79E-07,5.19E-14,1.89E+07,,0.174520222,0.42959254,0.593754067
243.9537077,9.79E-07,5.19E-14,1.89E+07,,0.174520728,0.42959254,0.593752889
243.9558508,9.79E-07,5.19E-14,1.89E+07,,0.174521234,0.42959254,0.593751711
243.957994,9.79E-07,5.19E-14,1.89E+07,,0.17452174,0.42959254,0.593750534
243.9601372,9.79E-07,5.19E-14,1.89E+07,,0.174522246,0.42959254,0.593749356
243.9622803,9.79E-07,5.19E-14,1.89E+07,,0.174522752,0.42959254,0.593748178
243.9644235,9.79E-07,5.19E-14,1.89E+07,,0.174523258,0.42959254,0.593747
243.9665667,9.79E-07,5.19E-14,1.89E+07,,0.174523764,0.42959254,0.593745822
243.9687098,9.79E-07,5.19E-14,1.89E+07,,0.17452427,0.42959254,0.593744644
243.970853,9.79E-07,5.19E-14,1.89E+07,,0.174524776,0.42959254,0.593743466
243.9729961,9.79E-07,5.19E-14,1.89E+07,,0.174525282,0.42959254,0.593742289
243.9751393,9.79E-07,5.19E-14,1.89E+07,,0.174525788,0.42959254,0.593741111
243.9772825,9.79E-07,5.19E-14,1.89E+07,,0.174526294,0.42959254,0.593739933
243.9794256,9.79E-07,5.19E-14,1.89E+07,,0.1745268,0.42959254,0.593738755
243.9815688,9.79E-07,5.19E-14,1.89E+07,,0.174527306,0.42959254,0.593737577
243.983712,9.79E-07,5.19E-14,1.89E+07,,0.174527812,0.42959254,0.593736399
243.9858551,9.79E-07,5.19E-14,1.89E+07,,0.174528318,0.42959254,0.593735221
243.9879983,9.79E-07,5.19E-14,1.89E+07,,0.174528824,0.42959254,0.593734044
243.9901414,9.79E-07,5.19E-14,1.89E+07,,0.17452933,0.42959254,0.593732866
243.9922846,9.79E-07,5.19E-14,1.89E+07,,0.174529836,0.42959254,0.593731688
243.9944278,9.79E-07,5.19E-14,1.89E+07,,0.174530342,0.42959254,0.59373051
243.9965709,9.79E-07,5.19E-14,1.89E+07,,0.174530848,0.42959254,0.593729332
243.9987141,9.79E-07,5.19E-14,1.89E+07,,0.174531354,0.42959254,0.593728154
244.0008573,9.79E-07,5.19E-14,1.89E+07,,0.174531842,0.42959254,0.593727018
244.0030004,9.79E-07,5.19E-14,1.89E+07,,0.174532301,0.42959254,0.59372595
244.0051436,9.78E-07,5.19E-14,1.88E+07,,0.17453276,0.42959254,0.593724881
244.0072868,9.78E-07,5.19E-14,1.88E+07,,0.17453322,0.42959254,0.593723811
244.0094299,9.78E-07,5.19E-14,1.88E+07,,0.174533679,0.42959254,0.593722742
244.0115731,9.78E-07,5.19E-14,1.88E+07,,0.174534138,0.42959254,0.593721674
244.0137162,9.78E-07,5.19E-14,1.88E+07,,0.174534598,0.42959254,0.593720603
244.0158594,9.78E-07,5.19E-14,1.88E+07,,0.174535057,0.42959254,0.593719534
244.0180026,9.78E-07,5.19E-14,1.88E+07,,0.174535516,0.42959254,0.593718466
244.0201457,9.78E-07,5.19E-14,1.88E+07,,0.174535976,0.42959254,0.593717395
244.0222889,9.78E-07,5.19E-14,1.88E+07,,0.174536435,0.42959254,0.593716327
244.0244321,9.78E-07,5.19E-14,1.88E+07,,0.174536894,0.42959254,0.593715258
244.0265752,9.78E-07,5.19E-14,1.88E+07,,0.174537353,0.42959254,0.59371419
244.0287184,9.78E-07,5.19E-14,1.88E+07,,0.174537813,0.42959254,0.593713119
244.0308616,9.78E-07,5.19E-14,1.88E+07,,0.174538272,0.42959254,0.593712051
244.0330047,9.78E-07,5.19E-14,1.88E+07,,0.174538731,0.42959254,0.593710982
244.0351479,9.78E-07,5.19E-14,1.88E+07,,0.174539191,0.42959254,0.593709911
244.037291,9.78E-07,5.19E-14,1.88E+07,,0.17453965,0.42959254,0.593708843
244.0394342,9.78E-07,5.19E-14,1.88E+07,,0.174540109,0.42959254,0.593707775
244.0415774,9.78E-07,5.19E-14,1.88E+07,,0.174540569,0.42959254,0.593706704
244.0437205,9.78E-07,5.19E-14,1.88E+07,,0.174541028,0.42959254,0.593705635
244.0458637,9.78E-07,5.19E-14,1.88E+07,,0.174541487,0.42959254,0.593704567
244.0480069,9.78E-07,5.19E-14,1.88E+07,,0.174541947,0.42959254,0.593703496
244.05015,9.78E-07,5.19E-14,1.88E+07,,0.174542406,0.42959254,0.593702428
244.0522932,9.78E-07,5.19E-14,1.88E+07,,0.174542865,0.42959254,0.593701359
244.0544363,9.78E-07,5.19E-14,1.88E+07,,0.174543325,0.42959254,0.593700288
244.0565795,9.78E-07,5.19E-14,1.88E+07,,0.174543784,0.42959254,0.59369922
244.0587227,9.78E-07,5.19E-14,1.88E+07,,0.174544243,0.42959254,0.593698151
244.0608658,9.78E-07,5.19E-14,1.88E+07,,0.174544702,0.42959254,0.593697083
244.063009,9.78E-07,5.19E-14,1.88E+07,,0.174545162,0.42959254,0.593696012
244.0651522,9.78E-07,5.19E-14,1.88E+07,,0.174545621,0.42959254,0.593694944
244.0672953,9.78E-07,5.19E-14,1.88E+07,,0.17454608,0.42959254,0.593693875
244.0694385,9.78E-07,5.19E-14,1.88E+07,,0.17454654,0.42959254,0.593692805
244.0715817,9.78E-07,5.19E-14,1.88E+07,,0.174546999,0.42959254,0.593691736
244.0737248,9.78E-07,5.19E-14,1.88E+07,,0.174547458,0.42959254,0.593690668
244.075868,9.78E-07,5.19E-14,1.88E+07,,0.174547918,0.42959254,0.593689597
244.0780111,9.78E-07,5.19E-14,1.88E+07,,0.174548377,0.42959254,0.593688528
244.0801543,9.78E-07,5.19E-14,1.88E+07,,0.174548836,0.42959254,0.59368746
244.0822975,9.78E-07,5.19E-14,1.88E+07,,0.174549296,0.42959254,0.593686389
244.0844406,9.78E-07,5.19E-14,1.88E+07,,0.174549755,0.42959254,0.593685321
244.0865838,9.78E-07,5.19E-14,1.88E+07,,0.174550214,0.42959254,0.593684252
244.088727,9.78E-07,5.19E-14,1.88E+07,,0.174550674,0.42959254,0.593683181
244.0908701,9.78E-07,5.19E-14,1.88E+07,,0.174551133,0.42959254,0.593682113
244.0930133,9.78E-07,5.19E-14,1.88E+07,,0.174551592,0.42959254,0.593681045
244.0951565,9.78E-07,5.19E-14,1.88E+07,,0.174552051,0.42959254,0.593679976
244.0972996,9.78E-07,5.19E-14,1.88E+07,,0.174552511,0.42959254,0.593678905
244.0994428,9.78E-07,5.19E-14,1.88E+07,,0.17455297,0.42959254,0.593677837
244.1015859,9.78E-07,5.19E-14,1.88E+07,,0.174553429,0.42959254,0.593676768
244.1037291,9.78E-07,5.19E-14,1.88E+07,,0.174553889,0.42959254,0.593675698
244.1058723,9.78E-07,5.19E-14,1.88E+07,,0.174554348,0.42959254,0.593674629
244.1080154,9.78E-07,5.19E-14,1.88E+07,,0.174554807,0.42959254,0.593673561
244.1101586,9.78E-07,5.19E-14,1.88E+07,,0.174555267,0.42959254,0.59367249
244.1123018,9.78E-07,5.19E-14,1.88E+07,,0.174555726,0.42959254,0.593671421
244.1144449,9.78E-07,5.19E-14,1.88E+07,,0.174556185,0.42959254,0.593670353
244.1165881,9.78E-07,5.19E-14,1.88E+07,,0.174556645,0.42959254,0.593669282
244.1187312,9.78E-07,5.19E-14,1.88E+07,,0.174557104,0.42959254,0.593668214
244.1208744,9.78E-07,5.19E-14,1.88E+07,,0.174557563,0.42959254,0.593667145
244.1230176,9.78E-07,5.19E-14,1.88E+07,,0.174558023,0.42959254,0.593666075
244.1251607,9.78E-07,5.19E-14,1.88E+07,,0.174558482,0.42959254,0.593665006
244.1273039,9.78E-07,5.19E-14,1.88E+07,,0.174558941,0.42959254,0.593663938
244.1294471,9.78E-07,5.19E-14,1.88E+07,,0.1745594,0.42959254,0.593662869
244.1315902,9.78E-07,5.19E-14,1.88E+07,,0.17455986,0.42959254,0.593661798
244.1337334,9.78E-07,5.19E-14,1.88E+07,,0.174560319,0.42959254,0.59366073
244.1358766,9.78E-07,5.19E-14,1.88E+07,,0.174560778,0.42959254,0.593659661
244.1380197,9.78E-07,5.19E-14,1.88E+07,,0.174561238,0.42959254,0.593658591
244.1401629,9.78E-07,5.19E-14,1.88E+07,,0.174561697,0.42959254,0.593657522
244.142306,9.78E-07,5.19E-14,1.88E+07,,0.174562156,0.42959254,0.593656454
244.1444492,9.78E-07,5.19E-14,1.88E+07,,0.174562616,0.42959254,0.593655383
244.1465924,9.78E-07,5.19E-14,1.88E+07,,0.174563075,0.42959254,0.593654315
244.1487355,9.78E-07,5.19E-14,1.88E+07,,0.174563534,0.42959254,0.593653246
244.1508787,9.78E-07,5.19E-14,1.88E+07,,0.174563994,0.42959254,0.593652175
244.1530219,9.78E-07,5.19E-14,1.88E+07,,0.174564453,0.42959254,0.593651107
244.155165,9.78E-07,5.19E-14,1.88E+07,,0.174564912,0.42959254,0.593650038
244.1573082,9.78E-07,5.19E-14,1.88E+07,,0.174565372,0.42959254,0.593648968
244.1594514,9.78E-07,5.19E-14,1.88E+07,,0.174565831,0.42959254,0.593647899
244.1615945,9.78E-07,5.19E-14,1.88E+07,,0.17456629,0.42959254,0.593646831
244.1637377,9.78E-07,5.19E-14,1.88E+07,,0.174566749,0.42959254,0.593645762
244.1658808,9.78E-07,5.19E-14,1.88E+07,,0.174567209,0.42959254,0.593644691
244.168024,9.78E-07,5.19E-14,1.88E+07,,0.174567668,0.42959254,0.593643623
244.1701672,9.78E-07,5.19E-14,1.88E+07,,0.174568127,0.42959254,0.593642555
244.1723103,9.78E-07,5.19E-14,1.88E+07,,0.174568587,0.42959254,0.593641484
244.1744535,9.78E-07,5.19E-14,1.88E+07,,0.174569046,0.42959254,0.593640415
244.1765967,9.78E-07,5.19E-14,1.88E+07,,0.174569505,0.42959254,0.593639347
244.1787398,9.78E-07,5.19E-14,1.88E+07,,0.174569965,0.42959254,0.593638276
244.180883,9.78E-07,5.19E-14,1.88E+07,,0.174570424,0.42959254,0.593637208
244.1830261,9.78E-07,5.19E-14,1.88E+07,,0.174570883,0.42959254,0.593636139
244.1851693,9.78E-07,5.19E-14,1.88E+07,,0.174571343,0.42959254,0.593635068
244.1873125,9.78E-07,5.19E-14,1.88E+07,,0.174571802,0.42959254,0.593634
244.1894556,9.78E-07,5.19E-14,1.88E+07,,0.174572261,0.42959254,0.593632931
244.1915988,9.78E-07,5.19E-14,1.88E+07,,0.17457272,0.42959254,0.593631863
244.193742,9.78E-07,5.19E-14,1.88E+07,,0.17457318,0.42959254,0.593630792
244.1958851,9.78E-07,5.19E-14,1.88E+07,,0.174573639,0.42959254,0.593629724
244.1980283,9.78E-07,5.19E-14,1.88E+07,,0.174574098,0.42959254,0.593628655
244.2001715,9.78E-07,5.19E-14,1.88E+07,,0.174574558,0.42959254,0.593627585
244.2023146,9.78E-07,5.19E-14,1.88E+07,,0.174575017,0.42959254,0.593626516
244.2044578,9.78E-07,5.19E-14,1.88E+07,,0.174575476,0.42959254,0.593625448
244.2066009,9.78E-07,5.19E-14,1.88E+07,,0.174575936,0.42959254,0.593624377
244.2087441,9.78E-07,5.19E-14,1.88E+07,,0.174576395,0.42959254,0.593623308
244.2108873,9.78E-07,5.19E-14,1.88E+07,,0.174576854,0.42959254,0.59362224
244.2130304,9.78E-07,5.19E-14,1.88E+07,,0.174577314,0.42959254,0.593621169
244.2151736,9.78E-07,5.19E-14,1.88E+07,,0.174577773,0.42959254,0.593620101
244.2173168,9.78E-07,5.19E-14,1.88E+07,,0.174578232,0.42959254,0.593619032
244.2194599,9.78E-07,5.19E-14,1.88E+07,,0.174578692,0.42959254,0.593617961
244.2216031,9.78E-07,5.19E-14,1.88E+07,,0.174579151,0.42959254,0.593616893
244.2237462,9.77E-07,5.19E-14,1.88E+07,,0.17457961,0.42959254,0.593615825
244.2258894,9.77E-07,5.19E-14,1.88E+07,,0.174580069,0.42959254,0.593614756
244.2280326,9.77E-07,5.19E-14,1.88E+07,,0.174580529,0.42959254,0.593613685
244.2301757,9.77E-07,5.19E-14,1.88E+07,,0.174580988,0.42959254,0.593612617
244.2323189,9.77E-07,5.19E-14,1.88E+07,,0.174581447,0.42959254,0.593611548
244.2344621,9.77E-07,5.19E-14,1.88E+07,,0.174581907,0.42959254,0.593610478
244.2366052,9.77E-07,5.19E-14,1.88E+07,,0.174582366,0.42959254,0.593609409
244.2387484,9.77E-07,5.19E-14,1.88E+07,,0.174582825,0.42959254,0.593608341
244.2408916,9.77E-07,5.19E-14,1.88E+07,,0.174583285,0.42959254,0.59360727
244.2430347,9.77E-07,5.19E-14,1.88E+07,,0.174583744,0.42959254,0.593606202
244.2451779,9.77E-07,5.19E-14,1.88E+07,,0.174584203,0.42959254,0.593605133
244.247321,9.77E-07,5.19E-14,1.88E+07,,0.174584663,0.42959254,0.593604062
244.2494642,9.77E-07,5.19E-14,1.88E+07,,0.174585122,0.42959254,0.593602994
244.2516074,9.77E-07,5.19E-14,1.88E+07,,0.174585581,0.42959254,0.593601925
244.2537505,9.77E-07,5.19E-14,1.88E+07,,0.174586041,0.42959254,0.593600855
244.2558937,9.77E-07,5.19E-14,1.88E+07,,0.1745865,0.42959254,0.593599786
244.2580369,9.77E-07,5.19E-14,1.88E+07,,0.174586959,0.42959254,0.593598718
244.26018,9.77E-07,5.19E-14,1.88E+07,,0.174587418,0.42959254,0.593597649
244.2623232,9.77E-07,5.19E-14,1.88E+07,,0.174587878,0.42959254,0.593596578
244.2644664,9.77E-07,5.19E-14,1.88E+07,,0.174588337,0.42959254,0.59359551
244.2666095,9.77E-07,5.19E-14,1.88E+07,,0.174588796,0.42959254,0.593594442
244.2687527,9.77E-07,5.19E-14,1.88E+07,,0.174589256,0.42959254,0.593593371
244.2708958,9.77E-07,5.19E-14,1.88E+07,,0.174589715,0.42959254,0.593592302
244.273039,9.77E-07,5.19E-14,1.88E+07,,0.174590174,0.42959254,0.593591234
244.2751822,9.77E-07,5.19E-14,1.88E+07,,0.174590634,0.42959254,0.593590163
244.2773253,9.77E-07,5.19E-14,1.88E+07,,0.174591093,0.42959254,0.593589095
244.2794685,9.77E-07,5.19E-14,1.88E+07,,0.174591552,0.42959254,0.593588026
244.2816117,9.77E-07,5.19E-14,1.88E+07,,0.174592012,0.42959254,0.593586955
244.2837548,9.77E-07,5.19E-14,1.88E+07,,0.174592471,0.42959254,0.593585887
244.285898,9.77E-07,5.19E-14,1.88E+07,,0.17459293,0.42959254,0.593584818
244.2880411,9.77E-07,5.19E-14,1.88E+07,,0.17459339,0.42959254,0.593583748
244.2901843,9.77E-07,5.19E-14,1.88E+07,,0.174593849,0.42959254,0.593582679
244.2923275,9.77E-07,5.19E-14,1.88E+07,,0.174594308,0.42959254,0.593581611
244.2944706,9.77E-07,5.19E-14,1.88E+07,,0.174594767,0.42959254,0.593580542
244.2966138,9.77E-07,5.19E-14,1.88E+07,,0.174595227,0.42959254,0.593579472
244.298757,9.77E-07,5.19E-14,1.88E+07,,0.174595686,0.42959254,0.593578403
244.3009001,9.77E-07,5.19E-14,1.88E+07,,0.174596145,0.42959254,0.593577335
244.3030433,9.77E-07,5.19E-14,1.88E+07,,0.174596605,0.42959254,0.593576264
244.3051865,9.77E-07,5.19E-14,1.88E+07,,0.174597064,0.42959254,0.593575195
244.3073296,9.77E-07,5.19E-14,1.88E+07,,0.174597523,0.42959254,0.593574127
244.3094728,9.77E-07,5.19E-14,1.88E+07,,0.174597983,0.42959254,0.593573056
244.3116159,9.77E-07,5.19E-14,1.88E+07,,0.174598442,0.42959254,0.593571988
244.3137591,9.77E-07,5.19E-14,1.88E+07,,0.174598901,0.42959254,0.593570919
244.3159023,9.77E-07,5.19E-14,1.88E+07,,0.174599361,0.42959254,0.593569848
244.3180454,9.77E-07,5.19E-14,1.88E+07,,0.17459982,0.42959254,0.59356878
244.3201886,9.77E-07,5.19E-14,1.88E+07,,0.174600279,0.42959254,0.593567712
244.3223318,9.77E-07,5.19E-14,1.88E+07,,0.174600739,0.42959254,0.593566641
244.3244749,9.77E-07,5.19E-14,1.88E+07,,0.174601198,0.42959254,0.593565572
244.3266181,9.77E-07,5.19E-14,1.88E+07,,0.174601657,0.42959254,0.593564504
244.3287613,9.77E-07,5.19E-14,1.88E+07,,0.174602116,0.42959254,0.593563435
244.3309044,9.77E-07,5.19E-14,1.88E+07,,0.174602576,0.42959254,0.593562365
244.3330476,9.77E-07,5.19E-14,1.88E+07,,0.174603035,0.42959254,0.593561296
244.3351907,9.77E-07,5.19E-14,1.88E+07,,0.174603494,0.42959254,0.593560228
244.3373339,9.77E-07,5.19E-14,1.88E+07,,0.174603954,0.42959254,0.593559157
244.3394771,9.77E-07,5.19E-14,1.88E+07,,0.174604413,0.42959254,0.593558088
244.3416202,9.77E-07,5.19E-14,1.88E+07,,0.174604872,0.42959254,0.59355702
244.3437634,9.77E-07,5.19E-14,1.88E+07,,0.174605332,0.42959254,0.593555949
244.3459066,9.77E-07,5.19E-14,1.88E+07,,0.174605791,0.42959254,0.593554881
244.3480497,9.77E-07,5.19E-14,1.88E+07,,0.17460625,0.42959254,0.593553812
244.3501929,9.77E-07,5.19E-14,1.88E+07,,0.17460671,0.42959254,0.593552742
244.352336,9.77E-07,5.19E-14,1.88E+07,,0.174607169,0.42959254,0.593551673
244.3544792,9.77E-07,5.19E-14,1.88E+07,,0.174607628,0.42959254,0.593550605
244.3566224,9.77E-07,5.19E-14,1.88E+07,,0.174608088,0.42959254,0.593549534
244.3587655,9.77E-07,5.19E-14,1.88E+07,,0.174608547,0.42959254,0.593548465
244.3609087,9.77E-07,5.19E-14,1.88E+07,,0.174609006,0.42959254,0.593547397
244.3630519,9.77E-07,5.19E-14,1.88E+07,,0.174609465,0.42959254,0.593546328
244.365195,9.77E-07,5.19E-14,1.88E+07,,0.174609925,0.42959254,0.593545258
244.3673382,9.77E-07,5.19E-14,1.88E+07,,0.174610384,0.42959254,0.593544189
244.3694814,9.77E-07,5.19E-14,1.88E+07,,0.174610843,0.42959254,0.593543121
244.3716245,9.77E-07,5.19E-14,1.88E+07,,0.174611303,0.42959254,0.59354205
244.3737677,9.77E-07,5.19E-14,1.88E+07,,0.174611762,0.42959254,0.593540982
244.3759108,9.77E-07,5.19E-14,1.88E+07,,0.174612221,0.42959254,0.593539913
244.378054,9.77E-07,5.19E-14,1.88E+07,,0.174612681,0.42959254,0.593538842
244.3801972,9.77E-07,5.19E-14,1.88E+07,,0.17461314,0.42959254,0.593537774
244.3823403,9.77E-07,5.19E-14,1.88E+07,,0.174613599,0.42959254,0.593536705
244.3844835,9.77E-07,5.19E-14,1.88E+07,,0.174614059,0.42959254,0.593535635
244.3866267,9.77E-07,5.19E-14,1.88E+07,,0.174614518,0.42959254,0.593534566
244.3887698,9.77E-07,5.19E-14,1.88E+07,,0.174614977,0.42959254,0.593533498
244.390913,9.77E-07,5.19E-14,1.88E+07,,0.174615437,0.42959254,0.593532427
244.3930562,9.77E-07,5.19E-14,1.88E+07,,0.174615896,0.42959254,0.593531358
244.3951993,9.77E-07,5.19E-14,1.88E+07,,0.174616355,0.42959254,0.59353029
244.3973425,9.77E-07,5.19E-14,1.88E+07,,0.174616814,0.42959254,0.593529222
244.3994856,9.77E-07,5.19E-14,1.88E+07,,0.174617274,0.42959254,0.593528151
244.4016288,9.77E-07,5.19E-14,1.88E+07,,0.174617733,0.42959254,0.593527082
244.403772,9.77E-07,5.19E-14,1.88E+07,,0.174618192,0.42959254,0.593526014
244.4059151,9.77E-07,5.19E-14,1.88E+07,,0.174618652,0.42959254,0.593524943
244.4080583,9.77E-07,5.19E-14,1.88E+07,,0.174619111,0.42959254,0.593523875
244.4102015,9.77E-07,5.19E-14,1.88E+07,,0.17461957,0.42959254,0.593522806
244.4123446,9.77E-07,5.19E-14,1.88E+07,,0.17462003,0.42959254,0.593521735
244.4144878,9.77E-07,5.19E-14,1.88E+07,,0.174620489,0.42959254,0.593520667
244.4166309,9.77E-07,5.19E-14,1.88E+07,,0.174620948,0.42959254,0.593519599
244.4187741,9.77E-07,5.19E-14,1.88E+07,,0.174621408,0.42959254,0.593518528
244.4209173,9.77E-07,5.19E-14,1.88E+07,,0.174621867,0.42959254,0.593517459
244.4230604,9.77E-07,5.19E-14,1.88E+07,,0.174622326,0.42959254,0.593516391
244.4252036,9.77E-07,5.19E-14,1.88E+07,,0.174622786,0.42959254,0.59351532
244.4273468,9.77E-07,5.19E-14,1.88E+07,,0.174623245,0.42959254,0.593514252
244.4294899,9.77E-07,5.19E-14,1.88E+07,,0.174623704,0.42959254,0.593513183
244.4316331,9.77E-07,5.19E-14,1.88E+07,,0.174624163,0.42959254,0.593512115
244.4337763,9.77E-07,5.19E-14,1.88E+07,,0.174624623,0.42959254,0.593511044
244.4359194,9.77E-07,5.19E-14,1.88E+07,,0.174625082,0.42959254,0.593509975
244.4380626,9.77E-07,5.19E-14,1.88E+07,,0.174625541,0.42959254,0.593508907
244.4402057,9.76E-07,5.19E-14,1.88E+07,,0.174626001,0.42959254,0.593507836
244.4423489,9.76E-07,5.19E-14,1.88E+07,,0.17462646,0.42959254,0.593506768
244.4444921,9.76E-07,5.19E-14,1.88E+07,,0.174626919,0.42959254,0.593505699
244.4466352,9.76E-07,5.19E-14,1.88E+07,,0.174627379,0.42959254,0.593504629
244.4487784,9.76E-07,5.19E-14,1.88E+07,,0.174627838,0.42959254,0.59350356
244.4509216,9.76E-07,5.19E-14,1.88E+07,,0.174628297,0.42959254,0.593502492
244.4530647,9.76E-07,5.19E-14,1.88E+07,,0.174628757,0.42959254,0.593501421
244.4552079,9.76E-07,5.19E-14,1.88E+07,,0.174629216,0.42959254,0.593500352
244.4573511,9.76E-07,5.19E-14,1.88E+07,,0.174629675,0.42959254,0.593499284
244.4594942,9.76E-07,5.19E-14,1.88E+07,,0.174630135,0.42959254,0.593498213
244.4616374,9.76E-07,5.19E-14,1.88E+07,,0.174630594,0.42959254,0.593497145
244.4637805,9.76E-07,5.19E-14,1.88E+07,,0.174631053,0.42959254,0.593496076
244.4659237,9.76E-07,5.19E-14,1.88E+07,,0.174631512,0.42959254,0.593495008
244.4680669,9.76E-07,5.19E-14,1.88E+07,,0.174631972,0.42959254,0.593493937
244.47021,9.76E-07,5.19E-14,1.88E+07,,0.174632431,0.42959254,0.593492869
244.4723532,9.76E-07,5.19E-14,1.88E+07,,0.17463289,0.42959254,0.5934918
244.4744964,9.76E-07,5.19E-14,1.88E+07,,0.17463335,0.42959254,0.593490729
244.4766395,9.76E-07,5.19E-14,1.88E+07,,0.174633809,0.42959254,0.593489661
244.4787827,9.76E-07,5.19E-14,1.88E+07,,0.174634268,0.42959254,0.593488592
244.4809258,9.76E-07,5.19E-14,1.88E+07,,0.174634728,0.42959254,0.593487522
244.483069,9.76E-07,5.19E-14,1.88E+07,,0.174635187,0.42959254,0.593486453
244.4852122,9.76E-07,5.19E-14,1.88E+07,,0.174635646,0.42959254,0.593485385
244.4873553,9.76E-07,5.19E-14,1.88E+07,,0.174636106,0.42959254,0.593484314
244.4894985,9.76E-07,5.19E-14,1.88E+07,,0.174636565,0.42959254,0.593483245
244.4916417,9.76E-07,5.19E-14,1.88E+07,,0.174637024,0.42959254,0.593482177
244.4937848,9.76E-07,5.19E-14,1.88E+07,,0.174637483,0.42959254,0.593481109
244.495928,9.76E-07,5.19E-14,1.88E+07,,0.174637943,0.42959254,0.593480038
244.4980712,9.76E-07,5.19E-14,1.88E+07,,0.174638402,0.42959254,0.593478969
244.5002143,9.76E-07,5.19E-14,1.88E+07,,0.174638861,0.42959254,0.593477901
244.5023575,9.76E-07,5.19E-14,1.88E+07,,0.174639321,0.42959254,0.59347683
244.5045006,9.76E-07,5.19E-14,1.88E+07,,0.17463978,0.42959254,0.593475762
244.5066438,9.76E-07,5.19E-14,1.88E+07,,0.174640239,0.42959254,0.593474693
244.508787,9.76E-07,5.19E-14,1.88E+07,,0.174640699,0.42959254,0.593473622
244.5109301,9.76E-07,5.19E-14,1.88E+07,,0.174641158,0.42959254,0.593472554
244.5130733,9.76E-07,5.19E-14,1.88E+07,,0.174641617,0.42959254,0.593471485
244.5152165,9.76E-07,5.19E-14,1.88E+07,,0.174642077,0.42959254,0.593470415
244.5173596,9.76E-07,5.19E-14,1.88E+07,,0.174642536,0.42959254,0.593469346
244.5195028,9.76E-07,5.19E-14,1.88E+07,,0.174642995,0.42959254,0.593468278
244.5216459,9.76E-07,5.19E-14,1.88E+07,,0.174643455,0.42959254,0.593467207
244.5237891,9.76E-07,5.19E-14,1.88E+07,,0.174643914,0.42959254,0.593466139
244.5259323,9.76E-07,5.19E-14,1.88E+07,,0.174644373,0.42959254,0.59346507
244.5280754,9.76E-07,5.19E-14,1.88E+07,,0.174644832,0.42959254,0.593464002
244.5302186,9.76E-07,5.19E-14,1.88E+07,,0.174645292,0.42959254,0.593462931
244.5323618,9.76E-07,5.19E-14,1.88E+07,,0.174645751,0.42959254,0.593461862
244.5345049,9.76E-07,5.19E-14,1.88E+07,,0.17464621,0.42959254,0.593460794
244.5366481,9.76E-07,5.19E-14,1.88E+07,,0.17464667,0.42959254,0.593459723
244.5387913,9.76E-07,5.19E-14,1.88E+07,,0.174647129,0.42959254,0.593458655
244.5409344,9.76E-07,5.19E-14,1.88E+07,,0.174647588,0.42959254,0.593457586
244.5430776,9.76E-07,5.19E-14,1.88E+07,,0.174648048,0.42959254,0.593456515
244.5452207,9.76E-07,5.19E-14,1.88E+07,,0.174648507,0.42959254,0.593455447
244.5473639,9.76E-07,5.19E-14,1.88E+07,,0.174648966,0.42959254,0.593454379
244.5495071,9.76E-07,5.19E-14,1.88E+07,,0.174649426,0.42959254,0.593453308
244.5516502,9.76E-07,5.19E-14,1.88E+07,,0.174649885,0.42959254,0.593452239
244.5537934,9.76E-07,5.19E-14,1.88E+07,,0.174650344,0.42959254,0.593451171
244.5559366,9.76E-07,5.19E-14,1.88E+07,,0.174650804,0.42959254,0.5934501
244.5580797,9.76E-07,5.19E-14,1.88E+07,,0.174651263,0.42959254,0.593449032
244.5602229,9.76E-07,5.19E-14,1.88E+07,,0.174651722,0.42959254,0.593447963
244.5623661,9.76E-07,5.19E-14,1.88E+07,,0.174652181,0.42959254,0.593446895
244.5645092,9.76E-07,5.19E-14,1.88E+07,,0.174652641,0.42959254,0.593445824
244.5666524,9.76E-07,5.19E-14,1.88E+07,,0.1746531,0.42959254,0.593444756
244.5687955,9.76E-07,5.19E-14,1.88E+07,,0.174653559,0.42959254,0.593443687
244.5709387,9.76E-07,5.19E-14,1.88E+07,,0.174654019,0.42959254,0.593442616
244.5730819,9.76E-07,5.19E-14,1.88E+07,,0.174654478,0.42959254,0.593441548
244.575225,9.76E-07,5.19E-14,1.88E+07,,0.174654937,0.42959254,0.593440479
244.5773682,9.76E-07,5.19E-14,1.88E+07,,0.174655397,0.42959254,0.593439409
244.5795114,9.76E-07,5.19E-14,1.88E+07,,0.174655856,0.42959254,0.59343834
244.5816545,9.76E-07,5.19E-14,1.88E+07,,0.174656315,0.42959254,0.593437272
244.5837977,9.76E-07,5.19E-14,1.88E+07,,0.174656775,0.42959254,0.593436201
244.5859408,9.76E-07,5.19E-14,1.88E+07,,0.174657234,0.42959254,0.593435132
244.588084,9.76E-07,5.19E-14,1.88E+07,,0.174657693,0.42959254,0.593434064
244.5902272,9.76E-07,5.19E-14,1.88E+07,,0.174658153,0.42959254,0.593432993
244.5923703,9.76E-07,5.19E-14,1.88E+07,,0.174658612,0.42959254,0.593431925
244.5945135,9.76E-07,5.19E-14,1.88E+07,,0.174659071,0.42959254,0.593430856
244.5966567,9.76E-07,5.19E-14,1.88E+07,,0.17465953,0.42959254,0.593429788
244.5987998,9.76E-07,5.19E-14,1.88E+07,,0.17465999,0.42959254,0.593428717
244.600943,9.76E-07,5.19E-14,1.88E+07,,0.174660449,0.42959254,0.593427649
244.6030862,9.76E-07,5.19E-14,1.88E+07,,0.174660908,0.42959254,0.59342658
244.6052293,9.76E-07,5.19E-14,1.88E+07,,0.174661368,0.42959254,0.593425509
244.6073725,9.76E-07,5.19E-14,1.88E+07,,0.174661827,0.42959254,0.593424441
244.6095156,9.76E-07,5.19E-14,1.88E+07,,0.174662286,0.42959254,0.593423372
244.6116588,9.76E-07,5.19E-14,1.88E+07,,0.174662746,0.42959254,0.593422302
244.613802,9.76E-07,5.19E-14,1.88E+07,,0.174663205,0.42959254,0.593421233
244.6159451,9.76E-07,5.19E-14,1.88E+07,,0.174663664,0.42959254,0.593420165
244.6180883,9.76E-07,5.19E-14,1.88E+07,,0.174664124,0.42959254,0.593419094
244.6202315,9.76E-07,5.19E-14,1.88E+07,,0.174664583,0.42959254,0.593418026
244.6223746,9.76E-07,5.19E-14,1.88E+07,,0.174665042,0.42959254,0.593416957
244.6245178,9.76E-07,5.19E-14,1.88E+07,,0.174665502,0.42959254,0.593415886
244.626661,9.76E-07,5.19E-14,1.88E+07,,0.174665961,0.42959254,0.593414818
244.6288041,9.76E-07,5.19E-14,1.88E+07,,0.17466642,0.42959254,0.593413749
244.6309473,9.76E-07,5.19E-14,1.88E+07,,0.174666879,0.42959254,0.593412681
244.6330904,9.76E-07,5.19E-14,1.88E+07,,0.174667339,0.42959254,0.59341161
244.6352336,9.76E-07,5.19E-14,1.88E+07,,0.174667798,0.42959254,0.593410542
244.6373768,9.76E-07,5.19E-14,1.88E+07,,0.174668257,0.42959254,0.593409473
244.6395199,9.76E-07,5.19E-14,1.88E+07,,0.174668717,0.42959254,0.593408402
244.6416631,9.76E-07,5.19E-14,1.88E+07,,0.174669176,0.42959254,0.593407334
244.6438063,9.76E-07,5.19E-14,1.88E+07,,0.174669635,0.42959254,0.593406266
244.6459494,9.76E-07,5.19E-14,1.88E+07,,0.174670095,0.42959254,0.593405195
244.6480926,9.76E-07,5.19E-14,1.88E+07,,0.174670554,0.42959254,0.593404126
244.6502357,9.76E-07,5.19E-14,1.88E+07,,0.174671013,0.42959254,0.593403058
244.6523789,9.76E-07,5.19E-14,1.88E+07,,0.174671473,0.42959254,0.593401987
244.6545221,9.76E-07,5.19E-14,1.88E+07,,0.174671932,0.42959254,0.593400919
244.6566652,9.75E-07,5.19E-14,1.88E+07,,0.174672391,0.42959254,0.59339985
244.6588084,9.75E-07,5.19E-14,1.88E+07,,0.174672851,0.42959254,0.593398779
244.6609516,9.75E-07,5.19E-14,1.88E+07,,0.17467331,0.42959254,0.593397711
244.6630947,9.75E-07,5.19E-14,1.88E+07,,0.174673769,0.42959254,0.593396642
244.6652379,9.75E-07,5.19E-14,1.88E+07,,0.174674228,0.42959254,0.593395574
244.6673811,9.75E-07,5.19E-14,1.88E+07,,0.174674688,0.42959254,0.593394503
244.6695242,9.75E-07,5.19E-14,1.88E+07,,0.174675147,0.42959254,0.593393435
244.6716674,9.75E-07,5.19E-14,1.88E+07,,0.174675606,0.42959254,0.593392366
244.6738105,9.75E-07,5.19E-14,1.88E+07,,0.174676066,0.42959254,0.593391296
244.6759537,9.75E-07,5.19E-14,1.88E+07,,0.174676525,0.42959254,0.593390227
244.6780969,9.75E-07,5.19E-14,1.88E+07,,0.174676984,0.42959254,0.593389159
244.68024,9.75E-07,5.19E-14,1.88E+07,,0.174677444,0.42959254,0.593388088
244.6823832,9.75E-07,5.19E-14,1.88E+07,,0.174677903,0.42959254,0.593387019
244.6845264,9.75E-07,5.19E-14,1.88E+07,,0.174678362,0.42959254,0.593385951
244.6866695,9.75E-07,5.19E-14,1.88E+07,,0.174678822,0.42959254,0.59338488
244.6888127,9.75E-07,5.19E-14,1.88E+07,,0.174679281,0.42959254,0.593383812
244.6909559,9.75E-07,5.19E-14,1.88E+07,,0.17467974,0.42959254,0.593382743
244.693099,9.75E-07,5.19E-14,1.88E+07,,0.1746802,0.42959254,0.593381672
244.6952422,9.75E-07,5.19E-14,1.88E+07,,0.174680659,0.42959254,0.593380604
244.6973853,9.75E-07,5.19E-14,1.88E+07,,0.174681118,0.42959254,0.593379536
244.6995285,9.75E-07,5.19E-14,1.88E+07,,0.174681577,0.42959254,0.593378467
244.7016717,9.75E-07,5.19E-14,1.88E+07,,0.174682037,0.42959254,0.593377396
244.7038148,9.75E-07,5.19E-14,1.88E+07,,0.174682496,0.42959254,0.593376328
244.705958,9.75E-07,5.19E-14,1.88E+07,,0.174682955,0.42959254,0.593375259
244.7081012,9.75E-07,5.19E-14,1.88E+07,,0.174683415,0.42959254,0.593374189
244.7102443,9.75E-07,5.19E-14,1.88E+07,,0.174683874,0.42959254,0.59337312
244.7123875,9.75E-07,5.19E-14,1.88E+07,,0.174684333,0.42959254,0.593372052
244.7145306,9.75E-07,5.19E-14,1.88E+07,,0.174684793,0.42959254,0.593370981
244.7166738,9.75E-07,5.19E-14,1.88E+07,,0.174685252,0.42959254,0.593369912
244.718817,9.75E-07,5.19E-14,1.88E+07,,0.174685711,0.42959254,0.593368844
244.7209601,9.75E-07,5.19E-14,1.88E+07,,0.174686171,0.42959254,0.593367773
244.7231033,9.75E-07,5.19E-14,1.88E+07,,0.17468663,0.42959254,0.593366705
244.7252465,9.75E-07,5.19E-14,1.88E+07,,0.174687089,0.42959254,0.593365636
244.7273896,9.75E-07,5.19E-14,1.88E+07,,0.174687549,0.42959254,0.593364566
244.7295328,9.75E-07,5.19E-14,1.88E+07,,0.174688008,0.42959254,0.593363497
244.731676,9.75E-07,5.19E-14,1.88E+07,,0.174688467,0.42959254,0.593362429
244.7338191,9.75E-07,5.19E-14,1.88E+07,,0.174688926,0.42959254,0.59336136
244.7359623,9.75E-07,5.19E-14,1.88E+07,,0.174689386,0.42959254,0.593360289
244.7381054,9.75E-07,5.19E-14,1.88E+07,,0.174689845,0.42959254,0.593359221
244.7402486,9.75E-07,5.19E-14,1.88E+07,,0.174690304,0.42959254,0.593358153
244.7423918,9.75E-07,5.19E-14,1.88E+07,,0.174690764,0.42959254,0.593357082
244.7445349,9.75E-07,5.19E-14,1.88E+07,,0.174691223,0.42959254,0.593356013
244.7466781,9.75E-07,5.19E-14,1.88E+07,,0.174691682,0.42959254,0.593354945
244.7488213,9.75E-07,5.19E-14,1.88E+07,,0.174692142,0.42959254,0.593353874
244.7509644,9.75E-07,5.19E-14,1.88E+07,,0.174692601,0.42959254,0.593352806
244.7531076,9.75E-07,5.19E-14,1.88E+07,,0.17469306,0.42959254,0.593351737
244.7552508,9.75E-07,5.19E-14,1.88E+07,,0.17469352,0.42959254,0.593350666
244.7573939,9.75E-07,5.19E-14,1.88E+07,,0.174693979,0.42959254,0.593349598
244.7595371,9.75E-07,5.19E-14,1.88E+07,,0.174694438,0.42959254,0.593348529
244.7616802,9.75E-07,5.19E-14,1.88E+07,,0.174694898,0.42959254,0.593347459
244.7638234,9.75E-07,5.19E-14,1.88E+07,,0.174695357,0.42959254,0.59334639
244.7659666,9.75E-07,5.19E-14,1.88E+07,,0.174695816,0.42959254,0.593345322
244.7681097,9.75E-07,5.19E-14,1.88E+07,,0.174696275,0.42959254,0.593344253
244.7702529,9.75E-07,5.19E-14,1.88E+07,,0.174696735,0.42959254,0.593343183
244.7723961,9.75E-07,5.19E-14,1.88E+07,,0.174697194,0.42959254,0.593342114
244.7745392,9.75E-07,5.19E-14,1.88E+07,,0.174697653,0.42959254,0.593341046
244.7766824,9.75E-07,5.19E-14,1.88E+07,,0.174698113,0.42959254,0.593339975
244.7788255,9.75E-07,5.19E-14,1.88E+07,,0.174698572,0.42959254,0.593338906
244.7809687,9.75E-07,5.19E-14,1.88E+07,,0.174699031,0.42959254,0.593337838
244.7831119,9.75E-07,5.19E-14,1.88E+07,,0.174699491,0.42959254,0.593336767
244.785255,9.75E-07,5.19E-14,1.88E+07,,0.17469995,0.42959254,0.593335699
244.7873982,9.75E-07,5.19E-14,1.88E+07,,0.174700409,0.42959254,0.59333463
244.7895414,9.75E-07,5.19E-14,1.88E+07,,0.174700869,0.42959254,0.593333559
244.7916845,9.75E-07,5.19E-14,1.88E+07,,0.174701328,0.42959254,0.593332491
244.7938277,9.75E-07,5.19E-14,1.88E+07,,0.174701787,0.42959254,0.593331423
244.7959709,9.75E-07,5.19E-14,1.88E+07,,0.174702246,0.42959254,0.593330354
244.798114,9.75E-07,5.19E-14,1.88E+07,,0.174702706,0.42959254,0.593329283
244.8002572,9.75E-07,5.19E-14,1.88E+07,,0.174703165,0.42959254,0.593328215
244.8024003,9.75E-07,5.19E-14,1.88E+07,,0.174703624,0.42959254,0.593327146
244.8045435,9.75E-07,5.19E-14,1.88E+07,,0.174704084,0.42959254,0.593326076
244.8066867,9.75E-07,5.19E-14,1.88E+07,,0.174704543,0.42959254,0.593325007
244.8088298,9.75E-07,5.19E-14,1.88E+07,,0.174705002,0.42959254,0.593323939
244.810973,9.75E-07,5.19E-14,1.88E+07,,0.174705462,0.42959254,0.593322868
244.8131162,9.75E-07,5.19E-14,1.88E+07,,0.174705921,0.42959254,0.593321799
244.8152593,9.75E-07,5.19E-14,1.88E+07,,0.17470638,0.42959254,0.593320731
244.8174025,9.75E-07,5.19E-14,1.88E+07,,0.17470684,0.42959254,0.59331966
244.8195456,9.75E-07,5.19E-14,1.88E+07,,0.174707299,0.42959254,0.593318592
244.8216888,9.75E-07,5.19E-14,1.88E+07,,0.174707758,0.42959254,0.593317523
244.823832,9.75E-07,5.19E-14,1.88E+07,,0.174708218,0.42959254,0.593316453
244.8259751,9.75E-07,5.19E-14,1.88E+07,,0.174708677,0.42959254,0.593315384
244.8281183,9.75E-07,5.19E-14,1.88E+07,,0.174709136,0.42959254,0.593314316
244.8302615,9.75E-07,5.19E-14,1.88E+07,,0.174709595,0.42959254,0.593313247
244.8324046,9.75E-07,5.19E-14,1.88E+07,,0.174710055,0.42959254,0.593312176
244.8345478,9.75E-07,5.19E-14,1.88E+07,,0.174710514,0.42959254,0.593311108
244.836691,9.75E-07,5.19E-14,1.88E+07,,0.174710973,0.42959254,0.593310039
244.8388341,9.75E-07,5.19E-14,1.88E+07,,0.174711433,0.42959254,0.593308969
244.8409773,9.75E-07,5.19E-14,1.88E+07,,0.174711892,0.42959254,0.5933079
244.8431204,9.75E-07,5.19E-14,1.88E+07,,0.174712351,0.42959254,0.593306832
244.8452636,9.75E-07,5.19E-14,1.88E+07,,0.174712811,0.42959254,0.593305761
244.8474068,9.75E-07,5.19E-14,1.88E+07,,0.17471327,0.42959254,0.593304693
244.8495499,9.75E-07,5.19E-14,1.88E+07,,0.174713729,0.42959254,0.593303624
244.8516931,9.75E-07,5.19E-14,1.88E+07,,0.174714189,0.42959254,0.593302553
244.8538363,9.75E-07,5.19E-14,1.88E+07,,0.174714648,0.42959254,0.593301485
244.8559794,9.75E-07,5.19E-14,1.88E+07,,0.174715107,0.42959254,0.593300416
244.8581226,9.75E-07,5.19E-14,1.88E+07,,0.174715567,0.42959254,0.593299346
244.8602658,9.75E-07,5.19E-14,1.88E+07,,0.174716026,0.42959254,0.593298277
244.8624089,9.75E-07,5.19E-14,1.88E+07,,0.174716485,0.42959254,0.593297209
244.8645521,9.75E-07,5.19E-14,1.88E+07,,0.174716944,0.42959254,0.59329614
244.8666952,9.75E-07,5.19E-14,1.88E+07,,0.174717404,0.42959254,0.593295069
244.8688384,9.75E-07,5.19E-14,1.88E+07,,0.174717863,0.42959254,0.593294001
244.8709816,9.75E-07,5.19E-14,1.88E+07,,0.174718322,0.42959254,0.593292933
244.8731247,9.74E-07,5.19E-14,1.88E+07,,0.174718782,0.42959254,0.593291862
244.8752679,9.74E-07,5.19E-14,1.88E+07,,0.174719241,0.42959254,0.593290793
244.8774111,9.74E-07,5.19E-14,1.88E+07,,0.1747197,0.42959254,0.593289725
244.8795542,9.74E-07,5.19E-14,1.88E+07,,0.17472016,0.42959254,0.593288654
244.8816974,9.74E-07,5.19E-14,1.88E+07,,0.174720619,0.42959254,0.593287586
244.8838405,9.74E-07,5.19E-14,1.88E+07,,0.174721078,0.42959254,0.593286517
244.8859837,9.74E-07,5.19E-14,1.88E+07,,0.174721538,0.42959254,0.593285446
244.8881269,9.74E-07,5.19E-14,1.88E+07,,0.174721997,0.42959254,0.593284378
244.89027,9.74E-07,5.19E-14,1.88E+07,,0.174722456,0.42959254,0.593283309
244.8924132,9.74E-07,5.19E-14,1.88E+07,,0.174722916,0.42959254,0.593282239
244.8945564,9.74E-07,5.19E-14,1.88E+07,,0.174723375,0.42959254,0.59328117
244.8966995,9.74E-07,5.19E-14,1.88E+07,,0.174723834,0.42959254,0.593280102
244.8988427,9.74E-07,5.19E-14,1.88E+07,,0.174724293,0.42959254,0.593279033
244.9009859,9.74E-07,5.19E-14,1.88E+07,,0.174724753,0.42959254,0.593277963
244.903129,9.74E-07,5.19E-14,1.88E+07,,0.174725212,0.42959254,0.593276894
244.9052722,9.74E-07,5.19E-14,1.88E+07,,0.174725671,0.42959254,0.593275826
244.9074153,9.74E-07,5.19E-14,1.88E+07,,0.174726131,0.42959254,0.593274755
244.9095585,9.74E-07,5.19E-14,1.88E+07,,0.17472659,0.42959254,0.593273686
244.9117017,9.74E-07,5.19E-14,1.88E+07,,0.174727049,0.42959254,0.593272618
244.9138448,9.74E-07,5.19E-14,1.88E+07,,0.174727509,0.42959254,0.593271547
244.915988,9.74E-07,5.19E-14,1.88E+07,,0.174727968,0.42959254,0.593270479
244.9181312,9.74E-07,5.19E-14,1.88E+07,,0.174728427,0.42959254,0.59326941
244.9202743,9.74E-07,5.19E-14,1.88E+07,,0.174728887,0.42959254,0.593268339
244.9224175,9.74E-07,5.19E-14,1.88E+07,,0.174729346,0.42959254,0.593267271
244.9245607,9.74E-07,5.19E-14,1.88E+07,,0.174729805,0.42959254,0.593266203
244.9267038,9.74E-07,5.19E-14,1.88E+07,,0.174730265,0.42959254,0.593265132
244.928847,9.74E-07,5.19E-14,1.88E+07,,0.174730724,0.42959254,0.593264063
244.9309901,9.74E-07,5.19E-14,1.88E+07,,0.174731183,0.42959254,0.593262995
244.9331333,9.74E-07,5.19E-14,1.88E+07,,0.174731642,0.42959254,0.593261926
244.9352765,9.74E-07,5.19E-14,1.88E+07,,0.174732102,0.42959254,0.593260856
244.9374196,9.74E-07,5.19E-14,1.88E+07,,0.174732561,0.42959254,0.593259787
244.9395628,9.74E-07,5.19E-14,1.88E+07,,0.17473302,0.42959254,0.593258719
244.941706,9.74E-07,5.19E-14,1.88E+07,,0.17473348,0.42959254,0.593257648
244.9438491,9.74E-07,5.19E-14,1.88E+07,,0.174733939,0.42959254,0.59325658
244.9459923,9.74E-07,5.19E-14,1.88E+07,,0.174734398,0.42959254,0.593255511
244.9481354,9.74E-07,5.19E-14,1.88E+07,,0.174734858,0.42959254,0.59325444
244.9502786,9.74E-07,5.19E-14,1.88E+07,,0.174735317,0.42959254,0.593253372
244.9524218,9.74E-07,5.19E-14,1.88E+07,,0.174735776,0.42959254,0.593252303
244.9545649,9.74E-07,5.19E-14,1.88E+07,,0.174736236,0.42959254,0.593251233
244.9567081,9.74E-07,5.19E-14,1.88E+07,,0.174736695,0.42959254,0.593250164
244.9588513,9.74E-07,5.19E-14,1.88E+07,,0.174737154,0.42959254,0.593249096
244.9609944,9.74E-07,5.19E-14,1.88E+07,,0.174737614,0.42959254,0.593248025
244.9631376,9.74E-07,5.19E-14,1.88E+07,,0.174738073,0.42959254,0.593246956
244.9652808,9.74E-07,5.19E-14,1.88E+07,,0.174738532,0.42959254,0.593245888
244.9674239,9.74E-07,5.19E-14,1.88E+07,,0.174738991,0.42959254,0.59324482
244.9695671,9.74E-07,5.19E-14,1.88E+07,,0.174739451,0.42959254,0.593243749
244.9717102,9.74E-07,5.19E-14,1.88E+07,,0.17473991,0.42959254,0.59324268
244.9738534,9.74E-07,5.19E-14,1.88E+07,,0.174740369,0.42959254,0.593241612
244.9759966,9.74E-07,5.19E-14,1.88E+07,,0.174740829,0.42959254,0.593240541
244.9781397,9.74E-07,5.19E-14,1.88E+07,,0.174741288,0.42959254,0.593239473
244.9802829,9.74E-07,5.19E-14,1.88E+07,,0.174741747,0.42959254,0.593238404
244.9824261,9.74E-07,5.19E-14,1.88E+07,,0.174742207,0.42959254,0.593237333
244.9845692,9.74E-07,5.19E-14,1.88E+07,,0.174742666,0.42959254,0.593236265
244.9867124,9.74E-07,5.19E-14,1.88E+07,,0.174743125,0.42959254,0.593235196
244.9888556,9.74E-07,5.19E-14,1.88E+07,,0.174743585,0.42959254,0.593234126
244.9909987,9.74E-07,5.19E-14,1.88E+07,,0.174744044,0.42959254,0.593233057
244.9931419,9.74E-07,5.19E-14,1.88E+07,,0.174744503,0.42959254,0.593231989
244.995285,9.74E-07,5.19E-14,1.88E+07,,0.174744963,0.42959254,0.593230918
244.9974282,9.74E-07,5.19E-14,1.88E+07,,0.174745422,0.42959254,0.59322985
244.9995714,9.74E-07,5.19E-14,1.88E+07,,0.174745881,0.42959254,0.593228781
245.0017145,9.74E-07,5.19E-14,1.88E+07,,0.174746301,0.42959254,0.593227803
245.0038577,9.74E-07,5.19E-14,1.88E+07,,0.17474671,0.42959254,0.593226851
245.0060009,9.74E-07,5.19E-14,1.88E+07,,0.174747119,0.42959254,0.593225899
245.008144,9.74E-07,5.19E-14,1.88E+07,,0.174747529,0.42959254,0.593224945
245.0102872,9.74E-07,5.19E-14,1.88E+07,,0.174747938,0.42959254,0.593223993
245.0124303,9.74E-07,5.19E-14,1.88E+07,,0.174748347,0.42959254,0.593223041
245.0145735,9.74E-07,5.19E-14,1.88E+07,,0.174748757,0.42959254,0.593222086
245.0167167,9.74E-07,5.19E-14,1.88E+07,,0.174749166,0.42959254,0.593221134
245.0188598,9.74E-07,5.19E-14,1.88E+07,,0.174749576,0.42959254,0.59322018
245.021003,9.74E-07,5.19E-14,1.88E+07,,0.174749985,0.42959254,0.593219228
245.0231462,9.74E-07,5.19E-14,1.88E+07,,0.174750394,0.42959254,0.593218276
245.0252893,9.74E-07,5.19E-14,1.88E+07,,0.174750804,0.42959254,0.593217321
245.0274325,9.74E-07,5.19E-14,1.88E+07,,0.174751213,0.42959254,0.593216369
245.0295757,9.74E-07,5.19E-14,1.88E+07,,0.174751623,0.42959254,0.593215415
245.0317188,9.74E-07,5.19E-14,1.88E+07,,0.174752032,0.42959254,0.593214463
245.033862,9.74E-07,5.19E-14,1.88E+07,,0.174752441,0.42959254,0.593213511
245.0360051,9.74E-07,5.19E-14,1.88E+07,,0.174752851,0.42959254,0.593212556
245.0381483,9.74E-07,5.19E-14,1.88E+07,,0.17475326,0.42959254,0.593211604
245.0402915,9.74E-07,5.19E-14,1.88E+07,,0.17475367,0.42959254,0.59321065
245.0424346,9.74E-07,5.19E-14,1.88E+07,,0.174754079,0.42959254,0.593209698
245.0445778,9.74E-07,5.19E-14,1.88E+07,,0.174754488,0.42959254,0.593208746
245.046721,9.74E-07,5.19E-14,1.88E+07,,0.174754898,0.42959254,0.593207791
245.0488641,9.74E-07,5.19E-14,1.88E+07,,0.174755307,0.42959254,0.593206839
245.0510073,9.74E-07,5.19E-14,1.88E+07,,0.174755717,0.42959254,0.593205885
245.0531505,9.74E-07,5.19E-14,1.88E+07,,0.174756126,0.42959254,0.593204933
245.0552936,9.74E-07,5.19E-14,1.88E+07,,0.174756535,0.42959254,0.593203981
245.0574368,9.74E-07,5.19E-14,1.88E+07,,0.174756945,0.42959254,0.593203026
245.0595799,9.74E-07,5.19E-14,1.88E+07,,0.174757354,0.42959254,0.593202074
245.0617231,9.74E-07,5.19E-14,1.88E+07,,0.174757764,0.42959254,0.59320112
245.0638663,9.74E-07,5.19E-14,1.88E+07,,0.174758173,0.42959254,0.593200168
245.0660094,9.74E-07,5.19E-14,1.88E+07,,0.174758582,0.42959254,0.593199216
245.0681526,9.74E-07,5.19E-14,1.88E+07,,0.174758992,0.42959254,0.593198261
245.0702958,9.74E-07,5.19E-14,1.88E+07,,0.174759401,0.42959254,0.593197309
245.0724389,9.74E-07,5.19E-14,1.88E+07,,0.174759811,0.42959254,0.593196355
245.0745821,9.74E-07,5.19E-14,1.88E+07,,0.17476022,0.42959254,0.593195403
245.0767252,9.74E-07,5.19E-14,1.88E+07,,0.174760629,0.42959254,0.593194451
245.0788684,9.74E-07,5.19E-14,1.88E+07,,0.174761039,0.42959254,0.593193496
245.0810116,9.74E-07,5.19E-14,1.88E+07,,0.174761448,0.42959254,0.593192544
245.0831547,9.74E-07,5.19E-14,1.88E+07,,0.174761858,0.42959254,0.59319159
245.0852979,9.74E-07,5.19E-14,1.88E+07,,0.174762267,0.42959254,0.593190638
245.0874411,9.74E-07,5.19E-14,1.88E+07,,0.174762676,0.42959254,0.593189686
245.0895842,9.74E-07,5.19E-14,1.88E+07,,0.174763086,0.42959254,0.593188732
245.0917274,9.74E-07,5.19E-14,1.88E+07,,0.174763495,0.42959254,0.593187779
245.0938706,9.73E-07,5.19E-14,1.87E+07,,0.174763905,0.42959254,0.593186825
245.0960137,9.73E-07,5.19E-14,1.87E+07,,0.174764314,0.42959254,0.593185873
245.0981569,9.73E-07,5.19E-14,1.87E+07,,0.174764723,0.42959254,0.593184921
245.1003,9.73E-07,5.19E-14,1.87E+07,,0.174765133,0.42959254,0.593183967
245.1024432,9.73E-07,5.19E-14,1.87E+07,,0.174765542,0.42959254,0.593183014
245.1045864,9.73E-07,5.19E-14,1.87E+07,,0.174765952,0.42959254,0.59318206
245.1067295,9.73E-07,5.19E-14,1.87E+07,,0.174766361,0.42959254,0.593181108
245.1088727,9.73E-07,5.19E-14,1.87E+07,,0.17476677,0.42959254,0.593180156
245.1110159,9.73E-07,5.19E-14,1.87E+07,,0.17476718,0.42959254,0.593179202
245.113159,9.73E-07,5.19E-14,1.87E+07,,0.174767589,0.42959254,0.593178249
245.1153022,9.73E-07,5.19E-14,1.87E+07,,0.174767998,0.42959254,0.593177297
245.1174453,9.73E-07,5.19E-14,1.87E+07,,0.174768408,0.42959254,0.593176343
245.1195885,9.73E-07,5.19E-14,1.87E+07,,0.174768817,0.42959254,0.593175391
245.1217317,9.73E-07,5.19E-14,1.87E+07,,0.174769227,0.42959254,0.593174437
245.1238748,9.73E-07,5.19E-14,1.87E+07,,0.174769636,0.42959254,0.593173484
245.126018,9.73E-07,5.19E-14,1.87E+07,,0.174770045,0.42959254,0.593172532
245.1281612,9.73E-07,5.19E-14,1.87E+07,,0.174770455,0.42959254,0.593171578
245.1303043,9.73E-07,5.19E-14,1.87E+07,,0.174770864,0.42959254,0.593170626
245.1324475,9.73E-07,5.19E-14,1.87E+07,,0.174771274,0.42959254,0.593169672
245.1345907,9.73E-07,5.19E-14,1.87E+07,,0.174771683,0.42959254,0.59316872
245.1367338,9.73E-07,5.19E-14,1.87E+07,,0.174772092,0.42959254,0.593167767
245.138877,9.73E-07,5.19E-14,1.87E+07,,0.174772502,0.42959254,0.593166813
245.1410201,9.73E-07,5.19E-14,1.87E+07,,0.174772911,0.42959254,0.593165861
245.1431633,9.73E-07,5.19E-14,1.87E+07,,0.174773321,0.42959254,0.593164907
245.1453065,9.73E-07,5.19E-14,1.87E+07,,0.17477373,0.42959254,0.593163955
245.1474496,9.73E-07,5.19E-14,1.87E+07,,0.174774139,0.42959254,0.593163002
245.1495928,9.73E-07,5.19E-14,1.87E+07,,0.174774549,0.42959254,0.593162048
245.151736,9.73E-07,5.19E-14,1.87E+07,,0.174774958,0.42959254,0.593161096
245.1538791,9.73E-07,5.19E-14,1.87E+07,,0.174775368,0.42959254,0.593160142
245.1560223,9.73E-07,5.19E-14,1.87E+07,,0.174775777,0.42959254,0.59315919
245.1581655,9.73E-07,5.19E-14,1.87E+07,,0.174776186,0.42959254,0.593158237
245.1603086,9.73E-07,5.19E-14,1.87E+07,,0.174776596,0.42959254,0.593157283
245.1624518,9.73E-07,5.19E-14,1.87E+07,,0.174777005,0.42959254,0.593156331
245.1645949,9.73E-07,5.19E-14,1.87E+07,,0.174777415,0.42959254,0.593155377
245.1667381,9.73E-07,5.19E-14,1.87E+07,,0.174777824,0.42959254,0.593154425
245.1688813,9.73E-07,5.19E-14,1.87E+07,,0.174778233,0.42959254,0.593153473
245.1710244,9.73E-07,5.19E-14,1.87E+07,,0.174778643,0.42959254,0.593152518
245.1731676,9.73E-07,5.19E-14,1.87E+07,,0.174779052,0.42959254,0.593151566
245.1753108,9.73E-07,5.19E-14,1.87E+07,,0.174779462,0.42959254,0.593150612
245.1774539,9.73E-07,5.19E-14,1.87E+07,,0.174779871,0.42959254,0.59314966
245.1795971,9.73E-07,5.19E-14,1.87E+07,,0.17478028,0.42959254,0.593148708
245.1817402,9.73E-07,5.19E-14,1.87E+07,,0.17478069,0.42959254,0.593147753
245.1838834,9.73E-07,5.19E-14,1.87E+07,,0.174781099,0.42959254,0.593146801
245.1860266,9.73E-07,5.19E-14,1.87E+07,,0.174781509,0.42959254,0.593145847
245.1881697,9.73E-07,5.19E-14,1.87E+07,,0.174781918,0.42959254,0.593144895
245.1903129,9.73E-07,5.19E-14,1.87E+07,,0.174782327,0.42959254,0.593143943
245.1924561,9.73E-07,5.19E-14,1.87E+07,,0.174782737,0.42959254,0.593142988
245.1945992,9.73E-07,5.19E-14,1.87E+07,,0.174783146,0.42959254,0.593142036
245.1967424,9.73E-07,5.19E-14,1.87E+07,,0.174783556,0.42959254,0.593141082
245.1988856,9.73E-07,5.19E-14,1.87E+07,,0.174783965,0.42959254,0.59314013
245.2010287,9.73E-07,5.19E-14,1.87E+07,,0.174784374,0.42959254,0.593139178
245.2031719,9.73E-07,5.19E-14,1.87E+07,,0.174784784,0.42959254,0.593138223
245.205315,9.73E-07,5.19E-14,1.87E+07,,0.174785193,0.42959254,0.593137271
245.2074582,9.73E-07,5.19E-14,1.87E+07,,0.174785602,0.42959254,0.593136319
245.2096014,9.73E-07,5.19E-14,1.87E+07,,0.174786012,0.42959254,0.593135365
245.2117445,9.73E-07,5.19E-14,1.87E+07,,0.174786421,0.42959254,0.593134413
245.2138877,9.73E-07,5.19E-14,1.87E+07,,0.174786831,0.42959254,0.593133458
245.2160309,9.73E-07,5.19E-14,1.87E+07,,0.17478724,0.42959254,0.593132506
245.218174,9.73E-07,5.19E-14,1.87E+07,,0.174787649,0.42959254,0.593131554
245.2203172,9.73E-07,5.19E-14,1.87E+07,,0.174788059,0.42959254,0.5931306
245.2224604,9.73E-07,5.19E-14,1.87E+07,,0.174788468,0.42959254,0.593129648
245.2246035,9.73E-07,5.19E-14,1.87E+07,,0.174788878,0.42959254,0.593128693
245.2267467,9.73E-07,5.19E-14,1.87E+07,,0.174789287,0.42959254,0.593127741
245.2288898,9.73E-07,5.19E-14,1.87E+07,,0.174789696,0.42959254,0.593126789
245.231033,9.73E-07,5.19E-14,1.87E+07,,0.174790106,0.42959254,0.593125835
245.2331762,9.73E-07,5.19E-14,1.87E+07,,0.174790515,0.42959254,0.593124883
245.2353193,9.73E-07,5.19E-14,1.87E+07,,0.174790925,0.42959254,0.593123928
245.2374625,9.73E-07,5.19E-14,1.87E+07,,0.174791334,0.42959254,0.593122976
245.2396057,9.73E-07,5.19E-14,1.87E+07,,0.174791743,0.42959254,0.593122024
245.2417488,9.73E-07,5.19E-14,1.87E+07,,0.174792153,0.42959254,0.59312107
245.243892,9.73E-07,5.19E-14,1.87E+07,,0.174792562,0.42959254,0.593120118
245.2460351,9.73E-07,5.19E-14,1.87E+07,,0.174792972,0.42959254,0.593119163
245.2481783,9.73E-07,5.19E-14,1.87E+07,,0.174793381,0.42959254,0.593118211
245.2503215,9.73E-07,5.19E-14,1.87E+07,,0.17479379,0.42959254,0.593117259
245.2524646,9.73E-07,5.19E-14,1.87E+07,,0.1747942,0.42959254,0.593116305
245.2546078,9.73E-07,5.19E-14,1.87E+07,,0.174794609,0.42959254,0.593115353
245.256751,9.73E-07,5.19E-14,1.87E+07,,0.174795019,0.42959254,0.593114398
245.2588941,9.73E-07,5.19E-14,1.87E+07,,0.174795428,0.42959254,0.593113446
245.2610373,9.73E-07,5.19E-14,1.87E+07,,0.174795837,0.42959254,0.593112494
245.2631805,9.73E-07,5.19E-14,1.87E+07,,0.174796247,0.42959254,0.59311154
245.2653236,9.73E-07,5.19E-14,1.87E+07,,0.174796656,0.42959254,0.593110588
245.2674668,9.73E-07,5.19E-14,1.87E+07,,0.174797066,0.42959254,0.593109633
245.2696099,9.73E-07,5.19E-14,1.87E+07,,0.174797475,0.42959254,0.593108681
245.2717531,9.73E-07,5.19E-14,1.87E+07,,0.174797884,0.42959254,0.593107729
245.2738963,9.73E-07,5.19E-14,1.87E+07,,0.174798294,0.42959254,0.593106775
245.2760394,9.73E-07,5.19E-14,1.87E+07,,0.174798703,0.42959254,0.593105823
245.2781826,9.73E-07,5.19E-14,1.87E+07,,0.174799113,0.42959254,0.593104868
245.2803258,9.73E-07,5.19E-14,1.87E+07,,0.174799522,0.42959254,0.593103916
245.2824689,9.73E-07,5.19E-14,1.87E+07,,0.174799931,0.42959254,0.593102964
245.2846121,9.73E-07,5.19E-14,1.87E+07,,0.174800341,0.42959254,0.59310201
245.2867553,9.73E-07,5.19E-14,1.87E+07,,0.17480075,0.42959254,0.593101058
245.2888984,9.73E-07,5.19E-14,1.87E+07,,0.17480116,0.42959254,0.593100103
245.2910416,9.73E-07,5.19E-14,1.87E+07,,0.174801569,0.42959254,0.593099151
245.2931847,9.73E-07,5.19E-14,1.87E+07,,0.174801978,0.42959254,0.593098199
245.2953279,9.73E-07,5.19E-14,1.87E+07,,0.174802388,0.42959254,0.593097245
245.2974711,9.73E-07,5.19E-14,1.87E+07,,0.174802797,0.42959254,0.593096293
245.2996142,9.73E-07,5.19E-14,1.87E+07,,0.174803207,0.42959254,0.593095338
245.3017574,9.73E-07,5.19E-14,1.87E+07,,0.174803616,0.42959254,0.593094386
245.3039006,9.73E-07,5.19E-14,1.87E+07,,0.174804025,0.42959254,0.593093434
245.3060437,9.73E-07,5.19E-14,1.87E+07,,0.174804435,0.42959254,0.59309248
245.3081869,9.73E-07,5.19E-14,1.87E+07,,0.174804844,0.42959254,0.593091528
245.31033,9.73E-07,5.19E-14,1.87E+07,,0.174805253,0.42959254,0.593090576
245.3124732,9.73E-07,5.19E-14,1.87E+07,,0.174805663,0.42959254,0.593089621
245.3146164,9.73E-07,5.19E-14,1.87E+07,,0.174806072,0.42959254,0.593088669
245.3167595,9.73E-07,5.19E-14,1.87E+07,,0.174806482,0.42959254,0.593087715
245.3189027,9.73E-07,5.19E-14,1.87E+07,,0.174806891,0.42959254,0.593086763
245.3210459,9.72E-07,5.19E-14,1.87E+07,,0.1748073,0.42959254,0.593085811
245.323189,9.72E-07,5.19E-14,1.87E+07,,0.17480771,0.42959254,0.593084856
245.3253322,9.72E-07,5.19E-14,1.87E+07,,0.174808119,0.42959254,0.593083904
245.3274754,9.72E-07,5.19E-14,1.87E+07,,0.174808529,0.42959254,0.59308295
245.3296185,9.72E-07,5.19E-14,1.87E+07,,0.174808938,0.42959254,0.593081998
245.3317617,9.72E-07,5.19E-14,1.87E+07,,0.174809347,0.42959254,0.593081046
245.3339048,9.72E-07,5.19E-14,1.87E+07,,0.174809757,0.42959254,0.593080091
245.336048,9.72E-07,5.19E-14,1.87E+07,,0.174810166,0.42959254,0.593079139
245.3381912,9.72E-07,5.19E-14,1.87E+07,,0.174810576,0.42959254,0.593078185
245.3403343,9.72E-07,5.19E-14,1.87E+07,,0.174810985,0.42959254,0.593077233
245.3424775,9.72E-07,5.19E-14,1.87E+07,,0.174811394,0.42959254,0.593076281
245.3446207,9.72E-07,5.19E-14,1.87E+07,,0.174811804,0.42959254,0.593075326
245.3467638,9.72E-07,5.19E-14,1.87E+07,,0.174812213,0.42959254,0.593074374
245.348907,9.72E-07,5.19E-14,1.87E+07,,0.174812623,0.42959254,0.59307342
245.3510502,9.72E-07,5.19E-14,1.87E+07,,0.174813032,0.42959254,0.593072468
245.3531933,9.72E-07,5.19E-14,1.87E+07,,0.174813441,0.42959254,0.593071516
245.3553365,9.72E-07,5.19E-14,1.87E+07,,0.174813851,0.42959254,0.593070561
245.3574796,9.72E-07,5.19E-14,1.87E+07,,0.17481426,0.42959254,0.593069609
245.3596228,9.72E-07,5.19E-14,1.87E+07,,0.17481467,0.42959254,0.593068655
245.361766,9.72E-07,5.19E-14,1.87E+07,,0.174815079,0.42959254,0.593067703
245.3639091,9.72E-07,5.19E-14,1.87E+07,,0.174815488,0.42959254,0.593066751
245.3660523,9.72E-07,5.19E-14,1.87E+07,,0.174815898,0.42959254,0.593065796
245.3681955,9.72E-07,5.19E-14,1.87E+07,,0.174816307,0.42959254,0.593064844
245.3703386,9.72E-07,5.19E-14,1.87E+07,,0.174816717,0.42959254,0.59306389
245.3724818,9.72E-07,5.19E-14,1.87E+07,,0.174817126,0.42959254,0.593062938
245.3746249,9.72E-07,5.19E-14,1.87E+07,,0.174817535,0.42959254,0.593061986
245.3767681,9.72E-07,5.19E-14,1.87E+07,,0.174817945,0.42959254,0.593061031
245.3789113,9.72E-07,5.19E-14,1.87E+07,,0.174818354,0.42959254,0.593060079
245.3810544,9.72E-07,5.19E-14,1.87E+07,,0.174818764,0.42959254,0.593059125
245.3831976,9.72E-07,5.19E-14,1.87E+07,,0.174819173,0.42959254,0.593058173
245.3853408,9.72E-07,5.19E-14,1.87E+07,,0.174819582,0.42959254,0.593057221
245.3874839,9.72E-07,5.19E-14,1.87E+07,,0.174819992,0.42959254,0.593056266
245.3896271,9.72E-07,5.19E-14,1.87E+07,,0.174820401,0.42959254,0.593055314
245.3917703,9.72E-07,5.19E-14,1.87E+07,,0.174820811,0.42959254,0.59305436
245.3939134,9.72E-07,5.19E-14,1.87E+07,,0.17482122,0.42959254,0.593053408
245.3960566,9.72E-07,5.19E-14,1.87E+07,,0.174821629,0.42959254,0.593052456
245.3981997,9.72E-07,5.19E-14,1.87E+07,,0.174822039,0.42959254,0.593051501
245.4003429,9.72E-07,5.19E-14,1.87E+07,,0.174822448,0.42959254,0.593050549
245.4024861,9.72E-07,5.19E-14,1.87E+07,,0.174822857,0.42959254,0.593049597
245.4046292,9.72E-07,5.19E-14,1.87E+07,,0.174823267,0.42959254,0.593048643
245.4067724,9.72E-07,5.19E-14,1.87E+07,,0.174823676,0.42959254,0.593047691
245.4089156,9.72E-07,5.19E-14,1.87E+07,,0.174824086,0.42959254,0.593046736
245.4110587,9.72E-07,5.19E-14,1.87E+07,,0.174824495,0.42959254,0.593045784
245.4132019,9.72E-07,5.19E-14,1.87E+07,,0.174824904,0.42959254,0.593044832
245.415345,9.72E-07,5.19E-14,1.87E+07,,0.174825314,0.42959254,0.593043878
245.4174882,9.72E-07,5.19E-14,1.87E+07,,0.174825723,0.42959254,0.593042926
245.4196314,9.72E-07,5.19E-14,1.87E+07,,0.174826133,0.42959254,0.593041972
245.4217745,9.72E-07,5.19E-14,1.87E+07,,0.174826542,0.42959254,0.593041019
245.4239177,9.72E-07,5.19E-14,1.87E+07,,0.174826951,0.42959254,0.593040067
245.4260609,9.72E-07,5.19E-14,1.87E+07,,0.174827361,0.42959254,0.593039113
245.428204,9.72E-07,5.19E-14,1.87E+07,,0.17482777,0.42959254,0.593038161
245.4303472,9.72E-07,5.19E-14,1.87E+07,,0.17482818,0.42959254,0.593037207
245.4324904,9.72E-07,5.19E-14,1.87E+07,,0.174828589,0.42959254,0.593036254
245.4346335,9.72E-07,5.19E-14,1.87E+07,,0.174828998,0.42959254,0.593035302
245.4367767,9.72E-07,5.19E-14,1.87E+07,,0.174829408,0.42959254,0.593034348
245.4389198,9.72E-07,5.19E-14,1.87E+07,,0.174829817,0.42959254,0.593033396
245.441063,9.72E-07,5.19E-14,1.87E+07,,0.174830227,0.42959254,0.593032442
245.4432062,9.72E-07,5.19E-14,1.87E+07,,0.174830636,0.42959254,0.593031489
245.4453493,9.72E-07,5.19E-14,1.87E+07,,0.174831045,0.42959254,0.593030537
245.4474925,9.72E-07,5.19E-14,1.87E+07,,0.174831455,0.42959254,0.593029583
245.4496357,9.72E-07,5.19E-14,1.87E+07,,0.174831864,0.42959254,0.593028631
245.4517788,9.72E-07,5.19E-14,1.87E+07,,0.174832274,0.42959254,0.593027677
245.453922,9.72E-07,5.19E-14,1.87E+07,,0.174832683,0.42959254,0.593026725
245.4560652,9.72E-07,5.19E-14,1.87E+07,,0.174833092,0.42959254,0.593025772
245.4582083,9.72E-07,5.19E-14,1.87E+07,,0.174833502,0.42959254,0.593024818
245.4603515,9.72E-07,5.19E-14,1.87E+07,,0.174833911,0.42959254,0.593023866
245.4624946,9.72E-07,5.19E-14,1.87E+07,,0.174834321,0.42959254,0.593022912
245.4646378,9.72E-07,5.19E-14,1.87E+07,,0.17483473,0.42959254,0.59302196
245.466781,9.72E-07,5.19E-14,1.87E+07,,0.174835139,0.42959254,0.593021007
245.4689241,9.72E-07,5.19E-14,1.87E+07,,0.174835549,0.42959254,0.593020053
245.4710673,9.72E-07,5.19E-14,1.87E+07,,0.174835958,0.42959254,0.593019101
245.4732105,9.72E-07,5.19E-14,1.87E+07,,0.174836368,0.42959254,0.593018147
245.4753536,9.72E-07,5.19E-14,1.87E+07,,0.174836777,0.42959254,0.593017195
245.4774968,9.72E-07,5.19E-14,1.87E+07,,0.174837186,0.42959254,0.593016242
245.4796399,9.72E-07,5.19E-14,1.87E+07,,0.174837596,0.42959254,0.593015288
245.4817831,9.72E-07,5.19E-14,1.87E+07,,0.174838005,0.42959254,0.593014336
245.4839263,9.72E-07,5.19E-14,1.87E+07,,0.174838415,0.42959254,0.593013382
245.4860694,9.72E-07,5.19E-14,1.87E+07,,0.174838824,0.42959254,0.59301243
245.4882126,9.72E-07,5.19E-14,1.87E+07,,0.174839233,0.42959254,0.593011477
245.4903558,9.72E-07,5.19E-14,1.87E+07,,0.174839643,0.42959254,0.593010523
245.4924989,9.72E-07,5.19E-14,1.87E+07,,0.174840052,0.42959254,0.593009571
245.4946421,9.72E-07,5.19E-14,1.87E+07,,0.174840462,0.42959254,0.593008617
245.4967853,9.72E-07,5.19E-14,1.87E+07,,0.174840871,0.42959254,0.593007665
245.4989284,9.72E-07,5.19E-14,1.87E+07,,0.17484128,0.42959254,0.593006713
245.5010716,9.72E-07,5.19E-14,1.87E+07,,0.17484169,0.42959254,0.593005758
245.5032147,9.72E-07,5.19E-14,1.87E+07,,0.174842099,0.42959254,0.593004806
245.5053579,9.72E-07,5.19E-14,1.87E+07,,0.174842508,0.42959254,0.593003854
245.5075011,9.72E-07,5.19E-14,1.87E+07,,0.174842918,0.42959254,0.5930029
245.5096442,9.72E-07,5.19E-14,1.87E+07,,0.174843327,0.42959254,0.593001948
245.5117874,9.72E-07,5.19E-14,1.87E+07,,0.174843737,0.42959254,0.593000993
245.5139306,9.72E-07,5.19E-14,1.87E+07,,0.174844146,0.42959254,0.593000041
245.5160737,9.72E-07,5.19E-14,1.87E+07,,0.174844555,0.42959254,0.592999089
245.5182169,9.72E-07,5.19E-14,1.87E+07,,0.174844965,0.42959254,0.592998135
245.5203601,9.72E-07,5.19E-14,1.87E+07,,0.174845374,0.42959254,0.592997183
245.5225032,9.72E-07,5.19E-14,1.87E+07,,0.174845784,0.42959254,0.592996228
245.5246464,9.72E-07,5.19E-14,1.87E+07,,0.174846193,0.42959254,0.592995276
245.5267895,9.72E-07,5.19E-14,1.87E+07,,0.174846602,0.42959254,0.592994324
245.5289327,9.72E-07,5.19E-14,1.87E+07,,0.174847012,0.42959254,0.59299337
245.5310759,9.72E-07,5.19E-14,1.87E+07,,0.174847421,0.42959254,0.592992418
245.533219,9.72E-07,5.19E-14,1.87E+07,,0.174847831,0.42959254,0.592991463
245.5353622,9.72E-07,5.19E-14,1.87E+07,,0.17484824,0.42959254,0.592990511
245.5375054,9.72E-07,5.19E-14,1.87E+07,,0.174848649,0.42959254,0.592989559
245.5396485,9.72E-07,5.19E-14,1.87E+07,,0.174849059,0.42959254,0.592988605
245.5417917,9.72E-07,5.19E-14,1.87E+07,,0.174849468,0.42959254,0.592987653
245.5439348,9.72E-07,5.19E-14,1.87E+07,,0.174849878,0.42959254,0.592986698
245.546078,9.71E-07,5.19E-14,1.87E+07,,0.174850287,0.42959254,0.592985746
245.5482212,9.71E-07,5.19E-14,1.87E+07,,0.174850696,0.42959254,0.592984794
245.5503643,9.71E-07,5.19E-14,1.87E+07,,0.174851106,0.42959254,0.59298384
245.5525075,9.71E-07,5.19E-14,1.87E+07,,0.174851515,0.42959254,0.592982888
245.5546507,9.71E-07,5.19E-14,1.87E+07,,0.174851925,0.42959254,0.592981933
245.5567938,9.71E-07,5.19E-14,1.87E+07,,0.174852334,0.42959254,0.592980981
245.558937,9.71E-07,5.19E-14,1.87E+07,,0.174852743,0.42959254,0.592980029
245.5610802,9.71E-07,5.19E-14,1.87E+07,,0.174853153,0.42959254,0.592979075
245.5632233,9.71E-07,5.19E-14,1.87E+07,,0.174853562,0.42959254,0.592978123
245.5653665,9.71E-07,5.19E-14,1.87E+07,,0.174853972,0.42959254,0.592977168
245.5675096,9.71E-07,5.19E-14,1.87E+07,,0.174854381,0.42959254,0.592976216
245.5696528,9.71E-07,5.19E-14,1.87E+07,,0.17485479,0.42959254,0.592975264
245.571796,9.71E-07,5.19E-14,1.87E+07,,0.1748552,0.42959254,0.59297431
245.5739391,9.71E-07,5.19E-14,1.87E+07,,0.174855609,0.42959254,0.592973358
245.5760823,9.71E-07,5.19E-14,1.87E+07,,0.174856019,0.42959254,0.592972403
245.5782255,9.71E-07,5.19E-14,1.87E+07,,0.174856428,0.42959254,0.592971451
245.5803686,9.71E-07,5.19E-14,1.87E+07,,0.174856837,0.42959254,0.592970499
245.5825118,9.71E-07,5.19E-14,1.87E+07,,0.174857247,0.42959254,0.592969545
245.584655,9.71E-07,5.19E-14,1.87E+07,,0.174857656,0.42959254,0.592968593
245.5867981,9.71E-07,5.19E-14,1.87E+07,,0.174858066,0.42959254,0.592967638
245.5889413,9.71E-07,5.19E-14,1.87E+07,,0.174858475,0.42959254,0.592966686
245.5910844,9.71E-07,5.19E-14,1.87E+07,,0.174858884,0.42959254,0.592965734
245.5932276,9.71E-07,5.19E-14,1.87E+07,,0.174859294,0.42959254,0.59296478
245.5953708,9.71E-07,5.19E-14,1.87E+07,,0.174859703,0.42959254,0.592963828
245.5975139,9.71E-07,5.19E-14,1.87E+07,,0.174860113,0.42959254,0.592962873
245.5996571,9.71E-07,5.19E-14,1.87E+07,,0.174860522,0.42959254,0.592961921
245.6018003,9.71E-07,5.19E-14,1.87E+07,,0.174860931,0.42959254,0.592960969
245.6039434,9.71E-07,5.19E-14,1.87E+07,,0.174861341,0.42959254,0.592960015
245.6060866,9.71E-07,5.19E-14,1.87E+07,,0.17486175,0.42959254,0.592959063
245.6082297,9.71E-07,5.19E-14,1.87E+07,,0.174862159,0.42959254,0.592958111
245.6103729,9.71E-07,5.19E-14,1.87E+07,,0.174862569,0.42959254,0.592957156
245.6125161,9.71E-07,5.19E-14,1.87E+07,,0.174862978,0.42959254,0.592956204
245.6146592,9.71E-07,5.19E-14,1.87E+07,,0.174863388,0.42959254,0.59295525
245.6168024,9.71E-07,5.19E-14,1.87E+07,,0.174863797,0.42959254,0.592954298
245.6189456,9.71E-07,5.19E-14,1.87E+07,,0.174864206,0.42959254,0.592953346
245.6210887,9.71E-07,5.19E-14,1.87E+07,,0.174864616,0.42959254,0.592952391
245.6232319,9.71E-07,5.19E-14,1.87E+07,,0.174865025,0.42959254,0.592951439
245.6253751,9.71E-07,5.19E-14,1.87E+07,,0.174865435,0.42959254,0.592950485
245.6275182,9.71E-07,5.19E-14,1.87E+07,,0.174865844,0.42959254,0.592949533
245.6296614,9.71E-07,5.19E-14,1.87E+07,,0.174866253,0.42959254,0.592948581
245.6318045,9.71E-07,5.19E-14,1.87E+07,,0.174866663,0.42959254,0.592947626
245.6339477,9.71E-07,5.19E-14,1.87E+07,,0.174867072,0.42959254,0.592946674
245.6360909,9.71E-07,5.19E-14,1.87E+07,,0.174867482,0.42959254,0.59294572
245.638234,9.71E-07,5.19E-14,1.87E+07,,0.174867891,0.42959254,0.592944768
245.6403772,9.71E-07,5.19E-14,1.87E+07,,0.1748683,0.42959254,0.592943816
245.6425204,9.71E-07,5.19E-14,1.87E+07,,0.17486871,0.42959254,0.592942861
245.6446635,9.71E-07,5.19E-14,1.87E+07,,0.174869119,0.42959254,0.592941909
245.6468067,9.71E-07,5.19E-14,1.87E+07,,0.174869529,0.42959254,0.592940955
245.6489498,9.71E-07,5.19E-14,1.87E+07,,0.174869938,0.42959254,0.592940003
245.651093,9.71E-07,5.19E-14,1.87E+07,,0.174870347,0.42959254,0.592939051
245.6532362,9.71E-07,5.19E-14,1.87E+07,,0.174870757,0.42959254,0.592938096
245.6553793,9.71E-07,5.19E-14,1.87E+07,,0.174871166,0.42959254,0.592937144
245.6575225,9.71E-07,5.19E-14,1.87E+07,,0.174871576,0.42959254,0.59293619
245.6596657,9.71E-07,5.19E-14,1.87E+07,,0.174871985,0.42959254,0.592935238
245.6618088,9.71E-07,5.19E-14,1.87E+07,,0.174872394,0.42959254,0.592934286
245.663952,9.71E-07,5.19E-14,1.87E+07,,0.174872804,0.42959254,0.592933331
245.6660952,9.71E-07,5.19E-14,1.87E+07,,0.174873213,0.42959254,0.592932379
245.6682383,9.71E-07,5.19E-14,1.87E+07,,0.174873623,0.42959254,0.592931425
245.6703815,9.71E-07,5.19E-14,1.87E+07,,0.174874032,0.42959254,0.592930473
245.6725246,9.71E-07,5.19E-14,1.87E+07,,0.174874441,0.42959254,0.592929521
245.6746678,9.71E-07,5.19E-14,1.87E+07,,0.174874851,0.42959254,0.592928566
245.676811,9.71E-07,5.19E-14,1.87E+07,,0.17487526,0.42959254,0.592927614
245.6789541,9.71E-07,5.19E-14,1.87E+07,,0.17487567,0.42959254,0.59292666
245.6810973,9.71E-07,5.19E-14,1.87E+07,,0.174876079,0.42959254,0.592925708
245.6832405,9.71E-07,5.19E-14,1.87E+07,,0.174876488,0.42959254,0.592924756
245.6853836,9.71E-07,5.19E-14,1.87E+07,,0.174876898,0.42959254,0.592923801
245.6875268,9.71E-07,5.19E-14,1.87E+07,,0.174877307,0.42959254,0.592922849
245.68967,9.71E-07,5.19E-14,1.87E+07,,0.174877717,0.42959254,0.592921895
245.6918131,9.71E-07,5.19E-14,1.87E+07,,0.174878126,0.42959254,0.592920943
245.6939563,9.71E-07,5.19E-14,1.87E+07,,0.174878535,0.42959254,0.592919991
245.6960994,9.71E-07,5.19E-14,1.87E+07,,0.174878945,0.42959254,0.592919036
245.6982426,9.71E-07,5.19E-14,1.87E+07,,0.174879354,0.42959254,0.592918084
245.7003858,9.71E-07,5.19E-14,1.87E+07,,0.174879763,0.42959254,0.592917132
245.7025289,9.71E-07,5.19E-14,1.87E+07,,0.174880173,0.42959254,0.592916178
245.7046721,9.71E-07,5.19E-14,1.87E+07,,0.174880582,0.42959254,0.592915226
245.7068153,9.71E-07,5.19E-14,1.87E+07,,0.174880992,0.42959254,0.592914271
245.7089584,9.71E-07,5.19E-14,1.87E+07,,0.174881401,0.42959254,0.592913319
245.7111016,9.71E-07,5.19E-14,1.87E+07,,0.17488181,0.42959254,0.592912367
245.7132447,9.71E-07,5.19E-14,1.87E+07,,0.17488222,0.42959254,0.592911413
245.7153879,9.71E-07,5.19E-14,1.87E+07,,0.174882629,0.42959254,0.592910461
245.7175311,9.71E-07,5.19E-14,1.87E+07,,0.174883039,0.42959254,0.592909506
245.7196742,9.71E-07,5.19E-14,1.87E+07,,0.174883448,0.42959254,0.592908554
245.7218174,9.71E-07,5.19E-14,1.87E+07,,0.174883857,0.42959254,0.592907602
245.7239606,9.71E-07,5.19E-14,1.87E+07,,0.174884267,0.42959254,0.592906648
245.7261037,9.71E-07,5.19E-14,1.87E+07,,0.174884676,0.42959254,0.592905696
245.7282469,9.71E-07,5.19E-14,1.87E+07,,0.174885086,0.42959254,0.592904741
245.7303901,9.71E-07,5.19E-14,1.87E+07,,0.174885495,0.42959254,0.592903789
245.7325332,9.71E-07,5.19E-14,1.87E+07,,0.174885904,0.42959254,0.592902837
245.7346764,9.71E-07,5.19E-14,1.87E+07,,0.174886314,0.42959254,0.592901883
245.7368195,9.71E-07,5.19E-14,1.87E+07,,0.174886723,0.42959254,0.592900931
245.7389627,9.71E-07,5.19E-14,1.87E+07,,0.174887133,0.42959254,0.592899976
245.7411059,9.71E-07,5.19E-14,1.87E+07,,0.174887542,0.42959254,0.592899024
245.743249,9.71E-07,5.19E-14,1.87E+07,,0.174887951,0.42959254,0.592898072
245.7453922,9.71E-07,5.19E-14,1.87E+07,,0.174888361,0.42959254,0.592897118
245.7475354,9.71E-07,5.19E-14,1.87E+07,,0.17488877,0.42959254,0.592896166
245.7496785,9.71E-07,5.19E-14,1.87E+07,,0.17488918,0.42959254,0.592895212
245.7518217,9.71E-07,5.19E-14,1.87E+07,,0.174889589,0.42959254,0.592894259
245.7539649,9.71E-07,5.19E-14,1.87E+07,,0.174889998,0.42959254,0.592893307
245.756108,9.71E-07,5.19E-14,1.87E+07,,0.174890408,0.42959254,0.592892353
245.7582512,9.71E-07,5.19E-14,1.87E+07,,0.174890817,0.42959254,0.592891401
245.7603943,9.71E-07,5.19E-14,1.87E+07,,0.174891227,0.42959254,0.592890447
245.7625375,9.71E-07,5.19E-14,1.87E+07,,0.174891636,0.42959254,0.592889494
245.7646807,9.71E-07,5.19E-14,1.87E+07,,0.174892045,0.42959254,0.592888542
245.7668238,9.71E-07,5.19E-14,1.87E+07,,0.174892455,0.42959254,0.592887588
245.768967,9.71E-07,5.19E-14,1.87E+07,,0.174892864,0.42959254,0.592886636
245.7711102,9.71E-07,5.19E-14,1.87E+07,,0.174893274,0.42959254,0.592885682
245.7732533,9.70E-07,5.19E-14,1.87E+07,,0.174893683,0.42959254,0.592884729
245.7753965,9.70E-07,5.19E-14,1.87E+07,,0.174894092,0.42959254,0.592883777
245.7775396,9.70E-07,5.19E-14,1.87E+07,,0.174894502,0.42959254,0.592882823
245.7796828,9.70E-07,5.19E-14,1.87E+07,,0.174894911,0.42959254,0.592881871
245.781826,9.70E-07,5.19E-14,1.87E+07,,0.174895321,0.42959254,0.592880917
245.7839691,9.70E-07,5.19E-14,1.87E+07,,0.17489573,0.42959254,0.592879965
245.7861123,9.70E-07,5.19E-14,1.87E+07,,0.174896139,0.42959254,0.592879012
245.7882555,9.70E-07,5.19E-14,1.87E+07,,0.174896549,0.42959254,0.592878058
245.7903986,9.70E-07,5.19E-14,1.87E+07,,0.174896958,0.42959254,0.592877106
245.7925418,9.70E-07,5.19E-14,1.87E+07,,0.174897368,0.42959254,0.592876152
245.794685,9.70E-07,5.19E-14,1.87E+07,,0.174897777,0.42959254,0.5928752
245.7968281,9.70E-07,5.19E-14,1.87E+07,,0.174898186,0.42959254,0.592874247
245.7989713,9.70E-07,5.19E-14,1.87E+07,,0.174898596,0.42959254,0.592873293
245.8011144,9.70E-07,5.19E-14,1.87E+07,,0.174899005,0.42959254,0.592872341
245.8032576,9.70E-07,5.19E-14,1.87E+07,,0.174899414,0.42959254,0.592871389
245.8054008,9.70E-07,5.19E-14,1.87E+07,,0.174899824,0.42959254,0.592870435
245.8075439,9.70E-07,5.19E-14,1.87E+07,,0.174900233,0.42959254,0.592869482
245.8096871,9.70E-07,5.19E-14,1.87E+07,,0.174900643,0.42959254,0.592868528
245.8118303,9.70E-07,5.19E-14,1.87E+07,,0.174901052,0.42959254,0.592867576
245.8139734,9.70E-07,5.19E-14,1.87E+07,,0.174901461,0.42959254,0.592866624
245.8161166,9.70E-07,5.19E-14,1.87E+07,,0.174901871,0.42959254,0.59286567
245.8182598,9.70E-07,5.19E-14,1.87E+07,,0.17490228,0.42959254,0.592864717
245.8204029,9.70E-07,5.19E-14,1.87E+07,,0.17490269,0.42959254,0.592863763
245.8225461,9.70E-07,5.19E-14,1.87E+07,,0.174903099,0.42959254,0.592862811
245.8246892,9.70E-07,5.19E-14,1.87E+07,,0.174903508,0.42959254,0.592861859
245.8268324,9.70E-07,5.19E-14,1.87E+07,,0.174903918,0.42959254,0.592860905
245.8289756,9.70E-07,5.19E-14,1.87E+07,,0.174904327,0.42959254,0.592859953
245.8311187,9.70E-07,5.19E-14,1.87E+07,,0.174904737,0.42959254,0.592858998
245.8332619,9.70E-07,5.19E-14,1.87E+07,,0.174905146,0.42959254,0.592858046
245.8354051,9.70E-07,5.19E-14,1.87E+07,,0.174905555,0.42959254,0.592857094
245.8375482,9.70E-07,5.19E-14,1.87E+07,,0.174905965,0.42959254,0.59285614
245.8396914,9.70E-07,5.19E-14,1.87E+07,,0.174906374,0.42959254,0.592855188
245.8418345,9.70E-07,5.19E-14,1.87E+07,,0.174906784,0.42959254,0.592854233
245.8439777,9.70E-07,5.19E-14,1.87E+07,,0.174907193,0.42959254,0.592853281
245.8461209,9.70E-07,5.19E-14,1.87E+07,,0.174907602,0.42959254,0.592852329
245.848264,9.70E-07,5.19E-14,1.87E+07,,0.174908012,0.42959254,0.592851375
245.8504072,9.70E-07,5.19E-14,1.87E+07,,0.174908421,0.42959254,0.592850423
245.8525504,9.70E-07,5.19E-14,1.87E+07,,0.174908831,0.42959254,0.592849468
245.8546935,9.70E-07,5.19E-14,1.87E+07,,0.17490924,0.42959254,0.592848516
245.8568367,9.70E-07,5.19E-14,1.87E+07,,0.174909649,0.42959254,0.592847564
245.8589799,9.70E-07,5.19E-14,1.87E+07,,0.174910059,0.42959254,0.59284661
245.861123,9.70E-07,5.19E-14,1.87E+07,,0.174910468,0.42959254,0.592845658
245.8632662,9.70E-07,5.19E-14,1.87E+07,,0.174910878,0.42959254,0.592844703
245.8654093,9.70E-07,5.19E-14,1.87E+07,,0.174911287,0.42959254,0.592843751
245.8675525,9.70E-07,5.19E-14,1.87E+07,,0.174911696,0.42959254,0.592842799
245.8696957,9.70E-07,5.19E-14,1.87E+07,,0.174912106,0.42959254,0.592841845
245.8718388,9.70E-07,5.19E-14,1.87E+07,,0.174912515,0.42959254,0.592840893
245.873982,9.70E-07,5.19E-14,1.87E+07,,0.174912925,0.42959254,0.592839938
245.8761252,9.70E-07,5.19E-14,1.87E+07,,0.174913334,0.42959254,0.592838986
245.8782683,9.70E-07,5.19E-14,1.87E+07,,0.174913743,0.42959254,0.592838034
245.8804115,9.70E-07,5.19E-14,1.87E+07,,0.174914153,0.42959254,0.59283708
245.8825547,9.70E-07,5.19E-14,1.87E+07,,0.174914562,0.42959254,0.592836128
245.8846978,9.70E-07,5.19E-14,1.87E+07,,0.174914972,0.42959254,0.592835173
245.886841,9.70E-07,5.19E-14,1.87E+07,,0.174915381,0.42959254,0.592834221
245.8889841,9.70E-07,5.19E-14,1.87E+07,,0.17491579,0.42959254,0.592833269
245.8911273,9.70E-07,5.19E-14,1.87E+07,,0.1749162,0.42959254,0.592832315
245.8932705,9.70E-07,5.19E-14,1.87E+07,,0.174916609,0.42959254,0.592831363
245.8954136,9.70E-07,5.19E-14,1.87E+07,,0.174917018,0.42959254,0.592830411
245.8975568,9.70E-07,5.19E-14,1.87E+07,,0.174917428,0.42959254,0.592829456
245.8997,9.70E-07,5.19E-14,1.87E+07,,0.174917837,0.42959254,0.592828504
245.9018431,9.70E-07,5.19E-14,1.87E+07,,0.174918247,0.42959254,0.59282755
245.9039863,9.70E-07,5.19E-14,1.87E+07,,0.174918656,0.42959254,0.592826598
245.9061294,9.70E-07,5.19E-14,1.87E+07,,0.174919065,0.42959254,0.592825646
245.9082726,9.70E-07,5.19E-14,1.87E+07,,0.174919475,0.42959254,0.592824691
245.9104158,9.70E-07,5.19E-14,1.87E+07,,0.174919884,0.42959254,0.592823739
245.9125589,9.70E-07,5.19E-14,1.87E+07,,0.174920294,0.42959254,0.592822785
245.9147021,9.70E-07,5.19E-14,1.87E+07,,0.174920703,0.42959254,0.592821833
245.9168453,9.70E-07,5.19E-14,1.87E+07,,0.174921112,0.42959254,0.592820881
245.9189884,9.70E-07,5.19E-14,1.87E+07,,0.174921522,0.42959254,0.592819926
245.9211316,9.70E-07,5.19E-14,1.87E+07,,0.174921931,0.42959254,0.592818974
245.9232748,9.70E-07,5.19E-14,1.87E+07,,0.174922341,0.42959254,0.59281802
245.9254179,9.70E-07,5.19E-14,1.87E+07,,0.17492275,0.42959254,0.592817068
245.9275611,9.70E-07,5.19E-14,1.87E+07,,0.174923159,0.42959254,0.592816116
245.9297042,9.70E-07,5.19E-14,1.87E+07,,0.174923569,0.42959254,0.592815161
245.9318474,9.70E-07,5.19E-14,1.87E+07,,0.174923978,0.42959254,0.592814209
245.9339906,9.70E-07,5.19E-14,1.87E+07,,0.174924388,0.42959254,0.592813255
245.9361337,9.70E-07,5.19E-14,1.87E+07,,0.174924797,0.42959254,0.592812303
245.9382769,9.70E-07,5.19E-14,1.87E+07,,0.174925206,0.42959254,0.592811351
245.9404201,9.70E-07,5.19E-14,1.87E+07,,0.174925616,0.42959254,0.592810396
245.9425632,9.70E-07,5.19E-14,1.87E+07,,0.174926025,0.42959254,0.592809444
245.9447064,9.70E-07,5.19E-14,1.87E+07,,0.174926435,0.42959254,0.59280849
245.9468495,9.70E-07,5.19E-14,1.87E+07,,0.174926844,0.42959254,0.592807538
245.9489927,9.70E-07,5.19E-14,1.87E+07,,0.174927253,0.42959254,0.592806586
245.9511359,9.70E-07,5.19E-14,1.87E+07,,0.174927663,0.42959254,0.592805631
245.953279,9.70E-07,5.19E-14,1.87E+07,,0.174928072,0.42959254,0.592804679
245.9554222,9.70E-07,5.19E-14,1.87E+07,,0.174928482,0.42959254,0.592803725
245.9575654,9.70E-07,5.19E-14,1.87E+07,,0.174928891,0.42959254,0.592802773
245.9597085,9.70E-07,5.19E-14,1.87E+07,,0.1749293,0.42959254,0.592801821
245.9618517,9.70E-07,5.19E-14,1.87E+07,,0.17492971,0.42959254,0.592800866
245.9639949,9.70E-07,5.19E-14,1.87E+07,,0.174930119,0.42959254,0.592799914
245.966138,9.70E-07,5.19E-14,1.87E+07,,0.174930529,0.42959254,0.59279896
245.9682812,9.70E-07,5.19E-14,1.87E+07,,0.174930938,0.42959254,0.592798008
245.9704243,9.70E-07,5.19E-14,1.87E+07,,0.174931347,0.42959254,0.592797056
245.9725675,9.70E-07,5.19E-14,1.87E+07,,0.174931757,0.42959254,0.592796101
245.9747107,9.70E-07,5.19E-14,1.87E+07,,0.174932166,0.42959254,0.592795149
245.9768538,9.70E-07,5.19E-14,1.87E+07,,0.174932576,0.42959254,0.592794195
245.978997,9.70E-07,5.19E-14,1.87E+07,,0.174932985,0.42959254,0.592793243
245.9811402,9.70E-07,5.19E-14,1.87E+07,,0.174933394,0.42959254,0.592792291
245.9832833,9.70E-07,5.19E-14,1.87E+07,,0.174933804,0.42959254,0.592791336
245.9854265,9.70E-07,5.19E-14,1.87E+07,,0.174934213,0.42959254,0.592790384
245.9875697,9.70E-07,5.19E-14,1.87E+07,,0.174934623,0.42959254,0.59278943
245.9897128,9.70E-07,5.19E-14,1.87E+07,,0.174935032,0.42959254,0.592788478
245.991856,9.70E-07,5.19E-14,1.87E+07,,0.174935441,0.42959254,0.592787526
245.9939991,9.70E-07,5.19E-14,1.87E+07,,0.174935851,0.42959254,0.592786571
245.9961423,9.70E-07,5.19E-14,1.87E+07,,0.17493626,0.42959254,0.592785619
245.9982855,9.69E-07,5.19E-14,1.87E+07,,0.174936669,0.42959254,0.592784667
246.0004286,9.69E-07,5.19E-14,1.87E+07,,0.17493707,0.42959254,0.592783734
246.0025718,9.69E-07,5.19E-14,1.87E+07,,0.174937435,0.42959254,0.592782884
246.004715,9.69E-07,5.19E-14,1.87E+07,,0.174937801,0.42959254,0.592782032
246.0068581,9.69E-07,5.19E-14,1.87E+07,,0.174938166,0.42959254,0.592781183
246.0090013,9.69E-07,5.19E-14,1.87E+07,,0.174938531,0.42959254,0.592780333
246.0111444,9.69E-07,5.19E-14,1.87E+07,,0.174938896,0.42959254,0.592779483
246.0132876,9.69E-07,5.19E-14,1.87E+07,,0.174939262,0.42959254,0.592778631
246.0154308,9.69E-07,5.19E-14,1.87E+07,,0.174939627,0.42959254,0.592777782
246.0175739,9.69E-07,5.19E-14,1.87E+07,,0.174939992,0.42959254,0.592776932
246.0197171,9.69E-07,5.19E-14,1.87E+07,,0.174940357,0.42959254,0.592776082
246.0218603,9.69E-07,5.19E-14,1.87E+07,,0.174940723,0.42959254,0.59277523
246.0240034,9.69E-07,5.19E-14,1.87E+07,,0.174941088,0.42959254,0.592774381
246.0261466,9.69E-07,5.19E-14,1.87E+07,,0.174941453,0.42959254,0.592773531
246.0282898,9.69E-07,5.19E-14,1.87E+07,,0.174941818,0.42959254,0.592772681
246.0304329,9.69E-07,5.19E-14,1.87E+07,,0.174942184,0.42959254,0.592771829
246.0325761,9.69E-07,5.19E-14,1.87E+07,,0.174942549,0.42959254,0.59277098
246.0347192,9.69E-07,5.19E-14,1.87E+07,,0.174942914,0.42959254,0.59277013
246.0368624,9.69E-07,5.19E-14,1.87E+07,,0.174943279,0.42959254,0.592769281
246.0390056,9.69E-07,5.19E-14,1.87E+07,,0.174943645,0.42959254,0.592768429
246.0411487,9.69E-07,5.19E-14,1.87E+07,,0.17494401,0.42959254,0.592767579
246.0432919,9.69E-07,5.19E-14,1.87E+07,,0.174944375,0.42959254,0.592766729
246.0454351,9.69E-07,5.19E-14,1.87E+07,,0.17494474,0.42959254,0.59276588
246.0475782,9.69E-07,5.19E-14,1.87E+07,,0.174945106,0.42959254,0.592765028
246.0497214,9.69E-07,5.19E-14,1.87E+07,,0.174945471,0.42959254,0.592764178
246.0518646,9.69E-07,5.19E-14,1.87E+07,,0.174945836,0.42959254,0.592763328
246.0540077,9.69E-07,5.19E-14,1.87E+07,,0.174946201,0.42959254,0.592762479
246.0561509,9.69E-07,5.19E-14,1.87E+07,,0.174946567,0.42959254,0.592761627
246.058294,9.69E-07,5.19E-14,1.87E+07,,0.174946932,0.42959254,0.592760777
246.0604372,9.69E-07,5.19E-14,1.87E+07,,0.174947297,0.42959254,0.592759928
246.0625804,9.69E-07,5.19E-14,1.87E+07,,0.174947662,0.42959254,0.592759078
246.0647235,9.69E-07,5.19E-14,1.87E+07,,0.174948028,0.42959254,0.592758226
246.0668667,9.69E-07,5.19E-14,1.87E+07,,0.174948393,0.42959254,0.592757376
246.0690099,9.69E-07,5.19E-14,1.87E+07,,0.174948758,0.42959254,0.592756527
246.071153,9.69E-07,5.19E-14,1.87E+07,,0.174949123,0.42959254,0.592755677
246.0732962,9.69E-07,5.19E-14,1.87E+07,,0.174949489,0.42959254,0.592754825
246.0754393,9.69E-07,5.19E-14,1.87E+07,,0.174949854,0.42959254,0.592753975
246.0775825,9.69E-07,5.19E-14,1.87E+07,,0.174950219,0.42959254,0.592753126
246.0797257,9.69E-07,5.19E-14,1.87E+07,,0.174950584,0.42959254,0.592752276
246.0818688,9.69E-07,5.19E-14,1.87E+07,,0.17495095,0.42959254,0.592751424
246.084012,9.69E-07,5.19E-14,1.87E+07,,0.174951315,0.42959254,0.592750574
246.0861552,9.69E-07,5.19E-14,1.87E+07,,0.17495168,0.42959254,0.592749725
246.0882983,9.69E-07,5.19E-14,1.87E+07,,0.174952046,0.42959254,0.592748873
246.0904415,9.69E-07,5.19E-14,1.87E+07,,0.174952411,0.42959254,0.592748023
246.0925847,9.69E-07,5.19E-14,1.87E+07,,0.174952776,0.42959254,0.592747174
246.0947278,9.69E-07,5.19E-14,1.87E+07,,0.174953141,0.42959254,0.592746324
246.096871,9.69E-07,5.19E-14,1.87E+07,,0.174953507,0.42959254,0.592745472
246.0990141,9.69E-07,5.19E-14,1.87E+07,,0.174953872,0.42959254,0.592744622
246.1011573,9.69E-07,5.19E-14,1.87E+07,,0.174954237,0.42959254,0.592743773
246.1033005,9.69E-07,5.19E-14,1.87E+07,,0.174954602,0.42959254,0.592742923
246.1054436,9.69E-07,5.19E-14,1.87E+07,,0.174954968,0.42959254,0.592742071
246.1075868,9.69E-07,5.19E-14,1.87E+07,,0.174955333,0.42959254,0.592741221
246.10973,9.69E-07,5.19E-14,1.87E+07,,0.174955698,0.42959254,0.592740372
246.1118731,9.69E-07,5.19E-14,1.87E+07,,0.174956063,0.42959254,0.592739522
246.1140163,9.69E-07,5.19E-14,1.87E+07,,0.174956429,0.42959254,0.59273867
246.1161595,9.69E-07,5.19E-14,1.87E+07,,0.174956794,0.42959254,0.592737821
246.1183026,9.69E-07,5.19E-14,1.87E+07,,0.174957159,0.42959254,0.592736971
246.1204458,9.69E-07,5.19E-14,1.87E+07,,0.174957524,0.42959254,0.592736121
246.1225889,9.69E-07,5.19E-14,1.87E+07,,0.17495789,0.42959254,0.592735269
246.1247321,9.69E-07,5.19E-14,1.87E+07,,0.174958255,0.42959254,0.59273442
246.1268753,9.69E-07,5.19E-14,1.87E+07,,0.17495862,0.42959254,0.59273357
246.1290184,9.69E-07,5.19E-14,1.87E+07,,0.174958985,0.42959254,0.59273272
246.1311616,9.69E-07,5.19E-14,1.87E+07,,0.174959351,0.42959254,0.592731868
246.1333048,9.69E-07,5.19E-14,1.87E+07,,0.174959716,0.42959254,0.592731019
246.1354479,9.69E-07,5.19E-14,1.87E+07,,0.174960081,0.42959254,0.592730169
246.1375911,9.69E-07,5.19E-14,1.87E+07,,0.174960446,0.42959254,0.592729319
246.1397342,9.69E-07,5.19E-14,1.87E+07,,0.174960812,0.42959254,0.592728467
246.1418774,9.69E-07,5.19E-14,1.87E+07,,0.174961177,0.42959254,0.592727618
246.1440206,9.69E-07,5.19E-14,1.87E+07,,0.174961542,0.42959254,0.592726768
246.1461637,9.69E-07,5.19E-14,1.87E+07,,0.174961907,0.42959254,0.592725919
246.1483069,9.69E-07,5.19E-14,1.87E+07,,0.174962273,0.42959254,0.592725067
246.1504501,9.69E-07,5.19E-14,1.87E+07,,0.174962638,0.42959254,0.592724217
246.1525932,9.69E-07,5.19E-14,1.87E+07,,0.174963003,0.42959254,0.592723367
246.1547364,9.69E-07,5.19E-14,1.87E+07,,0.174963368,0.42959254,0.592722518
246.1568796,9.69E-07,5.19E-14,1.87E+07,,0.174963734,0.42959254,0.592721666
246.1590227,9.69E-07,5.19E-14,1.87E+07,,0.174964099,0.42959254,0.592720816
246.1611659,9.69E-07,5.19E-14,1.87E+07,,0.174964464,0.42959254,0.592719966
246.163309,9.69E-07,5.19E-14,1.87E+07,,0.174964829,0.42959254,0.592719117
246.1654522,9.69E-07,5.19E-14,1.87E+07,,0.174965195,0.42959254,0.592718265
246.1675954,9.69E-07,5.19E-14,1.87E+07,,0.17496556,0.42959254,0.592717415
246.1697385,9.69E-07,5.19E-14,1.87E+07,,0.174965925,0.42959254,0.592716565
246.1718817,9.69E-07,5.19E-14,1.87E+07,,0.17496629,0.42959254,0.592715716
246.1740249,9.69E-07,5.19E-14,1.87E+07,,0.174966656,0.42959254,0.592714864
246.176168,9.69E-07,5.19E-14,1.87E+07,,0.174967021,0.42959254,0.592714014
246.1783112,9.69E-07,5.19E-14,1.87E+07,,0.174967386,0.42959254,0.592713165
246.1804544,9.69E-07,5.19E-14,1.87E+07,,0.174967751,0.42959254,0.592712315
246.1825975,9.69E-07,5.19E-14,1.87E+07,,0.174968117,0.42959254,0.592711463
246.1847407,9.69E-07,5.19E-14,1.87E+07,,0.174968482,0.42959254,0.592710613
246.1868838,9.69E-07,5.19E-14,1.87E+07,,0.174968847,0.42959254,0.592709764
246.189027,9.69E-07,5.19E-14,1.87E+07,,0.174969212,0.42959254,0.592708914
246.1911702,9.69E-07,5.19E-14,1.87E+07,,0.174969578,0.42959254,0.592708062
246.1933133,9.69E-07,5.19E-14,1.87E+07,,0.174969943,0.42959254,0.592707212
246.1954565,9.69E-07,5.19E-14,1.87E+07,,0.174970308,0.42959254,0.592706363
246.1975997,9.69E-07,5.19E-14,1.87E+07,,0.174970674,0.42959254,0.592705511
246.1997428,9.69E-07,5.19E-14,1.87E+07,,0.174971039,0.42959254,0.592704661
246.201886,9.69E-07,5.19E-14,1.87E+07,,0.174971404,0.42959254,0.592703812
246.2040291,9.69E-07,5.19E-14,1.87E+07,,0.174971769,0.42959254,0.592702962
246.2061723,9.69E-07,5.19E-14,1.87E+07,,0.174972135,0.42959254,0.59270211
246.2083155,9.69E-07,5.19E-14,1.87E+07,,0.1749725,0.42959254,0.59270126
246.2104586,9.69E-07,5.19E-14,1.87E+07,,0.174972865,0.42959254,0.592700411
246.2126018,9.69E-07,5.19E-14,1.87E+07,,0.17497323,0.42959254,0.592699561
246.214745,9.69E-07,5.19E-14,1.87E+07,,0.174973596,0.42959254,0.592698709
246.2168881,9.69E-07,5.19E-14,1.87E+07,,0.174973961,0.42959254,0.592697859
246.2190313,9.69E-07,5.19E-14,1.87E+07,,0.174974326,0.42959254,0.59269701
246.2211745,9.69E-07,5.19E-14,1.87E+07,,0.174974691,0.42959254,0.59269616
246.2233176,9.69E-07,5.19E-14,1.87E+07,,0.174975057,0.42959254,0.592695308
246.2254608,9.69E-07,5.19E-14,1.87E+07,,0.174975422,0.42959254,0.592694458
246.2276039,9.69E-07,5.19E-14,1.87E+07,,0.174975787,0.42959254,0.592693609
246.2297471,9.69E-07,5.19E-14,1.87E+07,,0.174976152,0.42959254,0.592692759
246.2318903,9.69E-07,5.19E-14,1.87E+07,,0.174976518,0.42959254,0.592691907
246.2340334,9.69E-07,5.19E-14,1.87E+07,,0.174976883,0.42959254,0.592691058
246.2361766,9.69E-07,5.19E-14,1.87E+07,,0.174977248,0.42959254,0.592690208
246.2383198,9.69E-07,5.19E-14,1.87E+07,,0.174977613,0.42959254,0.592689358
246.2404629,9.69E-07,5.19E-14,1.87E+07,,0.174977979,0.42959254,0.592688506
246.2426061,9.69E-07,5.19E-14,1.87E+07,,0.174978344,0.42959254,0.592687657
246.2447492,9.68E-07,5.19E-14,1.87E+07,,0.174978709,0.42959254,0.592686807
246.2468924,9.68E-07,5.19E-14,1.87E+07,,0.174979074,0.42959254,0.592685957
246.2490356,9.68E-07,5.19E-14,1.87E+07,,0.17497944,0.42959254,0.592685105
246.2511787,9.68E-07,5.19E-14,1.87E+07,,0.174979805,0.42959254,0.592684256
246.2533219,9.68E-07,5.19E-14,1.87E+07,,0.17498017,0.42959254,0.592683406
246.2554651,9.68E-07,5.19E-14,1.87E+07,,0.174980535,0.42959254,0.592682557
246.2576082,9.68E-07,5.19E-14,1.87E+07,,0.174980901,0.42959254,0.592681705
246.2597514,9.68E-07,5.19E-14,1.87E+07,,0.174981266,0.42959254,0.592680855
246.2618946,9.68E-07,5.19E-14,1.87E+07,,0.174981631,0.42959254,0.592680005
246.2640377,9.68E-07,5.19E-14,1.87E+07,,0.174981996,0.42959254,0.592679156
246.2661809,9.68E-07,5.19E-14,1.87E+07,,0.174982362,0.42959254,0.592678304
246.268324,9.68E-07,5.19E-14,1.87E+07,,0.174982727,0.42959254,0.592677454
246.2704672,9.68E-07,5.19E-14,1.87E+07,,0.174983092,0.42959254,0.592676604
246.2726104,9.68E-07,5.19E-14,1.87E+07,,0.174983457,0.42959254,0.592675755
246.2747535,9.68E-07,5.19E-14,1.87E+07,,0.174983823,0.42959254,0.592674903
246.2768967,9.68E-07,5.19E-14,1.87E+07,,0.174984188,0.42959254,0.592674053
246.2790399,9.68E-07,5.19E-14,1.87E+07,,0.174984553,0.42959254,0.592673203
246.281183,9.68E-07,5.19E-14,1.87E+07,,0.174984918,0.42959254,0.592672354
246.2833262,9.68E-07,5.19E-14,1.87E+07,,0.174985284,0.42959254,0.592671502
246.2854694,9.68E-07,5.19E-14,1.87E+07,,0.174985649,0.42959254,0.592670652
246.2876125,9.68E-07,5.19E-14,1.87E+07,,0.174986014,0.42959254,0.592669803
246.2897557,9.68E-07,5.19E-14,1.87E+07,,0.174986379,0.42959254,0.592668953
246.2918988,9.68E-07,5.19E-14,1.87E+07,,0.174986745,0.42959254,0.592668101
246.294042,9.68E-07,5.19E-14,1.87E+07,,0.17498711,0.42959254,0.592667251
246.2961852,9.68E-07,5.19E-14,1.87E+07,,0.174987475,0.42959254,0.592666402
246.2983283,9.68E-07,5.19E-14,1.87E+07,,0.174987841,0.42959254,0.59266555
246.3004715,9.68E-07,5.19E-14,1.87E+07,,0.174988206,0.42959254,0.5926647
246.3026147,9.68E-07,5.19E-14,1.87E+07,,0.174988571,0.42959254,0.59266385
246.3047578,9.68E-07,5.19E-14,1.87E+07,,0.174988936,0.42959254,0.592663001
246.306901,9.68E-07,5.19E-14,1.87E+07,,0.174989302,0.42959254,0.592662149
246.3090441,9.68E-07,5.19E-14,1.87E+07,,0.174989667,0.42959254,0.592661299
246.3111873,9.68E-07,5.19E-14,1.87E+07,,0.174990032,0.42959254,0.59266045
246.3133305,9.68E-07,5.19E-14,1.87E+07,,0.174990397,0.42959254,0.5926596
246.3154736,9.68E-07,5.19E-14,1.87E+07,,0.174990763,0.42959254,0.592658748
246.3176168,9.68E-07,5.19E-14,1.87E+07,,0.174991128,0.42959254,0.592657898
246.31976,9.68E-07,5.19E-14,1.87E+07,,0.174991493,0.42959254,0.592657049
246.3219031,9.68E-07,5.19E-14,1.87E+07,,0.174991858,0.42959254,0.592656199
246.3240463,9.68E-07,5.19E-14,1.87E+07,,0.174992224,0.42959254,0.592655347
246.3261895,9.68E-07,5.19E-14,1.87E+07,,0.174992589,0.42959254,0.592654497
246.3283326,9.68E-07,5.19E-14,1.87E+07,,0.174992954,0.42959254,0.592653648
246.3304758,9.68E-07,5.19E-14,1.87E+07,,0.174993319,0.42959254,0.592652798
246.3326189,9.68E-07,5.19E-14,1.87E+07,,0.174993685,0.42959254,0.592651946
246.3347621,9.68E-07,5.19E-14,1.87E+07,,0.17499405,0.42959254,0.592651096
246.3369053,9.68E-07,5.19E-14,1.87E+07,,0.174994415,0.42959254,0.592650247
246.3390484,9.68E-07,5.19E-14,1.87E+07,,0.17499478,0.42959254,0.592649397
246.3411916,9.68E-07,5.19E-14,1.87E+07,,0.174995146,0.42959254,0.592648545
246.3433348,9.68E-07,5.19E-14,1.87E+07,,0.174995511,0.42959254,0.592647696
246.3454779,9.68E-07,5.19E-14,1.87E+07,,0.174995876,0.42959254,0.592646846
246.3476211,9.68E-07,5.19E-14,1.87E+07,,0.174996241,0.42959254,0.592645996
246.3497643,9.68E-07,5.19E-14,1.87E+07,,0.174996607,0.42959254,0.592645144
246.3519074,9.68E-07,5.19E-14,1.87E+07,,0.174996972,0.42959254,0.592644295
246.3540506,9.68E-07,5.19E-14,1.87E+07,,0.174997337,0.42959254,0.592643445
246.3561937,9.68E-07,5.19E-14,1.87E+07,,0.174997702,0.42959254,0.592642595
246.3583369,9.68E-07,5.19E-14,1.87E+07,,0.174998068,0.42959254,0.592641743
246.3604801,9.68E-07,5.19E-14,1.87E+07,,0.174998433,0.42959254,0.592640894
246.3626232,9.68E-07,5.19E-14,1.87E+07,,0.174998798,0.42959254,0.592640044
246.3647664,9.68E-07,5.19E-14,1.87E+07,,0.174999163,0.42959254,0.592639194
246.3669096,9.68E-07,5.19E-14,1.87E+07,,0.174999529,0.42959254,0.592638343
246.3690527,9.68E-07,5.19E-14,1.87E+07,,0.174999894,0.42959254,0.592637493
246.3711959,9.68E-07,5.19E-14,1.87E+07,,0.175000259,0.42959254,0.592636643
246.373339,9.68E-07,5.19E-14,1.87E+07,,0.175000624,0.42959254,0.592635794
246.3754822,9.68E-07,5.19E-14,1.87E+07,,0.17500099,0.42959254,0.592634942
246.3776254,9.68E-07,5.19E-14,1.87E+07,,0.175001355,0.42959254,0.592634092
246.3797685,9.68E-07,5.19E-14,1.87E+07,,0.17500172,0.42959254,0.592633242
246.3819117,9.68E-07,5.19E-14,1.87E+07,,0.175002085,0.42959254,0.592632393
246.3840549,9.68E-07,5.19E-14,1.87E+07,,0.175002451,0.42959254,0.592631541
246.386198,9.68E-07,5.19E-14,1.87E+07,,0.175002816,0.42959254,0.592630691
246.3883412,9.68E-07,5.19E-14,1.87E+07,,0.175003181,0.42959254,0.592629841
246.3904844,9.68E-07,5.19E-14,1.87E+07,,0.175003546,0.42959254,0.592628992
246.3926275,9.68E-07,5.19E-14,1.87E+07,,0.175003912,0.42959254,0.59262814
246.3947707,9.68E-07,5.19E-14,1.87E+07,,0.175004277,0.42959254,0.59262729
246.3969138,9.68E-07,5.19E-14,1.87E+07,,0.175004642,0.42959254,0.592626441
246.399057,9.68E-07,5.19E-14,1.87E+07,,0.175005007,0.42959254,0.592625591
246.4012002,9.68E-07,5.19E-14,1.87E+07,,0.175005373,0.42959254,0.592624739
246.4033433,9.68E-07,5.19E-14,1.87E+07,,0.175005738,0.42959254,0.592623889
246.4054865,9.68E-07,5.19E-14,1.87E+07,,0.175006103,0.42959254,0.59262304
246.4076297,9.68E-07,5.19E-14,1.87E+07,,0.175006469,0.42959254,0.592622188
246.4097728,9.68E-07,5.19E-14,1.87E+07,,0.175006834,0.42959254,0.592621338
246.411916,9.68E-07,5.19E-14,1.87E+07,,0.175007199,0.42959254,0.592620488
246.4140592,9.68E-07,5.19E-14,1.87E+07,,0.175007564,0.42959254,0.592619639
246.4162023,9.68E-07,5.19E-14,1.87E+07,,0.17500793,0.42959254,0.592618787
246.4183455,9.68E-07,5.19E-14,1.87E+07,,0.175008295,0.42959254,0.592617937
246.4204886,9.68E-07,5.19E-14,1.87E+07,,0.17500866,0.42959254,0.592617088
246.4226318,9.68E-07,5.19E-14,1.87E+07,,0.175009025,0.42959254,0.592616238
246.424775,9.68E-07,5.19E-14,1.87E+07,,0.175009391,0.42959254,0.592615386
246.4269181,9.68E-07,5.19E-14,1.87E+07,,0.175009756,0.42959254,0.592614536
246.4290613,9.68E-07,5.19E-14,1.87E+07,,0.175010121,0.42959254,0.592613687
246.4312045,9.68E-07,5.19E-14,1.87E+07,,0.175010486,0.42959254,0.592612837
246.4333476,9.68E-07,5.19E-14,1.87E+07,,0.175010852,0.42959254,0.592611985
246.4354908,9.68E-07,5.19E-14,1.87E+07,,0.175011217,0.42959254,0.592611135
246.4376339,9.68E-07,5.19E-14,1.87E+07,,0.175011582,0.42959254,0.592610286
246.4397771,9.68E-07,5.19E-14,1.87E+07,,0.175011947,0.42959254,0.592609436
246.4419203,9.68E-07,5.19E-14,1.87E+07,,0.175012313,0.42959254,0.592608584
246.4440634,9.68E-07,5.19E-14,1.87E+07,,0.175012678,0.42959254,0.592607734
246.4462066,9.68E-07,5.19E-14,1.87E+07,,0.175013043,0.42959254,0.592606885
246.4483498,9.68E-07,5.19E-14,1.87E+07,,0.175013408,0.42959254,0.592606035
246.4504929,9.68E-07,5.19E-14,1.87E+07,,0.175013774,0.42959254,0.592605183
246.4526361,9.68E-07,5.19E-14,1.87E+07,,0.175014139,0.42959254,0.592604334
246.4547793,9.68E-07,5.19E-14,1.87E+07,,0.175014504,0.42959254,0.592603484
246.4569224,9.68E-07,5.19E-14,1.87E+07,,0.175014869,0.42959254,0.592602634
246.4590656,9.68E-07,5.19E-14,1.87E+07,,0.175015235,0.42959254,0.592601782
246.4612087,9.68E-07,5.19E-14,1.87E+07,,0.1750156,0.42959254,0.592600933
246.4633519,9.68E-07,5.19E-14,1.87E+07,,0.175015965,0.42959254,0.592600083
246.4654951,9.68E-07,5.19E-14,1.87E+07,,0.17501633,0.42959254,0.592599233
246.4676382,9.68E-07,5.19E-14,1.87E+07,,0.175016696,0.42959254,0.592598381
246.4697814,9.68E-07,5.19E-14,1.87E+07,,0.175017061,0.42959254,0.592597532
246.4719246,9.68E-07,5.19E-14,1.87E+07,,0.175017426,0.42959254,0.592596682
246.4740677,9.68E-07,5.19E-14,1.87E+07,,0.175017791,0.42959254,0.592595832
246.4762109,9.68E-07,5.19E-14,1.87E+07,,0.175018157,0.42959254,0.592594981
246.4783541,9.68E-07,5.19E-14,1.87E+07,,0.175018522,0.42959254,0.592594131
246.4804972,9.68E-07,5.19E-14,1.87E+07,,0.175018887,0.42959254,0.592593281
246.4826404,9.68E-07,5.19E-14,1.87E+07,,0.175019252,0.42959254,0.592592432
246.4847835,9.68E-07,5.19E-14,1.87E+07,,0.175019618,0.42959254,0.59259158
246.4869267,9.68E-07,5.19E-14,1.87E+07,,0.175019983,0.42959254,0.59259073
246.4890699,9.67E-07,5.19E-14,1.86E+07,,0.175020348,0.42959254,0.59258988
246.491213,9.67E-07,5.19E-14,1.86E+07,,0.175020713,0.42959254,0.592589031
246.4933562,9.67E-07,5.19E-14,1.86E+07,,0.175021079,0.42959254,0.592588179
246.4954994,9.67E-07,5.19E-14,1.86E+07,,0.175021444,0.42959254,0.592587329
246.4976425,9.67E-07,5.19E-14,1.86E+07,,0.175021809,0.42959254,0.592586479
246.4997857,9.67E-07,5.19E-14,1.86E+07,,0.175022174,0.42959254,0.59258563
246.5019288,9.67E-07,5.19E-14,1.86E+07,,0.17502254,0.42959254,0.592584778
246.504072,9.67E-07,5.19E-14,1.86E+07,,0.175022905,0.42959254,0.592583928
246.5062152,9.67E-07,5.19E-14,1.86E+07,,0.17502327,0.42959254,0.592583079
246.5083583,9.67E-07,5.19E-14,1.86E+07,,0.175023635,0.42959254,0.592582229
246.5105015,9.67E-07,5.19E-14,1.86E+07,,0.175024001,0.42959254,0.592581377
246.5126447,9.67E-07,5.19E-14,1.86E+07,,0.175024366,0.42959254,0.592580527
246.5147878,9.67E-07,5.19E-14,1.86E+07,,0.175024731,0.42959254,0.592579678
246.516931,9.67E-07,5.19E-14,1.86E+07,,0.175025097,0.42959254,0.592578826
246.5190742,9.67E-07,5.19E-14,1.86E+07,,0.175025462,0.42959254,0.592577976
246.5212173,9.67E-07,5.19E-14,1.86E+07,,0.175025827,0.42959254,0.592577126
246.5233605,9.67E-07,5.19E-14,1.86E+07,,0.175026192,0.42959254,0.592576277
246.5255036,9.67E-07,5.19E-14,1.86E+07,,0.175026558,0.42959254,0.592575425
246.5276468,9.67E-07,5.19E-14,1.86E+07,,0.175026923,0.42959254,0.592574575
246.52979,9.67E-07,5.19E-14,1.86E+07,,0.175027288,0.42959254,0.592573725
246.5319331,9.67E-07,5.19E-14,1.86E+07,,0.175027653,0.42959254,0.592572876
246.5340763,9.67E-07,5.19E-14,1.86E+07,,0.175028019,0.42959254,0.592572024
246.5362195,9.67E-07,5.19E-14,1.86E+07,,0.175028384,0.42959254,0.592571174
246.5383626,9.67E-07,5.19E-14,1.86E+07,,0.175028749,0.42959254,0.592570325
246.5405058,9.67E-07,5.19E-14,1.86E+07,,0.175029114,0.42959254,0.592569475
246.5426489,9.67E-07,5.19E-14,1.86E+07,,0.17502948,0.42959254,0.592568623
246.5447921,9.67E-07,5.19E-14,1.86E+07,,0.175029845,0.42959254,0.592567773
246.5469353,9.67E-07,5.19E-14,1.86E+07,,0.17503021,0.42959254,0.592566924
246.5490784,9.67E-07,5.19E-14,1.86E+07,,0.175030575,0.42959254,0.592566074
246.5512216,9.67E-07,5.19E-14,1.86E+07,,0.175030941,0.42959254,0.592565222
246.5533648,9.67E-07,5.19E-14,1.86E+07,,0.175031306,0.42959254,0.592564372
246.5555079,9.67E-07,5.19E-14,1.86E+07,,0.175031671,0.42959254,0.592563523
246.5576511,9.67E-07,5.19E-14,1.86E+07,,0.175032036,0.42959254,0.592562673
246.5597943,9.67E-07,5.19E-14,1.86E+07,,0.175032402,0.42959254,0.592561821
246.5619374,9.67E-07,5.19E-14,1.86E+07,,0.175032767,0.42959254,0.592560972
246.5640806,9.67E-07,5.19E-14,1.86E+07,,0.175033132,0.42959254,0.592560122
246.5662237,9.67E-07,5.19E-14,1.86E+07,,0.175033497,0.42959254,0.592559272
246.5683669,9.67E-07,5.19E-14,1.86E+07,,0.175033863,0.42959254,0.59255842
246.5705101,9.67E-07,5.19E-14,1.86E+07,,0.175034228,0.42959254,0.592557571
246.5726532,9.67E-07,5.19E-14,1.86E+07,,0.175034593,0.42959254,0.592556721
246.5747964,9.67E-07,5.19E-14,1.86E+07,,0.175034958,0.42959254,0.592555871
246.5769396,9.67E-07,5.19E-14,1.86E+07,,0.175035324,0.42959254,0.592555019
246.5790827,9.67E-07,5.19E-14,1.86E+07,,0.175035689,0.42959254,0.59255417
246.5812259,9.67E-07,5.19E-14,1.86E+07,,0.175036054,0.42959254,0.59255332
246.5833691,9.67E-07,5.19E-14,1.86E+07,,0.175036419,0.42959254,0.59255247
246.5855122,9.67E-07,5.19E-14,1.86E+07,,0.175036785,0.42959254,0.592551618
246.5876554,9.67E-07,5.19E-14,1.86E+07,,0.17503715,0.42959254,0.592550769
246.5897985,9.67E-07,5.19E-14,1.86E+07,,0.175037515,0.42959254,0.592549919
246.5919417,9.67E-07,5.19E-14,1.86E+07,,0.17503788,0.42959254,0.59254907
246.5940849,9.67E-07,5.19E-14,1.86E+07,,0.175038246,0.42959254,0.592548218
246.596228,9.67E-07,5.19E-14,1.86E+07,,0.175038611,0.42959254,0.592547368
246.5983712,9.67E-07,5.19E-14,1.86E+07,,0.175038976,0.42959254,0.592546518
246.6005144,9.67E-07,5.19E-14,1.86E+07,,0.175039341,0.42959254,0.592545669
246.6026575,9.67E-07,5.19E-14,1.86E+07,,0.175039707,0.42959254,0.592544817
246.6048007,9.67E-07,5.19E-14,1.86E+07,,0.175040072,0.42959254,0.592543967
246.6069438,9.67E-07,5.19E-14,1.86E+07,,0.175040437,0.42959254,0.592543117
246.609087,9.67E-07,5.19E-14,1.86E+07,,0.175040802,0.42959254,0.592542268
246.6112302,9.67E-07,5.19E-14,1.86E+07,,0.175041168,0.42959254,0.592541416
246.6133733,9.67E-07,5.19E-14,1.86E+07,,0.175041533,0.42959254,0.592540566
246.6155165,9.67E-07,5.19E-14,1.86E+07,,0.175041898,0.42959254,0.592539717
246.6176597,9.67E-07,5.19E-14,1.86E+07,,0.175042264,0.42959254,0.592538865
246.6198028,9.67E-07,5.19E-14,1.86E+07,,0.175042629,0.42959254,0.592538015
246.621946,9.67E-07,5.19E-14,1.86E+07,,0.175042994,0.42959254,0.592537165
246.6240892,9.67E-07,5.19E-14,1.86E+07,,0.175043359,0.42959254,0.592536316
246.6262323,9.67E-07,5.19E-14,1.86E+07,,0.175043725,0.42959254,0.592535464
246.6283755,9.67E-07,5.19E-14,1.86E+07,,0.17504409,0.42959254,0.592534614
246.6305186,9.67E-07,5.19E-14,1.86E+07,,0.175044455,0.42959254,0.592533764
246.6326618,9.67E-07,5.19E-14,1.86E+07,,0.17504482,0.42959254,0.592532915
246.634805,9.67E-07,5.19E-14,1.86E+07,,0.175045186,0.42959254,0.592532063
246.6369481,9.67E-07,5.19E-14,1.86E+07,,0.175045551,0.42959254,0.592531213
246.6390913,9.67E-07,5.19E-14,1.86E+07,,0.175045916,0.42959254,0.592530363
246.6412345,9.67E-07,5.19E-14,1.86E+07,,0.175046281,0.42959254,0.592529514
246.6433776,9.67E-07,5.19E-14,1.86E+07,,0.175046647,0.42959254,0.592528662
246.6455208,9.67E-07,5.19E-14,1.86E+07,,0.175047012,0.42959254,0.592527812
246.647664,9.67E-07,5.19E-14,1.86E+07,,0.175047377,0.42959254,0.592526963
246.6498071,9.67E-07,5.19E-14,1.86E+07,,0.175047742,0.42959254,0.592526113
246.6519503,9.67E-07,5.19E-14,1.86E+07,,0.175048108,0.42959254,0.592525261
246.6540934,9.67E-07,5.19E-14,1.86E+07,,0.175048473,0.42959254,0.592524411
246.6562366,9.67E-07,5.19E-14,1.86E+07,,0.175048838,0.42959254,0.592523562
246.6583798,9.67E-07,5.19E-14,1.86E+07,,0.175049203,0.42959254,0.592522712
246.6605229,9.67E-07,5.19E-14,1.86E+07,,0.175049569,0.42959254,0.59252186
246.6626661,9.67E-07,5.19E-14,1.86E+07,,0.175049934,0.42959254,0.59252101
246.6648093,9.67E-07,5.19E-14,1.86E+07,,0.175050299,0.42959254,0.592520161
246.6669524,9.67E-07,5.19E-14,1.86E+07,,0.175050664,0.42959254,0.592519311
246.6690956,9.67E-07,5.19E-14,1.86E+07,,0.17505103,0.42959254,0.592518459
246.6712387,9.67E-07,5.19E-14,1.86E+07,,0.175051395,0.42959254,0.59251761
246.6733819,9.67E-07,5.19E-14,1.86E+07,,0.17505176,0.42959254,0.59251676
246.6755251,9.67E-07,5.19E-14,1.86E+07,,0.175052125,0.42959254,0.59251591
246.6776682,9.67E-07,5.19E-14,1.86E+07,,0.175052491,0.42959254,0.592515058
246.6798114,9.67E-07,5.19E-14,1.86E+07,,0.175052856,0.42959254,0.592514209
246.6819546,9.67E-07,5.19E-14,1.86E+07,,0.175053221,0.42959254,0.592513359
246.6840977,9.67E-07,5.19E-14,1.86E+07,,0.175053586,0.42959254,0.592512509
246.6862409,9.67E-07,5.19E-14,1.86E+07,,0.175053952,0.42959254,0.592511657
246.6883841,9.67E-07,5.19E-14,1.86E+07,,0.175054317,0.42959254,0.592510808
246.6905272,9.67E-07,5.19E-14,1.86E+07,,0.175054682,0.42959254,0.592509958
246.6926704,9.67E-07,5.19E-14,1.86E+07,,0.175055047,0.42959254,0.592509108
246.6948135,9.67E-07,5.19E-14,1.86E+07,,0.175055413,0.42959254,0.592508256
246.6969567,9.67E-07,5.19E-14,1.86E+07,,0.175055778,0.42959254,0.592507407
246.6990999,9.67E-07,5.19E-14,1.86E+07,,0.175056143,0.42959254,0.592506557
246.701243,9.67E-07,5.19E-14,1.86E+07,,0.175056508,0.42959254,0.592505708
246.7033862,9.67E-07,5.19E-14,1.86E+07,,0.175056874,0.42959254,0.592504856
246.7055294,9.67E-07,5.19E-14,1.86E+07,,0.175057239,0.42959254,0.592504006
246.7076725,9.67E-07,5.19E-14,1.86E+07,,0.175057604,0.42959254,0.592503156
246.7098157,9.67E-07,5.19E-14,1.86E+07,,0.175057969,0.42959254,0.592502307
246.7119589,9.67E-07,5.19E-14,1.86E+07,,0.175058335,0.42959254,0.592501455
246.714102,9.67E-07,5.19E-14,1.86E+07,,0.1750587,0.42959254,0.592500605
246.7162452,9.67E-07,5.19E-14,1.86E+07,,0.175059065,0.42959254,0.592499755
246.7183883,9.67E-07,5.19E-14,1.86E+07,,0.17505943,0.42959254,0.592498906
246.7205315,9.67E-07,5.19E-14,1.86E+07,,0.175059796,0.42959254,0.592498054
246.7226747,9.67E-07,5.19E-14,1.86E+07,,0.175060161,0.42959254,0.592497204
246.7248178,9.67E-07,5.19E-14,1.86E+07,,0.175060526,0.42959254,0.592496354
246.726961,9.67E-07,5.19E-14,1.86E+07,,0.175060892,0.42959254,0.592495503
246.7291042,9.67E-07,5.19E-14,1.86E+07,,0.175061257,0.42959254,0.592494653
246.7312473,9.67E-07,5.19E-14,1.86E+07,,0.175061622,0.42959254,0.592493803
246.7333905,9.67E-07,5.19E-14,1.86E+07,,0.175061987,0.42959254,0.592492954
246.7355336,9.66E-07,5.19E-14,1.86E+07,,0.175062353,0.42959254,0.592492102
246.7376768,9.66E-07,5.19E-14,1.86E+07,,0.175062718,0.42959254,0.592491252
246.73982,9.66E-07,5.19E-14,1.86E+07,,0.175063083,0.42959254,0.592490402
246.7419631,9.66E-07,5.19E-14,1.86E+07,,0.175063448,0.42959254,0.592489553
246.7441063,9.66E-07,5.19E-14,1.86E+07,,0.175063814,0.42959254,0.592488701
246.7462495,9.66E-07,5.19E-14,1.86E+07,,0.175064179,0.42959254,0.592487851
246.7483926,9.66E-07,5.19E-14,1.86E+07,,0.175064544,0.42959254,0.592487001
246.7505358,9.66E-07,5.19E-14,1.86E+07,,0.175064909,0.42959254,0.592486152
246.752679,9.66E-07,5.19E-14,1.86E+07,,0.175065275,0.42959254,0.5924853
246.7548221,9.66E-07,5.19E-14,1.86E+07,,0.17506564,0.42959254,0.59248445
246.7569653,9.66E-07,5.19E-14,1.86E+07,,0.175066005,0.42959254,0.592483601
246.7591084,9.66E-07,5.19E-14,1.86E+07,,0.17506637,0.42959254,0.592482751
246.7612516,9.66E-07,5.19E-14,1.86E+07,,0.175066736,0.42959254,0.592481899
246.7633948,9.66E-07,5.19E-14,1.86E+07,,0.175067101,0.42959254,0.592481049
246.7655379,9.66E-07,5.19E-14,1.86E+07,,0.175067466,0.42959254,0.5924802
246.7676811,9.66E-07,5.19E-14,1.86E+07,,0.175067831,0.42959254,0.59247935
246.7698243,9.66E-07,5.19E-14,1.86E+07,,0.175068197,0.42959254,0.592478498
246.7719674,9.66E-07,5.19E-14,1.86E+07,,0.175068562,0.42959254,0.592477648
246.7741106,9.66E-07,5.19E-14,1.86E+07,,0.175068927,0.42959254,0.592476799
246.7762538,9.66E-07,5.19E-14,1.86E+07,,0.175069292,0.42959254,0.592475949
246.7783969,9.66E-07,5.19E-14,1.86E+07,,0.175069658,0.42959254,0.592475097
246.7805401,9.66E-07,5.19E-14,1.86E+07,,0.175070023,0.42959254,0.592474247
246.7826832,9.66E-07,5.19E-14,1.86E+07,,0.175070388,0.42959254,0.592473398
246.7848264,9.66E-07,5.19E-14,1.86E+07,,0.175070753,0.42959254,0.592472548
246.7869696,9.66E-07,5.19E-14,1.86E+07,,0.175071119,0.42959254,0.592471696
246.7891127,9.66E-07,5.19E-14,1.86E+07,,0.175071484,0.42959254,0.592470847
246.7912559,9.66E-07,5.19E-14,1.86E+07,,0.175071849,0.42959254,0.592469997
246.7933991,9.66E-07,5.19E-14,1.86E+07,,0.175072214,0.42959254,0.592469147
246.7955422,9.66E-07,5.19E-14,1.86E+07,,0.17507258,0.42959254,0.592468295
246.7976854,9.66E-07,5.19E-14,1.86E+07,,0.175072945,0.42959254,0.592467446
246.7998285,9.66E-07,5.19E-14,1.86E+07,,0.17507331,0.42959254,0.592466596
246.8019717,9.66E-07,5.19E-14,1.86E+07,,0.175073675,0.42959254,0.592465746
246.8041149,9.66E-07,5.19E-14,1.86E+07,,0.175074041,0.42959254,0.592464894
246.806258,9.66E-07,5.19E-14,1.86E+07,,0.175074406,0.42959254,0.592464045
246.8084012,9.66E-07,5.19E-14,1.86E+07,,0.175074771,0.42959254,0.592463195
246.8105444,9.66E-07,5.19E-14,1.86E+07,,0.175075136,0.42959254,0.592462346
246.8126875,9.66E-07,5.19E-14,1.86E+07,,0.175075502,0.42959254,0.592461494
246.8148307,9.66E-07,5.19E-14,1.86E+07,,0.175075867,0.42959254,0.592460644
246.8169739,9.66E-07,5.19E-14,1.86E+07,,0.175076232,0.42959254,0.592459794
246.819117,9.66E-07,5.19E-14,1.86E+07,,0.175076597,0.42959254,0.592458945
246.8212602,9.66E-07,5.19E-14,1.86E+07,,0.175076963,0.42959254,0.592458093
246.8234033,9.66E-07,5.19E-14,1.86E+07,,0.175077328,0.42959254,0.592457243
246.8255465,9.66E-07,5.19E-14,1.86E+07,,0.175077693,0.42959254,0.592456393
246.8276897,9.66E-07,5.19E-14,1.86E+07,,0.175078058,0.42959254,0.592455544
246.8298328,9.66E-07,5.19E-14,1.86E+07,,0.175078424,0.42959254,0.592454692
246.831976,9.66E-07,5.19E-14,1.86E+07,,0.175078789,0.42959254,0.592453842
246.8341192,9.66E-07,5.19E-14,1.86E+07,,0.175079154,0.42959254,0.592452992
246.8362623,9.66E-07,5.19E-14,1.86E+07,,0.17507952,0.42959254,0.592452141
246.8384055,9.66E-07,5.19E-14,1.86E+07,,0.175079885,0.42959254,0.592451291
246.8405486,9.66E-07,5.19E-14,1.86E+07,,0.17508025,0.42959254,0.592450441
246.8426918,9.66E-07,5.19E-14,1.86E+07,,0.175080615,0.42959254,0.592449592
246.844835,9.66E-07,5.19E-14,1.86E+07,,0.175080981,0.42959254,0.59244874
246.8469781,9.66E-07,5.19E-14,1.86E+07,,0.175081346,0.42959254,0.59244789
246.8491213,9.66E-07,5.19E-14,1.86E+07,,0.175081711,0.42959254,0.59244704
246.8512645,9.66E-07,5.19E-14,1.86E+07,,0.175082076,0.42959254,0.592446191
246.8534076,9.66E-07,5.19E-14,1.86E+07,,0.175082442,0.42959254,0.592445339
246.8555508,9.66E-07,5.19E-14,1.86E+07,,0.175082807,0.42959254,0.592444489
246.857694,9.66E-07,5.19E-14,1.86E+07,,0.175083172,0.42959254,0.592443639
246.8598371,9.66E-07,5.19E-14,1.86E+07,,0.175083537,0.42959254,0.59244279
246.8619803,9.66E-07,5.19E-14,1.86E+07,,0.175083903,0.42959254,0.592441938
246.8641234,9.66E-07,5.19E-14,1.86E+07,,0.175084268,0.42959254,0.592441088
246.8662666,9.66E-07,5.19E-14,1.86E+07,,0.175084633,0.42959254,0.592440239
246.8684098,9.66E-07,5.19E-14,1.86E+07,,0.175084998,0.42959254,0.592439389
246.8705529,9.66E-07,5.19E-14,1.86E+07,,0.175085364,0.42959254,0.592438537
246.8726961,9.66E-07,5.19E-14,1.86E+07,,0.175085729,0.42959254,0.592437687
246.8748393,9.66E-07,5.19E-14,1.86E+07,,0.175086094,0.42959254,0.592436838
246.8769824,9.66E-07,5.19E-14,1.86E+07,,0.175086459,0.42959254,0.592435988
246.8791256,9.66E-07,5.19E-14,1.86E+07,,0.175086825,0.42959254,0.592435136
246.8812688,9.66E-07,5.19E-14,1.86E+07,,0.17508719,0.42959254,0.592434286
246.8834119,9.66E-07,5.19E-14,1.86E+07,,0.175087555,0.42959254,0.592433437
246.8855551,9.66E-07,5.19E-14,1.86E+07,,0.17508792,0.42959254,0.592432587
246.8876982,9.66E-07,5.19E-14,1.86E+07,,0.175088286,0.42959254,0.592431735
246.8898414,9.66E-07,5.19E-14,1.86E+07,,0.175088651,0.42959254,0.592430885
246.8919846,9.66E-07,5.19E-14,1.86E+07,,0.175089016,0.42959254,0.592430036
246.8941277,9.66E-07,5.19E-14,1.86E+07,,0.175089381,0.42959254,0.592429186
246.8962709,9.66E-07,5.19E-14,1.86E+07,,0.175089747,0.42959254,0.592428334
246.8984141,9.66E-07,5.19E-14,1.86E+07,,0.175090112,0.42959254,0.592427485
246.9005572,9.66E-07,5.19E-14,1.86E+07,,0.175090477,0.42959254,0.592426635
246.9027004,9.66E-07,5.19E-14,1.86E+07,,0.175090842,0.42959254,0.592425785
246.9048435,9.66E-07,5.19E-14,1.86E+07,,0.175091208,0.42959254,0.592424933
246.9069867,9.66E-07,5.19E-14,1.86E+07,,0.175091573,0.42959254,0.592424084
246.9091299,9.66E-07,5.19E-14,1.86E+07,,0.175091938,0.42959254,0.592423234
246.911273,9.66E-07,5.19E-14,1.86E+07,,0.175092303,0.42959254,0.592422384
246.9134162,9.66E-07,5.19E-14,1.86E+07,,0.175092669,0.42959254,0.592421532
246.9155594,9.66E-07,5.19E-14,1.86E+07,,0.175093034,0.42959254,0.592420683
246.9177025,9.66E-07,5.19E-14,1.86E+07,,0.175093399,0.42959254,0.592419833
246.9198457,9.66E-07,5.19E-14,1.86E+07,,0.175093764,0.42959254,0.592418984
246.9219889,9.66E-07,5.19E-14,1.86E+07,,0.17509413,0.42959254,0.592418132
246.924132,9.66E-07,5.19E-14,1.86E+07,,0.175094495,0.42959254,0.592417282
246.9262752,9.66E-07,5.19E-14,1.86E+07,,0.17509486,0.42959254,0.592416432
246.9284183,9.66E-07,5.19E-14,1.86E+07,,0.175095225,0.42959254,0.592415583
246.9305615,9.66E-07,5.19E-14,1.86E+07,,0.175095591,0.42959254,0.592414731
246.9327047,9.66E-07,5.19E-14,1.86E+07,,0.175095956,0.42959254,0.592413881
246.9348478,9.66E-07,5.19E-14,1.86E+07,,0.175096321,0.42959254,0.592413031
246.936991,9.66E-07,5.19E-14,1.86E+07,,0.175096687,0.42959254,0.592412179
246.9391342,9.66E-07,5.19E-14,1.86E+07,,0.175097052,0.42959254,0.59241133
246.9412773,9.66E-07,5.19E-14,1.86E+07,,0.175097417,0.42959254,0.59241048
246.9434205,9.66E-07,5.19E-14,1.86E+07,,0.175097782,0.42959254,0.59240963
246.9455637,9.66E-07,5.19E-14,1.86E+07,,0.175098148,0.42959254,0.592408778
246.9477068,9.66E-07,5.19E-14,1.86E+07,,0.175098513,0.42959254,0.592407929
246.94985,9.66E-07,5.19E-14,1.86E+07,,0.175098878,0.42959254,0.592407079
246.9519931,9.66E-07,5.19E-14,1.86E+07,,0.175099243,0.42959254,0.59240623
246.9541363,9.66E-07,5.19E-14,1.86E+07,,0.175099609,0.42959254,0.592405378
246.9562795,9.66E-07,5.19E-14,1.86E+07,,0.175099974,0.42959254,0.592404528
246.9584226,9.66E-07,5.19E-14,1.86E+07,,0.175100339,0.42959254,0.592403678
246.9605658,9.66E-07,5.19E-14,1.86E+07,,0.175100704,0.42959254,0.592402829
246.962709,9.66E-07,5.19E-14,1.86E+07,,0.17510107,0.42959254,0.592401977
246.9648521,9.66E-07,5.19E-14,1.86E+07,,0.175101435,0.42959254,0.592401127
246.9669953,9.66E-07,5.19E-14,1.86E+07,,0.1751018,0.42959254,0.592400277
246.9691384,9.66E-07,5.19E-14,1.86E+07,,0.175102165,0.42959254,0.592399428
246.9712816,9.66E-07,5.19E-14,1.86E+07,,0.175102531,0.42959254,0.592398576
246.9734248,9.66E-07,5.19E-14,1.86E+07,,0.175102896,0.42959254,0.592397726
246.9755679,9.66E-07,5.19E-14,1.86E+07,,0.175103261,0.42959254,0.592396877
246.9777111,9.66E-07,5.19E-14,1.86E+07,,0.175103626,0.42959254,0.592396027
246.9798543,9.65E-07,5.19E-14,1.86E+07,,0.175103992,0.42959254,0.592395175
246.9819974,9.65E-07,5.19E-14,1.86E+07,,0.175104357,0.42959254,0.592394325
246.9841406,9.65E-07,5.19E-14,1.86E+07,,0.175104722,0.42959254,0.592393476
246.9862838,9.65E-07,5.19E-14,1.86E+07,,0.175105087,0.42959254,0.592392626
246.9884269,9.65E-07,5.19E-14,1.86E+07,,0.175105453,0.42959254,0.592391774
246.9905701,9.65E-07,5.19E-14,1.86E+07,,0.175105818,0.42959254,0.592390924
246.9927132,9.65E-07,5.19E-14,1.86E+07,,0.175106183,0.42959254,0.592390075
246.9948564,9.65E-07,5.19E-14,1.86E+07,,0.175106548,0.42959254,0.592389225
246.9969996,9.65E-07,5.19E-14,1.86E+07,,0.175106914,0.42959254,0.592388373
246.9991427,9.65E-07,5.19E-14,1.86E+07,,0.175107279,0.42959254,0.592387523
247.0012859,9.65E-07,5.19E-14,1.86E+07,,0.175107623,0.42959254,0.592386723
247.0034291,9.65E-07,5.19E-14,1.86E+07,,0.175107954,0.42959254,0.592385952
247.0055722,9.65E-07,5.19E-14,1.86E+07,,0.175108284,0.42959254,0.592385184
247.0077154,9.65E-07,5.19E-14,1.86E+07,,0.175108615,0.42959254,0.592384414
247.0098586,9.65E-07,5.19E-14,1.86E+07,,0.175108946,0.42959254,0.592383643
247.0120017,9.65E-07,5.19E-14,1.86E+07,,0.175109276,0.42959254,0.592382875
247.0141449,9.65E-07,5.19E-14,1.86E+07,,0.175109607,0.42959254,0.592382104
247.016288,9.65E-07,5.19E-14,1.86E+07,,0.175109937,0.42959254,0.592381336
247.0184312,9.65E-07,5.19E-14,1.86E+07,,0.175110268,0.42959254,0.592380566
247.0205744,9.65E-07,5.19E-14,1.86E+07,,0.175110598,0.42959254,0.592379798
247.0227175,9.65E-07,5.19E-14,1.86E+07,,0.175110929,0.42959254,0.592379027
247.0248607,9.65E-07,5.19E-14,1.86E+07,,0.175111259,0.42959254,0.592378259
247.0270039,9.65E-07,5.19E-14,1.86E+07,,0.17511159,0.42959254,0.592377488
247.029147,9.65E-07,5.19E-14,1.86E+07,,0.175111921,0.42959254,0.592376718
247.0312902,9.65E-07,5.19E-14,1.86E+07,,0.175112251,0.42959254,0.59237595
247.0334333,9.65E-07,5.19E-14,1.86E+07,,0.175112582,0.42959254,0.592375179
247.0355765,9.65E-07,5.19E-14,1.86E+07,,0.175112912,0.42959254,0.592374411
247.0377197,9.65E-07,5.19E-14,1.86E+07,,0.175113243,0.42959254,0.592373641
247.0398628,9.65E-07,5.19E-14,1.86E+07,,0.175113573,0.42959254,0.592372872
247.042006,9.65E-07,5.19E-14,1.86E+07,,0.175113904,0.42959254,0.592372102
247.0441492,9.65E-07,5.19E-14,1.86E+07,,0.175114234,0.42959254,0.592371334
247.0462923,9.65E-07,5.19E-14,1.86E+07,,0.175114565,0.42959254,0.592370563
247.0484355,9.65E-07,5.19E-14,1.86E+07,,0.175114896,0.42959254,0.592369793
247.0505787,9.65E-07,5.19E-14,1.86E+07,,0.175115226,0.42959254,0.592369025
247.0527218,9.65E-07,5.19E-14,1.86E+07,,0.175115557,0.42959254,0.592368254
247.054865,9.65E-07,5.19E-14,1.86E+07,,0.175115887,0.42959254,0.592367486
247.0570081,9.65E-07,5.19E-14,1.86E+07,,0.175116218,0.42959254,0.592366715
247.0591513,9.65E-07,5.19E-14,1.86E+07,,0.175116548,0.42959254,0.592365947
247.0612945,9.65E-07,5.19E-14,1.86E+07,,0.175116879,0.42959254,0.592365177
247.0634376,9.65E-07,5.19E-14,1.86E+07,,0.175117209,0.42959254,0.592364409
247.0655808,9.65E-07,5.19E-14,1.86E+07,,0.17511754,0.42959254,0.592363638
247.067724,9.65E-07,5.19E-14,1.86E+07,,0.175117871,0.42959254,0.592362868
247.0698671,9.65E-07,5.19E-14,1.86E+07,,0.175118201,0.42959254,0.592362099
247.0720103,9.65E-07,5.19E-14,1.86E+07,,0.175118532,0.42959254,0.592361329
247.0741535,9.65E-07,5.19E-14,1.86E+07,,0.175118862,0.42959254,0.592360561
247.0762966,9.65E-07,5.19E-14,1.86E+07,,0.175119193,0.42959254,0.59235979
247.0784398,9.65E-07,5.19E-14,1.86E+07,,0.175119523,0.42959254,0.592359022
247.0805829,9.65E-07,5.19E-14,1.86E+07,,0.175119854,0.42959254,0.592358252
247.0827261,9.65E-07,5.19E-14,1.86E+07,,0.175120185,0.42959254,0.592357481
247.0848693,9.65E-07,5.19E-14,1.86E+07,,0.175120515,0.42959254,0.592356713
247.0870124,9.65E-07,5.19E-14,1.86E+07,,0.175120846,0.42959254,0.592355942
247.0891556,9.65E-07,5.19E-14,1.86E+07,,0.175121176,0.42959254,0.592355174
247.0912988,9.65E-07,5.19E-14,1.86E+07,,0.175121507,0.42959254,0.592354404
247.0934419,9.65E-07,5.19E-14,1.86E+07,,0.175121837,0.42959254,0.592353636
247.0955851,9.65E-07,5.19E-14,1.86E+07,,0.175122168,0.42959254,0.592352865
247.0977282,9.65E-07,5.19E-14,1.86E+07,,0.175122498,0.42959254,0.592352097
247.0998714,9.65E-07,5.19E-14,1.86E+07,,0.175122829,0.42959254,0.592351326
247.1020146,9.65E-07,5.19E-14,1.86E+07,,0.17512316,0.42959254,0.592350556
247.1041577,9.65E-07,5.19E-14,1.86E+07,,0.17512349,0.42959254,0.592349788
247.1063009,9.65E-07,5.19E-14,1.86E+07,,0.175123821,0.42959254,0.592349017
247.1084441,9.65E-07,5.19E-14,1.86E+07,,0.175124151,0.42959254,0.592348249
247.1105872,9.65E-07,5.19E-14,1.86E+07,,0.175124482,0.42959254,0.592347479
247.1127304,9.65E-07,5.19E-14,1.86E+07,,0.175124812,0.42959254,0.59234671
247.1148736,9.65E-07,5.19E-14,1.86E+07,,0.175125143,0.42959254,0.59234594
247.1170167,9.65E-07,5.19E-14,1.86E+07,,0.175125473,0.42959254,0.592345172
247.1191599,9.65E-07,5.19E-14,1.86E+07,,0.175125804,0.42959254,0.592344401
247.121303,9.65E-07,5.19E-14,1.86E+07,,0.175126135,0.42959254,0.592343631
247.1234462,9.65E-07,5.19E-14,1.86E+07,,0.175126465,0.42959254,0.592342863
247.1255894,9.65E-07,5.19E-14,1.86E+07,,0.175126796,0.42959254,0.592342092
247.1277325,9.65E-07,5.19E-14,1.86E+07,,0.175127126,0.42959254,0.592341324
247.1298757,9.65E-07,5.19E-14,1.86E+07,,0.175127457,0.42959254,0.592340553
247.1320189,9.65E-07,5.19E-14,1.86E+07,,0.175127787,0.42959254,0.592339785
247.134162,9.65E-07,5.19E-14,1.86E+07,,0.175128118,0.42959254,0.592339015
247.1363052,9.65E-07,5.19E-14,1.86E+07,,0.175128448,0.42959254,0.592338247
247.1384483,9.65E-07,5.19E-14,1.86E+07,,0.175128779,0.42959254,0.592337476
247.1405915,9.65E-07,5.19E-14,1.86E+07,,0.17512911,0.42959254,0.592336706
247.1427347,9.65E-07,5.19E-14,1.86E+07,,0.17512944,0.42959254,0.592335937
247.1448778,9.65E-07,5.19E-14,1.86E+07,,0.175129771,0.42959254,0.592335167
247.147021,9.65E-07,5.19E-14,1.86E+07,,0.175130101,0.42959254,0.592334399
247.1491642,9.65E-07,5.19E-14,1.86E+07,,0.175130432,0.42959254,0.592333628
247.1513073,9.65E-07,5.19E-14,1.86E+07,,0.175130762,0.42959254,0.59233286
247.1534505,9.65E-07,5.19E-14,1.86E+07,,0.175131093,0.42959254,0.59233209
247.1555937,9.65E-07,5.19E-14,1.86E+07,,0.175131423,0.42959254,0.592331321
247.1577368,9.65E-07,5.19E-14,1.86E+07,,0.175131754,0.42959254,0.592330551
247.15988,9.65E-07,5.19E-14,1.86E+07,,0.175132085,0.42959254,0.59232978
247.1620231,9.65E-07,5.19E-14,1.86E+07,,0.175132415,0.42959254,0.592329012
247.1641663,9.65E-07,5.19E-14,1.86E+07,,0.175132746,0.42959254,0.592328242
247.1663095,9.65E-07,5.19E-14,1.86E+07,,0.175133076,0.42959254,0.592327474
247.1684526,9.65E-07,5.19E-14,1.86E+07,,0.175133407,0.42959254,0.592326703
247.1705958,9.65E-07,5.19E-14,1.86E+07,,0.175133737,0.42959254,0.592325935
247.172739,9.65E-07,5.19E-14,1.86E+07,,0.175134068,0.42959254,0.592325164
247.1748821,9.65E-07,5.19E-14,1.86E+07,,0.175134398,0.42959254,0.592324396
247.1770253,9.65E-07,5.19E-14,1.86E+07,,0.175134729,0.42959254,0.592323626
247.1791685,9.65E-07,5.19E-14,1.86E+07,,0.17513506,0.42959254,0.592322855
247.1813116,9.65E-07,5.19E-14,1.86E+07,,0.17513539,0.42959254,0.592322087
247.1834548,9.65E-07,5.19E-14,1.86E+07,,0.175135721,0.42959254,0.592321317
247.1855979,9.65E-07,5.19E-14,1.86E+07,,0.175136051,0.42959254,0.592320548
247.1877411,9.65E-07,5.19E-14,1.86E+07,,0.175136382,0.42959254,0.592319778
247.1898843,9.65E-07,5.19E-14,1.86E+07,,0.175136712,0.42959254,0.59231901
247.1920274,9.65E-07,5.19E-14,1.86E+07,,0.175137043,0.42959254,0.592318239
247.1941706,9.65E-07,5.19E-14,1.86E+07,,0.175137373,0.42959254,0.592317471
247.1963138,9.65E-07,5.19E-14,1.86E+07,,0.175137704,0.42959254,0.592316701
247.1984569,9.65E-07,5.19E-14,1.86E+07,,0.175138035,0.42959254,0.59231593
247.2006001,9.65E-07,5.19E-14,1.86E+07,,0.175138365,0.42959254,0.592315162
247.2027432,9.65E-07,5.19E-14,1.86E+07,,0.175138696,0.42959254,0.592314391
247.2048864,9.65E-07,5.19E-14,1.86E+07,,0.175139026,0.42959254,0.592313623
247.2070296,9.65E-07,5.19E-14,1.86E+07,,0.175139357,0.42959254,0.592312853
247.2091727,9.65E-07,5.19E-14,1.86E+07,,0.175139687,0.42959254,0.592312085
247.2113159,9.65E-07,5.19E-14,1.86E+07,,0.175140018,0.42959254,0.592311314
247.2134591,9.65E-07,5.19E-14,1.86E+07,,0.175140348,0.42959254,0.592310546
247.2156022,9.65E-07,5.19E-14,1.86E+07,,0.175140679,0.42959254,0.592309775
247.2177454,9.65E-07,5.19E-14,1.86E+07,,0.17514101,0.42959254,0.592309005
247.2198886,9.65E-07,5.19E-14,1.86E+07,,0.17514134,0.42959254,0.592308237
247.2220317,9.65E-07,5.19E-14,1.86E+07,,0.175141671,0.42959254,0.592307466
247.2241749,9.65E-07,5.19E-14,1.86E+07,,0.175142001,0.42959254,0.592306698
247.226318,9.65E-07,5.19E-14,1.86E+07,,0.175142332,0.42959254,0.592305928
247.2284612,9.65E-07,5.19E-14,1.86E+07,,0.175142662,0.42959254,0.592305159
247.2306044,9.65E-07,5.19E-14,1.86E+07,,0.175142993,0.42959254,0.592304389
247.2327475,9.65E-07,5.19E-14,1.86E+07,,0.175143324,0.42959254,0.592303618
247.2348907,9.65E-07,5.19E-14,1.86E+07,,0.175143654,0.42959254,0.59230285
247.2370339,9.65E-07,5.19E-14,1.86E+07,,0.175143985,0.42959254,0.59230208
247.239177,9.65E-07,5.19E-14,1.86E+07,,0.175144315,0.42959254,0.592301312
247.2413202,9.65E-07,5.19E-14,1.86E+07,,0.175144646,0.42959254,0.592300541
247.2434634,9.65E-07,5.19E-14,1.86E+07,,0.175144976,0.42959254,0.592299773
247.2456065,9.65E-07,5.19E-14,1.86E+07,,0.175145307,0.42959254,0.592299002
247.2477497,9.65E-07,5.19E-14,1.86E+07,,0.175145637,0.42959254,0.592298234
247.2498928,9.65E-07,5.19E-14,1.86E+07,,0.175145968,0.42959254,0.592297464
247.252036,9.65E-07,5.19E-14,1.86E+07,,0.175146299,0.42959254,0.592296693
247.2541792,9.65E-07,5.19E-14,1.86E+07,,0.175146629,0.42959254,0.592295925
247.2563223,9.65E-07,5.19E-14,1.86E+07,,0.17514696,0.42959254,0.592295155
247.2584655,9.65E-07,5.19E-14,1.86E+07,,0.17514729,0.42959254,0.592294386
247.2606087,9.65E-07,5.19E-14,1.86E+07,,0.175147621,0.42959254,0.592293616
247.2627518,9.65E-07,5.19E-14,1.86E+07,,0.175147951,0.42959254,0.592292848
247.264895,9.65E-07,5.19E-14,1.86E+07,,0.175148282,0.42959254,0.592292077
247.2670381,9.65E-07,5.19E-14,1.86E+07,,0.175148612,0.42959254,0.592291309
247.2691813,9.65E-07,5.19E-14,1.86E+07,,0.175148943,0.42959254,0.592290539
247.2713245,9.65E-07,5.19E-14,1.86E+07,,0.175149274,0.42959254,0.592289768
247.2734676,9.65E-07,5.19E-14,1.86E+07,,0.175149604,0.42959254,0.592289
247.2756108,9.65E-07,5.19E-14,1.86E+07,,0.175149935,0.42959254,0.592288229
247.277754,9.65E-07,5.19E-14,1.86E+07,,0.175150265,0.42959254,0.592287461
247.2798971,9.65E-07,5.19E-14,1.86E+07,,0.175150596,0.42959254,0.592286691
247.2820403,9.65E-07,5.19E-14,1.86E+07,,0.175150926,0.42959254,0.592285923
247.2841835,9.65E-07,5.19E-14,1.86E+07,,0.175151257,0.42959254,0.592285152
247.2863266,9.65E-07,5.19E-14,1.86E+07,,0.175151587,0.42959254,0.592284384
247.2884698,9.65E-07,5.19E-14,1.86E+07,,0.175151918,0.42959254,0.592283613
247.2906129,9.65E-07,5.19E-14,1.86E+07,,0.175152249,0.42959254,0.592282843
247.2927561,9.65E-07,5.19E-14,1.86E+07,,0.175152579,0.42959254,0.592282075
247.2948993,9.64E-07,5.19E-14,1.86E+07,,0.17515291,0.42959254,0.592281304
247.2970424,9.64E-07,5.19E-14,1.86E+07,,0.17515324,0.42959254,0.592280536
247.2991856,9.64E-07,5.19E-14,1.86E+07,,0.175153571,0.42959254,0.592279766
247.3013288,9.64E-07,5.19E-14,1.86E+07,,0.175153901,0.42959254,0.592278997
247.3034719,9.64E-07,5.19E-14,1.86E+07,,0.175154232,0.42959254,0.592278227
247.3056151,9.64E-07,5.19E-14,1.86E+07,,0.175154562,0.42959254,0.592277459
247.3077583,9.64E-07,5.19E-14,1.86E+07,,0.175154893,0.42959254,0.592276688
247.3099014,9.64E-07,5.19E-14,1.86E+07,,0.175155224,0.42959254,0.592275918
247.3120446,9.64E-07,5.19E-14,1.86E+07,,0.175155554,0.42959254,0.59227515
247.3141877,9.64E-07,5.19E-14,1.86E+07,,0.175155885,0.42959254,0.592274379
247.3163309,9.64E-07,5.19E-14,1.86E+07,,0.175156215,0.42959254,0.592273611
247.3184741,9.64E-07,5.19E-14,1.86E+07,,0.175156546,0.42959254,0.59227284
247.3206172,9.64E-07,5.19E-14,1.86E+07,,0.175156876,0.42959254,0.592272072
247.3227604,9.64E-07,5.19E-14,1.86E+07,,0.175157207,0.42959254,0.592271302
247.3249036,9.64E-07,5.19E-14,1.86E+07,,0.175157537,0.42959254,0.592270534
247.3270467,9.64E-07,5.19E-14,1.86E+07,,0.175157868,0.42959254,0.592269763
247.3291899,9.64E-07,5.19E-14,1.86E+07,,0.175158199,0.42959254,0.592268993
247.331333,9.64E-07,5.19E-14,1.86E+07,,0.175158529,0.42959254,0.592268224
247.3334762,9.64E-07,5.19E-14,1.86E+07,,0.17515886,0.42959254,0.592267454
247.3356194,9.64E-07,5.19E-14,1.86E+07,,0.17515919,0.42959254,0.592266686
247.3377625,9.64E-07,5.19E-14,1.86E+07,,0.175159521,0.42959254,0.592265915
247.3399057,9.64E-07,5.19E-14,1.86E+07,,0.175159851,0.42959254,0.592265147
247.3420489,9.64E-07,5.19E-14,1.86E+07,,0.175160182,0.42959254,0.592264377
247.344192,9.64E-07,5.19E-14,1.86E+07,,0.175160512,0.42959254,0.592263608
247.3463352,9.64E-07,5.19E-14,1.86E+07,,0.175160843,0.42959254,0.592262838
247.3484784,9.64E-07,5.19E-14,1.86E+07,,0.175161174,0.42959254,0.592262067
247.3506215,9.64E-07,5.19E-14,1.86E+07,,0.175161504,0.42959254,0.592261299
247.3527647,9.64E-07,5.19E-14,1.86E+07,,0.175161835,0.42959254,0.592260529
247.3549078,9.64E-07,5.19E-14,1.86E+07,,0.175162165,0.42959254,0.592259761
247.357051,9.64E-07,5.19E-14,1.86E+07,,0.175162496,0.42959254,0.59225899
247.3591942,9.64E-07,5.19E-14,1.86E+07,,0.175162826,0.42959254,0.592258222
247.3613373,9.64E-07,5.19E-14,1.86E+07,,0.175163157,0.42959254,0.592257451
247.3634805,9.64E-07,5.19E-14,1.86E+07,,0.175163488,0.42959254,0.592256681
247.3656237,9.64E-07,5.19E-14,1.86E+07,,0.175163818,0.42959254,0.592255913
247.3677668,9.64E-07,5.19E-14,1.86E+07,,0.175164149,0.42959254,0.592255142
247.36991,9.64E-07,5.19E-14,1.86E+07,,0.175164479,0.42959254,0.592254374
247.3720532,9.64E-07,5.19E-14,1.86E+07,,0.17516481,0.42959254,0.592253604
247.3741963,9.64E-07,5.19E-14,1.86E+07,,0.17516514,0.42959254,0.592252835
247.3763395,9.64E-07,5.19E-14,1.86E+07,,0.175165471,0.42959254,0.592252065
247.3784826,9.64E-07,5.19E-14,1.86E+07,,0.175165801,0.42959254,0.592251297
247.3806258,9.64E-07,5.19E-14,1.86E+07,,0.175166132,0.42959254,0.592250526
247.382769,9.64E-07,5.19E-14,1.86E+07,,0.175166463,0.42959254,0.592249756
247.3849121,9.64E-07,5.19E-14,1.86E+07,,0.175166793,0.42959254,0.592248988
247.3870553,9.64E-07,5.19E-14,1.86E+07,,0.175167124,0.42959254,0.592248217
247.3891985,9.64E-07,5.19E-14,1.86E+07,,0.175167454,0.42959254,0.592247449
247.3913416,9.64E-07,5.19E-14,1.86E+07,,0.175167785,0.42959254,0.592246678
247.3934848,9.64E-07,5.19E-14,1.86E+07,,0.175168115,0.42959254,0.59224591
247.3956279,9.64E-07,5.19E-14,1.86E+07,,0.175168446,0.42959254,0.59224514
247.3977711,9.64E-07,5.19E-14,1.86E+07,,0.175168776,0.42959254,0.592244372
247.3999143,9.64E-07,5.19E-14,1.86E+07,,0.175169107,0.42959254,0.592243601
247.4020574,9.64E-07,5.19E-14,1.86E+07,,0.175169438,0.42959254,0.592242831
247.4042006,9.64E-07,5.19E-14,1.86E+07,,0.175169768,0.42959254,0.592242062
247.4063438,9.64E-07,5.19E-14,1.86E+07,,0.175170099,0.42959254,0.592241292
247.4084869,9.64E-07,5.19E-14,1.86E+07,,0.175170429,0.42959254,0.592240524
247.4106301,9.64E-07,5.19E-14,1.86E+07,,0.17517076,0.42959254,0.592239753
247.4127733,9.64E-07,5.19E-14,1.86E+07,,0.17517109,0.42959254,0.592238985
247.4149164,9.64E-07,5.19E-14,1.86E+07,,0.175171421,0.42959254,0.592238215
247.4170596,9.64E-07,5.19E-14,1.86E+07,,0.175171751,0.42959254,0.592237446
247.4192027,9.64E-07,5.19E-14,1.86E+07,,0.175172082,0.42959254,0.592236676
247.4213459,9.64E-07,5.19E-14,1.86E+07,,0.175172413,0.42959254,0.592235905
247.4234891,9.64E-07,5.19E-14,1.86E+07,,0.175172743,0.42959254,0.592235137
247.4256322,9.64E-07,5.19E-14,1.86E+07,,0.175173074,0.42959254,0.592234367
247.4277754,9.64E-07,5.19E-14,1.86E+07,,0.175173404,0.42959254,0.592233599
247.4299186,9.64E-07,5.19E-14,1.86E+07,,0.175173735,0.42959254,0.592232828
247.4320617,9.64E-07,5.19E-14,1.86E+07,,0.175174065,0.42959254,0.59223206
247.4342049,9.64E-07,5.19E-14,1.86E+07,,0.175174396,0.42959254,0.592231289
247.436348,9.64E-07,5.19E-14,1.86E+07,,0.175174726,0.42959254,0.592230521
247.4384912,9.64E-07,5.19E-14,1.86E+07,,0.175175057,0.42959254,0.592229751
247.4406344,9.64E-07,5.19E-14,1.86E+07,,0.175175388,0.42959254,0.59222898
247.4427775,9.64E-07,5.19E-14,1.86E+07,,0.175175718,0.42959254,0.592228212
247.4449207,9.64E-07,5.19E-14,1.86E+07,,0.175176049,0.42959254,0.592227442
247.4470639,9.64E-07,5.19E-14,1.86E+07,,0.175176379,0.42959254,0.592226673
247.449207,9.64E-07,5.19E-14,1.86E+07,,0.17517671,0.42959254,0.592225903
247.4513502,9.64E-07,5.19E-14,1.86E+07,,0.17517704,0.42959254,0.592225135
247.4534934,9.64E-07,5.19E-14,1.86E+07,,0.175177371,0.42959254,0.592224364
247.4556365,9.64E-07,5.19E-14,1.86E+07,,0.175177701,0.42959254,0.592223596
247.4577797,9.64E-07,5.19E-14,1.86E+07,,0.175178032,0.42959254,0.592222826
247.4599228,9.64E-07,5.19E-14,1.86E+07,,0.175178363,0.42959254,0.592222055
247.462066,9.64E-07,5.19E-14,1.86E+07,,0.175178693,0.42959254,0.592221287
247.4642092,9.64E-07,5.19E-14,1.86E+07,,0.175179024,0.42959254,0.592220516
247.4663523,9.64E-07,5.19E-14,1.86E+07,,0.175179354,0.42959254,0.592219748
247.4684955,9.64E-07,5.19E-14,1.86E+07,,0.175179685,0.42959254,0.592218978
247.4706387,9.64E-07,5.19E-14,1.86E+07,,0.175180015,0.42959254,0.59221821
247.4727818,9.64E-07,5.19E-14,1.86E+07,,0.175180346,0.42959254,0.592217439
247.474925,9.64E-07,5.19E-14,1.86E+07,,0.175180676,0.42959254,0.592216671
247.4770682,9.64E-07,5.19E-14,1.86E+07,,0.175181007,0.42959254,0.5922159
247.4792113,9.64E-07,5.19E-14,1.86E+07,,0.175181338,0.42959254,0.59221513
247.4813545,9.64E-07,5.19E-14,1.86E+07,,0.175181668,0.42959254,0.592214362
247.4834976,9.64E-07,5.19E-14,1.86E+07,,0.175181999,0.42959254,0.592213591
247.4856408,9.64E-07,5.19E-14,1.86E+07,,0.175182329,0.42959254,0.592212823
247.487784,9.64E-07,5.19E-14,1.86E+07,,0.17518266,0.42959254,0.592212053
247.4899271,9.64E-07,5.19E-14,1.86E+07,,0.17518299,0.42959254,0.592211284
247.4920703,9.64E-07,5.19E-14,1.86E+07,,0.175183321,0.42959254,0.592210514
247.4942135,9.64E-07,5.19E-14,1.86E+07,,0.175183651,0.42959254,0.592209746
247.4963566,9.64E-07,5.19E-14,1.86E+07,,0.175183982,0.42959254,0.592208975
247.4984998,9.64E-07,5.19E-14,1.86E+07,,0.175184313,0.42959254,0.592208205
247.5006429,9.64E-07,5.19E-14,1.86E+07,,0.175184643,0.42959254,0.592207437
247.5027861,9.64E-07,5.19E-14,1.86E+07,,0.175184974,0.42959254,0.592206666
247.5049293,9.64E-07,5.19E-14,1.86E+07,,0.175185304,0.42959254,0.592205898
247.5070724,9.64E-07,5.19E-14,1.86E+07,,0.175185635,0.42959254,0.592205127
247.5092156,9.64E-07,5.19E-14,1.86E+07,,0.175185965,0.42959254,0.592204359
247.5113588,9.64E-07,5.19E-14,1.86E+07,,0.175186296,0.42959254,0.592203589
247.5135019,9.64E-07,5.19E-14,1.86E+07,,0.175186627,0.42959254,0.592202818
247.5156451,9.64E-07,5.19E-14,1.86E+07,,0.175186957,0.42959254,0.59220205
247.5177883,9.64E-07,5.19E-14,1.86E+07,,0.175187288,0.42959254,0.59220128
247.5199314,9.64E-07,5.19E-14,1.86E+07,,0.175187618,0.42959254,0.592200511
247.5220746,9.64E-07,5.19E-14,1.86E+07,,0.175187949,0.42959254,0.592199741
247.5242177,9.64E-07,5.19E-14,1.86E+07,,0.175188279,0.42959254,0.592198973
247.5263609,9.64E-07,5.19E-14,1.86E+07,,0.17518861,0.42959254,0.592198202
247.5285041,9.64E-07,5.19E-14,1.86E+07,,0.17518894,0.42959254,0.592197434
247.5306472,9.64E-07,5.19E-14,1.86E+07,,0.175189271,0.42959254,0.592196664
247.5327904,9.64E-07,5.19E-14,1.86E+07,,0.175189602,0.42959254,0.592195893
247.5349336,9.64E-07,5.19E-14,1.86E+07,,0.175189932,0.42959254,0.592195125
247.5370767,9.64E-07,5.19E-14,1.86E+07,,0.175190263,0.42959254,0.592194354
247.5392199,9.64E-07,5.19E-14,1.86E+07,,0.175190593,0.42959254,0.592193586
247.5413631,9.64E-07,5.19E-14,1.86E+07,,0.175190924,0.42959254,0.592192816
247.5435062,9.64E-07,5.19E-14,1.86E+07,,0.175191254,0.42959254,0.592192048
247.5456494,9.64E-07,5.19E-14,1.86E+07,,0.175191585,0.42959254,0.592191277
247.5477925,9.64E-07,5.19E-14,1.86E+07,,0.175191915,0.42959254,0.592190509
247.5499357,9.64E-07,5.19E-14,1.86E+07,,0.175192246,0.42959254,0.592189738
247.5520789,9.64E-07,5.19E-14,1.86E+07,,0.175192577,0.42959254,0.592188968
247.554222,9.64E-07,5.19E-14,1.86E+07,,0.175192907,0.42959254,0.5921882
247.5563652,9.64E-07,5.19E-14,1.86E+07,,0.175193238,0.42959254,0.592187429
247.5585084,9.64E-07,5.19E-14,1.86E+07,,0.175193568,0.42959254,0.592186661
247.5606515,9.64E-07,5.19E-14,1.86E+07,,0.175193899,0.42959254,0.592185891
247.5627947,9.64E-07,5.19E-14,1.86E+07,,0.175194229,0.42959254,0.592185122
247.5649378,9.64E-07,5.19E-14,1.86E+07,,0.17519456,0.42959254,0.592184352
247.567081,9.64E-07,5.19E-14,1.86E+07,,0.17519489,0.42959254,0.592183584
247.5692242,9.64E-07,5.19E-14,1.86E+07,,0.175195221,0.42959254,0.592182813
247.5713673,9.64E-07,5.19E-14,1.86E+07,,0.175195552,0.42959254,0.592182043
247.5735105,9.64E-07,5.19E-14,1.86E+07,,0.175195882,0.42959254,0.592181275
247.5756537,9.64E-07,5.19E-14,1.86E+07,,0.175196213,0.42959254,0.592180504
247.5777968,9.64E-07,5.19E-14,1.86E+07,,0.175196543,0.42959254,0.592179736
247.57994,9.64E-07,5.19E-14,1.86E+07,,0.175196874,0.42959254,0.592178965
247.5820832,9.64E-07,5.19E-14,1.86E+07,,0.175197204,0.42959254,0.592178197
247.5842263,9.64E-07,5.19E-14,1.86E+07,,0.175197535,0.42959254,0.592177427
247.5863695,9.64E-07,5.19E-14,1.86E+07,,0.175197865,0.42959254,0.592176659
247.5885126,9.64E-07,5.19E-14,1.86E+07,,0.175198196,0.42959254,0.592175888
247.5906558,9.64E-07,5.19E-14,1.86E+07,,0.175198527,0.42959254,0.592175118
247.592799,9.64E-07,5.19E-14,1.86E+07,,0.175198857,0.42959254,0.592174349
247.5949421,9.64E-07,5.19E-14,1.86E+07,,0.175199188,0.42959254,0.592173579
247.5970853,9.64E-07,5.19E-14,1.86E+07,,0.175199518,0.42959254,0.592172811
247.5992285,9.64E-07,5.19E-14,1.86E+07,,0.175199849,0.42959254,0.59217204
247.6013716,9.64E-07,5.19E-14,1.86E+07,,0.175200179,0.42959254,0.592171272
247.6035148,9.64E-07,5.19E-14,1.86E+07,,0.17520051,0.42959254,0.592170502
247.605658,9.64E-07,5.19E-14,1.86E+07,,0.17520084,0.42959254,0.592169733
247.6078011,9.64E-07,5.19E-14,1.86E+07,,0.175201171,0.42959254,0.592168963
247.6099443,9.64E-07,5.19E-14,1.86E+07,,0.175201502,0.42959254,0.592168192
247.6120874,9.64E-07,5.19E-14,1.86E+07,,0.175201832,0.42959254,0.592167424
247.6142306,9.63E-07,5.19E-14,1.86E+07,,0.175202163,0.42959254,0.592166654
247.6163738,9.63E-07,5.19E-14,1.86E+07,,0.175202493,0.42959254,0.592165886
247.6185169,9.63E-07,5.19E-14,1.86E+07,,0.175202824,0.42959254,0.592165115
247.6206601,9.63E-07,5.19E-14,1.86E+07,,0.175203154,0.42959254,0.592164347
247.6228033,9.63E-07,5.19E-14,1.86E+07,,0.175203485,0.42959254,0.592163576
247.6249464,9.63E-07,5.19E-14,1.86E+07,,0.175203815,0.42959254,0.592162808
247.6270896,9.63E-07,5.19E-14,1.86E+07,,0.175204146,0.42959254,0.592162038
247.6292327,9.63E-07,5.19E-14,1.86E+07,,0.175204477,0.42959254,0.592161267
247.6313759,9.63E-07,5.19E-14,1.86E+07,,0.175204807,0.42959254,0.592160499
247.6335191,9.63E-07,5.19E-14,1.86E+07,,0.175205138,0.42959254,0.592159729
247.6356622,9.63E-07,5.19E-14,1.86E+07,,0.175205468,0.42959254,0.59215896
247.6378054,9.63E-07,5.19E-14,1.86E+07,,0.175205799,0.42959254,0.59215819
247.6399486,9.63E-07,5.19E-14,1.86E+07,,0.175206129,0.42959254,0.592157422
247.6420917,9.63E-07,5.19E-14,1.86E+07,,0.17520646,0.42959254,0.592156651
247.6442349,9.63E-07,5.19E-14,1.86E+07,,0.175206791,0.42959254,0.592155881
247.6463781,9.63E-07,5.19E-14,1.86E+07,,0.175207121,0.42959254,0.592155113
247.6485212,9.63E-07,5.19E-14,1.86E+07,,0.175207452,0.42959254,0.592154342
247.6506644,9.63E-07,5.19E-14,1.86E+07,,0.175207782,0.42959254,0.592153574
247.6528075,9.63E-07,5.19E-14,1.86E+07,,0.175208113,0.42959254,0.592152803
247.6549507,9.63E-07,5.19E-14,1.86E+07,,0.175208443,0.42959254,0.592152035
247.6570939,9.63E-07,5.19E-14,1.86E+07,,0.175208774,0.42959254,0.592151265
247.659237,9.63E-07,5.19E-14,1.86E+07,,0.175209104,0.42959254,0.592150497
247.6613802,9.63E-07,5.19E-14,1.86E+07,,0.175209435,0.42959254,0.592149726
247.6635234,9.63E-07,5.19E-14,1.86E+07,,0.175209766,0.42959254,0.592148956
247.6656665,9.63E-07,5.19E-14,1.86E+07,,0.175210096,0.42959254,0.592148187
247.6678097,9.63E-07,5.19E-14,1.86E+07,,0.175210427,0.42959254,0.592147417
247.6699529,9.63E-07,5.19E-14,1.86E+07,,0.175210757,0.42959254,0.592146649
247.672096,9.63E-07,5.19E-14,1.86E+07,,0.175211088,0.42959254,0.592145878
247.6742392,9.63E-07,5.19E-14,1.86E+07,,0.175211418,0.42959254,0.59214511
247.6763823,9.63E-07,5.19E-14,1.86E+07,,0.175211749,0.42959254,0.59214434
247.6785255,9.63E-07,5.19E-14,1.86E+07,,0.175212079,0.42959254,0.592143571
247.6806687,9.63E-07,5.19E-14,1.86E+07,,0.17521241,0.42959254,0.592142801
247.6828118,9.63E-07,5.19E-14,1.86E+07,,0.175212741,0.42959254,0.59214203
247.684955,9.63E-07,5.19E-14,1.86E+07,,0.175213071,0.42959254,0.592141262
247.6870982,9.63E-07,5.19E-14,1.86E+07,,0.175213402,0.42959254,0.592140492
247.6892413,9.63E-07,5.19E-14,1.86E+07,,0.175213732,0.42959254,0.592139724
247.6913845,9.63E-07,5.19E-14,1.86E+07,,0.175214063,0.42959254,0.592138953
247.6935276,9.63E-07,5.19E-14,1.86E+07,,0.175214393,0.42959254,0.592138185
247.6956708,9.63E-07,5.19E-14,1.86E+07,,0.175214724,0.42959254,0.592137414
247.697814,9.63E-07,5.19E-14,1.86E+07,,0.175215054,0.42959254,0.592136646
247.6999571,9.63E-07,5.19E-14,1.86E+07,,0.175215385,0.42959254,0.592135876
247.7021003,9.63E-07,5.19E-14,1.86E+07,,0.175215716,0.42959254,0.592135105
247.7042435,9.63E-07,5.19E-14,1.86E+07,,0.175216046,0.42959254,0.592134337
247.7063866,9.63E-07,5.19E-14,1.86E+07,,0.175216377,0.42959254,0.592133567
247.7085298,9.63E-07,5.19E-14,1.86E+07,,0.175216707,0.42959254,0.592132798
247.710673,9.63E-07,5.19E-14,1.86E+07,,0.175217038,0.42959254,0.592132028
247.7128161,9.63E-07,5.19E-14,1.86E+07,,0.175217368,0.42959254,0.59213126
247.7149593,9.63E-07,5.19E-14,1.86E+07,,0.175217699,0.42959254,0.592130489
247.7171024,9.63E-07,5.19E-14,1.86E+07,,0.175218029,0.42959254,0.592129721
247.7192456,9.63E-07,5.19E-14,1.86E+07,,0.17521836,0.42959254,0.592128951
247.7213888,9.63E-07,5.19E-14,1.86E+07,,0.175218691,0.42959254,0.59212818
247.7235319,9.63E-07,5.19E-14,1.86E+07,,0.175219021,0.42959254,0.592127412
247.7256751,9.63E-07,5.19E-14,1.86E+07,,0.175219352,0.42959254,0.592126641
247.7278183,9.63E-07,5.19E-14,1.86E+07,,0.175219682,0.42959254,0.592125873
247.7299614,9.63E-07,5.19E-14,1.86E+07,,0.175220013,0.42959254,0.592125103
247.7321046,9.63E-07,5.19E-14,1.86E+07,,0.175220343,0.42959254,0.592124335
247.7342477,9.63E-07,5.19E-14,1.86E+07,,0.175220674,0.42959254,0.592123564
247.7363909,9.63E-07,5.19E-14,1.86E+07,,0.175221004,0.42959254,0.592122796
247.7385341,9.63E-07,5.19E-14,1.86E+07,,0.175221335,0.42959254,0.592122025
247.7406772,9.63E-07,5.19E-14,1.86E+07,,0.175221666,0.42959254,0.592121255
247.7428204,9.63E-07,5.19E-14,1.86E+07,,0.175221996,0.42959254,0.592120487
247.7449636,9.63E-07,5.19E-14,1.86E+07,,0.175222327,0.42959254,0.592119716
247.7471067,9.63E-07,5.19E-14,1.86E+07,,0.175222657,0.42959254,0.592118948
247.7492499,9.63E-07,5.19E-14,1.86E+07,,0.175222988,0.42959254,0.592118178
247.7513931,9.63E-07,5.19E-14,1.86E+07,,0.175223318,0.42959254,0.592117409
247.7535362,9.63E-07,5.19E-14,1.86E+07,,0.175223649,0.42959254,0.592116639
247.7556794,9.63E-07,5.19E-14,1.86E+07,,0.175223979,0.42959254,0.592115871
247.7578225,9.63E-07,5.19E-14,1.86E+07,,0.17522431,0.42959254,0.5921151
247.7599657,9.63E-07,5.19E-14,1.86E+07,,0.175224641,0.42959254,0.59211433
247.7621089,9.63E-07,5.19E-14,1.86E+07,,0.175224971,0.42959254,0.592113562
247.764252,9.63E-07,5.19E-14,1.86E+07,,0.175225302,0.42959254,0.592112791
247.7663952,9.63E-07,5.19E-14,1.86E+07,,0.175225632,0.42959254,0.592112023
247.7685384,9.63E-07,5.19E-14,1.86E+07,,0.175225963,0.42959254,0.592111252
247.7706815,9.63E-07,5.19E-14,1.86E+07,,0.175226293,0.42959254,0.592110484
247.7728247,9.63E-07,5.19E-14,1.86E+07,,0.175226624,0.42959254,0.592109714
247.7749679,9.63E-07,5.19E-14,1.86E+07,,0.175226954,0.42959254,0.592108946
247.777111,9.63E-07,5.19E-14,1.86E+07,,0.175227285,0.42959254,0.592108175
247.7792542,9.63E-07,5.19E-14,1.86E+07,,0.175227616,0.42959254,0.592107405
247.7813973,9.63E-07,5.19E-14,1.86E+07,,0.175227946,0.42959254,0.592106636
247.7835405,9.63E-07,5.19E-14,1.86E+07,,0.175228277,0.42959254,0.592105866
247.7856837,9.63E-07,5.19E-14,1.86E+07,,0.175228607,0.42959254,0.592105098
247.7878268,9.63E-07,5.19E-14,1.86E+07,,0.175228938,0.42959254,0.592104327
247.78997,9.63E-07,5.19E-14,1.86E+07,,0.175229268,0.42959254,0.592103559
247.7921132,9.63E-07,5.19E-14,1.86E+07,,0.175229599,0.42959254,0.592102789
247.7942563,9.63E-07,5.19E-14,1.86E+07,,0.17522993,0.42959254,0.592102018
247.7963995,9.63E-07,5.19E-14,1.86E+07,,0.17523026,0.42959254,0.59210125
247.7985426,9.63E-07,5.19E-14,1.86E+07,,0.175230591,0.42959254,0.592100479
247.8006858,9.63E-07,5.19E-14,1.86E+07,,0.175230921,0.42959254,0.592099711
247.802829,9.63E-07,5.19E-14,1.86E+07,,0.175231252,0.42959254,0.592098941
247.8049721,9.63E-07,5.19E-14,1.86E+07,,0.175231582,0.42959254,0.592098173
247.8071153,9.63E-07,5.19E-14,1.86E+07,,0.175231913,0.42959254,0.592097402
247.8092585,9.63E-07,5.19E-14,1.86E+07,,0.175232243,0.42959254,0.592096634
247.8114016,9.63E-07,5.19E-14,1.86E+07,,0.175232574,0.42959254,0.592095863
247.8135448,9.63E-07,5.19E-14,1.86E+07,,0.175232905,0.42959254,0.592095093
247.815688,9.63E-07,5.19E-14,1.86E+07,,0.175233235,0.42959254,0.592094325
247.8178311,9.63E-07,5.19E-14,1.86E+07,,0.175233566,0.42959254,0.592093554
247.8199743,9.63E-07,5.19E-14,1.86E+07,,0.175233896,0.42959254,0.592092786
247.8221174,9.63E-07,5.19E-14,1.86E+07,,0.175234227,0.42959254,0.592092016
247.8242606,9.63E-07,5.19E-14,1.86E+07,,0.175234557,0.42959254,0.592091247
247.8264038,9.63E-07,5.19E-14,1.86E+07,,0.175234888,0.42959254,0.592090477
247.8285469,9.63E-07,5.19E-14,1.86E+07,,0.175235218,0.42959254,0.592089709
247.8306901,9.63E-07,5.19E-14,1.86E+07,,0.175235549,0.42959254,0.592088938
247.8328333,9.63E-07,5.19E-14,1.86E+07,,0.17523588,0.42959254,0.592088168
247.8349764,9.63E-07,5.19E-14,1.86E+07,,0.17523621,0.42959254,0.5920874
247.8371196,9.63E-07,5.19E-14,1.86E+07,,0.175236541,0.42959254,0.592086629
247.8392628,9.63E-07,5.19E-14,1.86E+07,,0.175236871,0.42959254,0.592085861
247.8414059,9.63E-07,5.19E-14,1.86E+07,,0.175237202,0.42959254,0.59208509
247.8435491,9.63E-07,5.19E-14,1.86E+07,,0.175237532,0.42959254,0.592084322
247.8456922,9.63E-07,5.19E-14,1.86E+07,,0.175237863,0.42959254,0.592083552
247.8478354,9.63E-07,5.19E-14,1.86E+07,,0.175238193,0.42959254,0.592082784
247.8499786,9.63E-07,5.19E-14,1.86E+07,,0.175238524,0.42959254,0.592082013
247.8521217,9.63E-07,5.19E-14,1.86E+07,,0.175238855,0.42959254,0.592081243
247.8542649,9.63E-07,5.19E-14,1.86E+07,,0.175239185,0.42959254,0.592080474
247.8564081,9.63E-07,5.19E-14,1.86E+07,,0.175239516,0.42959254,0.592079704
247.8585512,9.63E-07,5.19E-14,1.86E+07,,0.175239846,0.42959254,0.592078936
247.8606944,9.63E-07,5.19E-14,1.86E+07,,0.175240177,0.42959254,0.592078165
247.8628375,9.63E-07,5.19E-14,1.86E+07,,0.175240507,0.42959254,0.592077397
247.8649807,9.63E-07,5.19E-14,1.86E+07,,0.175240838,0.42959254,0.592076627
247.8671239,9.63E-07,5.19E-14,1.86E+07,,0.175241168,0.42959254,0.592075858
247.869267,9.63E-07,5.19E-14,1.86E+07,,0.175241499,0.42959254,0.592075088
247.8714102,9.63E-07,5.19E-14,1.86E+07,,0.17524183,0.42959254,0.592074317
247.8735534,9.63E-07,5.19E-14,1.86E+07,,0.17524216,0.42959254,0.592073549
247.8756965,9.63E-07,5.19E-14,1.86E+07,,0.175242491,0.42959254,0.592072779
247.8778397,9.63E-07,5.19E-14,1.86E+07,,0.175242821,0.42959254,0.592072011
247.8799829,9.63E-07,5.19E-14,1.86E+07,,0.175243152,0.42959254,0.59207124
247.882126,9.63E-07,5.19E-14,1.86E+07,,0.175243482,0.42959254,0.592070472
247.8842692,9.63E-07,5.19E-14,1.86E+07,,0.175243813,0.42959254,0.592069701
247.8864123,9.63E-07,5.19E-14,1.86E+07,,0.175244143,0.42959254,0.592068933
247.8885555,9.63E-07,5.19E-14,1.86E+07,,0.175244474,0.42959254,0.592068163
247.8906987,9.63E-07,5.19E-14,1.86E+07,,0.175244805,0.42959254,0.592067392
247.8928418,9.63E-07,5.19E-14,1.86E+07,,0.175245135,0.42959254,0.592066624
247.894985,9.63E-07,5.19E-14,1.86E+07,,0.175245466,0.42959254,0.592065854
247.8971282,9.63E-07,5.19E-14,1.86E+07,,0.175245796,0.42959254,0.592065085
247.8992713,9.63E-07,5.19E-14,1.86E+07,,0.175246127,0.42959254,0.592064315
247.9014145,9.63E-07,5.19E-14,1.86E+07,,0.175246457,0.42959254,0.592063547
247.9035577,9.63E-07,5.19E-14,1.86E+07,,0.175246788,0.42959254,0.592062776
247.9057008,9.63E-07,5.19E-14,1.86E+07,,0.175247118,0.42959254,0.592062008
247.907844,9.63E-07,5.19E-14,1.86E+07,,0.175247449,0.42959254,0.592061238
247.9099871,9.63E-07,5.19E-14,1.86E+07,,0.17524778,0.42959254,0.592060467
247.9121303,9.63E-07,5.19E-14,1.86E+07,,0.17524811,0.42959254,0.592059699
247.9142735,9.63E-07,5.19E-14,1.86E+07,,0.175248441,0.42959254,0.592058928
247.9164166,9.63E-07,5.19E-14,1.86E+07,,0.175248771,0.42959254,0.59205816
247.9185598,9.63E-07,5.19E-14,1.86E+07,,0.175249102,0.42959254,0.59205739
247.920703,9.63E-07,5.19E-14,1.86E+07,,0.175249432,0.42959254,0.592056622
247.9228461,9.63E-07,5.19E-14,1.86E+07,,0.175249763,0.42959254,0.592055851
247.9249893,9.63E-07,5.19E-14,1.86E+07,,0.175250093,0.42959254,0.592055083
247.9271324,9.63E-07,5.19E-14,1.86E+07,,0.175250424,0.42959254,0.592054312
247.9292756,9.63E-07,5.19E-14,1.86E+07,,0.175250755,0.42959254,0.592053542
247.9314188,9.63E-07,5.19E-14,1.86E+07,,0.175251085,0.42959254,0.592052774
247.9335619,9.62E-07,5.19E-14,1.85E+07,,0.175251416,0.42959254,0.592052003
247.9357051,9.62E-07,5.19E-14,1.85E+07,,0.175251746,0.42959254,0.592051235
247.9378483,9.62E-07,5.19E-14,1.85E+07,,0.175252077,0.42959254,0.592050465
247.9399914,9.62E-07,5.19E-14,1.85E+07,,0.175252407,0.42959254,0.592049696
247.9421346,9.62E-07,5.19E-14,1.85E+07,,0.175252738,0.42959254,0.592048926
247.9442778,9.62E-07,5.19E-14,1.85E+07,,0.175253069,0.42959254,0.592048155
247.9464209,9.62E-07,5.19E-14,1.85E+07,,0.175253399,0.42959254,0.592047387
247.9485641,9.62E-07,5.19E-14,1.85E+07,,0.17525373,0.42959254,0.592046617
247.9507072,9.62E-07,5.19E-14,1.85E+07,,0.17525406,0.42959254,0.592045849
247.9528504,9.62E-07,5.19E-14,1.85E+07,,0.175254391,0.42959254,0.592045078
247.9549936,9.62E-07,5.19E-14,1.85E+07,,0.175254721,0.42959254,0.59204431
247.9571367,9.62E-07,5.19E-14,1.85E+07,,0.175255052,0.42959254,0.592043539
247.9592799,9.62E-07,5.19E-14,1.85E+07,,0.175255382,0.42959254,0.592042771
247.9614231,9.62E-07,5.19E-14,1.85E+07,,0.175255713,0.42959254,0.592042001
247.9635662,9.62E-07,5.19E-14,1.85E+07,,0.175256044,0.42959254,0.59204123
247.9657094,9.62E-07,5.19E-14,1.85E+07,,0.175256374,0.42959254,0.592040462
247.9678526,9.62E-07,5.19E-14,1.85E+07,,0.175256705,0.42959254,0.592039692
247.9699957,9.62E-07,5.19E-14,1.85E+07,,0.175257035,0.42959254,0.592038923
247.9721389,9.62E-07,5.19E-14,1.85E+07,,0.175257366,0.42959254,0.592038153
247.974282,9.62E-07,5.19E-14,1.85E+07,,0.175257696,0.42959254,0.592037385
247.9764252,9.62E-07,5.19E-14,1.85E+07,,0.175258027,0.42959254,0.592036614
247.9785684,9.62E-07,5.19E-14,1.85E+07,,0.175258357,0.42959254,0.592035846
247.9807115,9.62E-07,5.19E-14,1.85E+07,,0.175258688,0.42959254,0.592035076
247.9828547,9.62E-07,5.19E-14,1.85E+07,,0.175259019,0.42959254,0.592034305
247.9849979,9.62E-07,5.19E-14,1.85E+07,,0.175259349,0.42959254,0.592033537
247.987141,9.62E-07,5.19E-14,1.85E+07,,0.17525968,0.42959254,0.592032766
247.9892842,9.62E-07,5.19E-14,1.85E+07,,0.17526001,0.42959254,0.592031998
247.9914273,9.62E-07,5.19E-14,1.85E+07,,0.175260341,0.42959254,0.592031228
247.9935705,9.62E-07,5.19E-14,1.85E+07,,0.175260671,0.42959254,0.59203046
247.9957137,9.62E-07,5.19E-14,1.85E+07,,0.175261002,0.42959254,0.592029689
247.9978568,9.62E-07,5.19E-14,1.85E+07,,0.175261332,0.42959254,0.592028921
248,9.62E-07,5.19E-14,1.85E+07,,0.175261663,0.42959254,0.59202815
248.0021432,9.62E-07,5.19E-14,1.85E+07,,0.175261958,0.42959254,0.592027464
248.0042863,9.62E-07,5.19E-14,1.85E+07,,0.175262253,0.42959254,0.592026777
248.0064295,9.62E-07,5.19E-14,1.85E+07,,0.175262548,0.42959254,0.59202609
248.0085727,9.62E-07,5.19E-14,1.85E+07,,0.175262843,0.42959254,0.592025404
248.0107158,9.62E-07,5.19E-14,1.85E+07,,0.175263138,0.42959254,0.592024717
248.012859,9.62E-07,5.19E-14,1.85E+07,,0.175263433,0.42959254,0.59202403
248.0150021,9.62E-07,5.19E-14,1.85E+07,,0.175263728,0.42959254,0.592023343
248.0171453,9.62E-07,5.19E-14,1.85E+07,,0.175264023,0.42959254,0.592022657
248.0192885,9.62E-07,5.19E-14,1.85E+07,,0.175264318,0.42959254,0.59202197
248.0214316,9.62E-07,5.19E-14,1.85E+07,,0.175264613,0.42959254,0.592021283
248.0235748,9.62E-07,5.19E-14,1.85E+07,,0.175264908,0.42959254,0.592020597
248.025718,9.62E-07,5.19E-14,1.85E+07,,0.175265203,0.42959254,0.59201991
248.0278611,9.62E-07,5.19E-14,1.85E+07,,0.175265498,0.42959254,0.592019223
248.0300043,9.62E-07,5.19E-14,1.85E+07,,0.175265792,0.42959254,0.592018539
248.0321474,9.62E-07,5.19E-14,1.85E+07,,0.175266087,0.42959254,0.592017852
248.0342906,9.62E-07,5.19E-14,1.85E+07,,0.175266382,0.42959254,0.592017166
248.0364338,9.62E-07,5.19E-14,1.85E+07,,0.175266677,0.42959254,0.592016479
248.0385769,9.62E-07,5.19E-14,1.85E+07,,0.175266972,0.42959254,0.592015792
248.0407201,9.62E-07,5.19E-14,1.85E+07,,0.175267267,0.42959254,0.592015105
248.0428633,9.62E-07,5.19E-14,1.85E+07,,0.175267562,0.42959254,0.592014419
248.0450064,9.62E-07,5.19E-14,1.85E+07,,0.175267857,0.42959254,0.592013732
248.0471496,9.62E-07,5.19E-14,1.85E+07,,0.175268152,0.42959254,0.592013045
248.0492928,9.62E-07,5.19E-14,1.85E+07,,0.175268447,0.42959254,0.592012359
248.0514359,9.62E-07,5.19E-14,1.85E+07,,0.175268742,0.42959254,0.592011672
248.0535791,9.62E-07,5.19E-14,1.85E+07,,0.175269037,0.42959254,0.592010985
248.0557222,9.62E-07,5.19E-14,1.85E+07,,0.175269332,0.42959254,0.592010299
248.0578654,9.62E-07,5.19E-14,1.85E+07,,0.175269627,0.42959254,0.592009612
248.0600086,9.62E-07,5.19E-14,1.85E+07,,0.175269922,0.42959254,0.592008925
248.0621517,9.62E-07,5.19E-14,1.85E+07,,0.175270217,0.42959254,0.592008238
248.0642949,9.62E-07,5.19E-14,1.85E+07,,0.175270512,0.42959254,0.592007552
248.0664381,9.62E-07,5.19E-14,1.85E+07,,0.175270807,0.42959254,0.592006865
248.0685812,9.62E-07,5.19E-14,1.85E+07,,0.175271102,0.42959254,0.592006178
248.0707244,9.62E-07,5.19E-14,1.85E+07,,0.175271397,0.42959254,0.592005492
248.0728676,9.62E-07,5.19E-14,1.85E+07,,0.175271692,0.42959254,0.592004805
248.0750107,9.62E-07,5.19E-14,1.85E+07,,0.175271987,0.42959254,0.592004118
248.0771539,9.62E-07,5.19E-14,1.85E+07,,0.175272282,0.42959254,0.592003432
248.079297,9.62E-07,5.19E-14,1.85E+07,,0.175272577,0.42959254,0.592002745
248.0814402,9.62E-07,5.19E-14,1.85E+07,,0.175272872,0.42959254,0.592002058
248.0835834,9.62E-07,5.19E-14,1.85E+07,,0.175273167,0.42959254,0.592001372
248.0857265,9.62E-07,5.19E-14,1.85E+07,,0.175273462,0.42959254,0.592000685
248.0878697,9.62E-07,5.19E-14,1.85E+07,,0.175273757,0.42959254,0.591999998
248.0900129,9.62E-07,5.19E-14,1.85E+07,,0.175274051,0.42959254,0.591999314
248.092156,9.62E-07,5.19E-14,1.85E+07,,0.175274346,0.42959254,0.591998627
248.0942992,9.62E-07,5.19E-14,1.85E+07,,0.175274641,0.42959254,0.59199794
248.0964423,9.62E-07,5.19E-14,1.85E+07,,0.175274936,0.42959254,0.591997254
248.0985855,9.62E-07,5.19E-14,1.85E+07,,0.175275231,0.42959254,0.591996567
248.1007287,9.62E-07,5.19E-14,1.85E+07,,0.175275526,0.42959254,0.59199588
248.1028718,9.62E-07,5.19E-14,1.85E+07,,0.175275821,0.42959254,0.591995194
248.105015,9.62E-07,5.19E-14,1.85E+07,,0.175276116,0.42959254,0.591994507
248.1071582,9.62E-07,5.19E-14,1.85E+07,,0.175276411,0.42959254,0.59199382
248.1093013,9.62E-07,5.19E-14,1.85E+07,,0.175276706,0.42959254,0.591993133
248.1114445,9.62E-07,5.19E-14,1.85E+07,,0.175277001,0.42959254,0.591992447
248.1135877,9.62E-07,5.19E-14,1.85E+07,,0.175277296,0.42959254,0.59199176
248.1157308,9.62E-07,5.19E-14,1.85E+07,,0.175277591,0.42959254,0.591991073
248.117874,9.62E-07,5.19E-14,1.85E+07,,0.175277886,0.42959254,0.591990387
248.1200171,9.62E-07,5.19E-14,1.85E+07,,0.175278181,0.42959254,0.5919897
248.1221603,9.62E-07,5.19E-14,1.85E+07,,0.175278476,0.42959254,0.591989013
248.1243035,9.62E-07,5.19E-14,1.85E+07,,0.175278771,0.42959254,0.591988327
248.1264466,9.62E-07,5.19E-14,1.85E+07,,0.175279066,0.42959254,0.59198764
248.1285898,9.62E-07,5.19E-14,1.85E+07,,0.175279361,0.42959254,0.591986953
248.130733,9.62E-07,5.19E-14,1.85E+07,,0.175279656,0.42959254,0.591986266
248.1328761,9.62E-07,5.19E-14,1.85E+07,,0.175279951,0.42959254,0.59198558
248.1350193,9.62E-07,5.19E-14,1.85E+07,,0.175280246,0.42959254,0.591984893
248.1371625,9.62E-07,5.19E-14,1.85E+07,,0.175280541,0.42959254,0.591984206
248.1393056,9.62E-07,5.19E-14,1.85E+07,,0.175280836,0.42959254,0.59198352
248.1414488,9.62E-07,5.19E-14,1.85E+07,,0.175281131,0.42959254,0.591982833
248.1435919,9.62E-07,5.19E-14,1.85E+07,,0.175281426,0.42959254,0.591982146
248.1457351,9.62E-07,5.19E-14,1.85E+07,,0.175281721,0.42959254,0.59198146
248.1478783,9.62E-07,5.19E-14,1.85E+07,,0.175282015,0.42959254,0.591980775
248.1500214,9.62E-07,5.19E-14,1.85E+07,,0.17528231,0.42959254,0.591980089
248.1521646,9.62E-07,5.19E-14,1.85E+07,,0.175282605,0.42959254,0.591979402
248.1543078,9.62E-07,5.19E-14,1.85E+07,,0.1752829,0.42959254,0.591978715
248.1564509,9.62E-07,5.19E-14,1.85E+07,,0.175283195,0.42959254,0.591978028
248.1585941,9.62E-07,5.19E-14,1.85E+07,,0.17528349,0.42959254,0.591977342
248.1607372,9.62E-07,5.19E-14,1.85E+07,,0.175283785,0.42959254,0.591976655
248.1628804,9.62E-07,5.19E-14,1.85E+07,,0.17528408,0.42959254,0.591975968
248.1650236,9.62E-07,5.19E-14,1.85E+07,,0.175284375,0.42959254,0.591975282
248.1671667,9.62E-07,5.19E-14,1.85E+07,,0.17528467,0.42959254,0.591974595
248.1693099,9.62E-07,5.19E-14,1.85E+07,,0.175284965,0.42959254,0.591973908
248.1714531,9.62E-07,5.19E-14,1.85E+07,,0.17528526,0.42959254,0.591973222
248.1735962,9.62E-07,5.19E-14,1.85E+07,,0.175285555,0.42959254,0.591972535
248.1757394,9.62E-07,5.19E-14,1.85E+07,,0.17528585,0.42959254,0.591971848
248.1778826,9.62E-07,5.19E-14,1.85E+07,,0.175286145,0.42959254,0.591971161
248.1800257,9.62E-07,5.19E-14,1.85E+07,,0.17528644,0.42959254,0.591970475
248.1821689,9.62E-07,5.19E-14,1.85E+07,,0.175286735,0.42959254,0.591969788
248.184312,9.62E-07,5.19E-14,1.85E+07,,0.17528703,0.42959254,0.591969101
248.1864552,9.62E-07,5.19E-14,1.85E+07,,0.175287325,0.42959254,0.591968415
248.1885984,9.62E-07,5.19E-14,1.85E+07,,0.17528762,0.42959254,0.591967728
248.1907415,9.62E-07,5.19E-14,1.85E+07,,0.175287915,0.42959254,0.591967041
248.1928847,9.62E-07,5.19E-14,1.85E+07,,0.17528821,0.42959254,0.591966355
248.1950279,9.62E-07,5.19E-14,1.85E+07,,0.175288505,0.42959254,0.591965668
248.197171,9.62E-07,5.19E-14,1.85E+07,,0.1752888,0.42959254,0.591964981
248.1993142,9.62E-07,5.19E-14,1.85E+07,,0.175289095,0.42959254,0.591964295
248.2014574,9.62E-07,5.19E-14,1.85E+07,,0.17528939,0.42959254,0.591963608
248.2036005,9.62E-07,5.19E-14,1.85E+07,,0.175289685,0.42959254,0.591962921
248.2057437,9.62E-07,5.19E-14,1.85E+07,,0.17528998,0.42959254,0.591962234
248.2078868,9.62E-07,5.19E-14,1.85E+07,,0.175290274,0.42959254,0.59196155
248.21003,9.62E-07,5.19E-14,1.85E+07,,0.175290569,0.42959254,0.591960863
248.2121732,9.62E-07,5.19E-14,1.85E+07,,0.175290864,0.42959254,0.591960177
248.2143163,9.62E-07,5.19E-14,1.85E+07,,0.175291159,0.42959254,0.59195949
248.2164595,9.62E-07,5.19E-14,1.85E+07,,0.175291454,0.42959254,0.591958803
248.2186027,9.62E-07,5.19E-14,1.85E+07,,0.175291749,0.42959254,0.591958117
248.2207458,9.62E-07,5.19E-14,1.85E+07,,0.175292044,0.42959254,0.59195743
248.222889,9.62E-07,5.19E-14,1.85E+07,,0.175292339,0.42959254,0.591956743
248.2250321,9.62E-07,5.19E-14,1.85E+07,,0.175292634,0.42959254,0.591956056
248.2271753,9.62E-07,5.19E-14,1.85E+07,,0.175292929,0.42959254,0.59195537
248.2293185,9.62E-07,5.19E-14,1.85E+07,,0.175293224,0.42959254,0.591954683
248.2314616,9.62E-07,5.19E-14,1.85E+07,,0.175293519,0.42959254,0.591953996
248.2336048,9.62E-07,5.19E-14,1.85E+07,,0.175293814,0.42959254,0.59195331
248.235748,9.62E-07,5.19E-14,1.85E+07,,0.175294109,0.42959254,0.591952623
248.2378911,9.62E-07,5.19E-14,1.85E+07,,0.175294404,0.42959254,0.591951936
248.2400343,9.62E-07,5.19E-14,1.85E+07,,0.175294699,0.42959254,0.59195125
248.2421775,9.62E-07,5.19E-14,1.85E+07,,0.175294994,0.42959254,0.591950563
248.2443206,9.62E-07,5.19E-14,1.85E+07,,0.175295289,0.42959254,0.591949876
248.2464638,9.62E-07,5.19E-14,1.85E+07,,0.175295584,0.42959254,0.591949189
248.2486069,9.62E-07,5.19E-14,1.85E+07,,0.175295879,0.42959254,0.591948503
248.2507501,9.62E-07,5.19E-14,1.85E+07,,0.175296174,0.42959254,0.591947816
248.2528933,9.62E-07,5.19E-14,1.85E+07,,0.175296469,0.42959254,0.591947129
248.2550364,9.62E-07,5.19E-14,1.85E+07,,0.175296764,0.42959254,0.591946443
248.2571796,9.62E-07,5.19E-14,1.85E+07,,0.175297059,0.42959254,0.591945756
248.2593228,9.62E-07,5.19E-14,1.85E+07,,0.175297354,0.42959254,0.591945069
248.2614659,9.62E-07,5.19E-14,1.85E+07,,0.175297649,0.42959254,0.591944383
248.2636091,9.62E-07,5.19E-14,1.85E+07,,0.175297944,0.42959254,0.591943696
248.2657523,9.62E-07,5.19E-14,1.85E+07,,0.175298238,0.42959254,0.591943012
248.2678954,9.62E-07,5.19E-14,1.85E+07,,0.175298533,0.42959254,0.591942325
248.2700386,9.62E-07,5.19E-14,1.85E+07,,0.175298828,0.42959254,0.591941638
248.2721817,9.62E-07,5.19E-14,1.85E+07,,0.175299123,0.42959254,0.591940951
248.2743249,9.62E-07,5.19E-14,1.85E+07,,0.175299418,0.42959254,0.591940265
248.2764681,9.62E-07,5.19E-14,1.85E+07,,0.175299713,0.42959254,0.591939578
248.2786112,9.62E-07,5.19E-14,1.85E+07,,0.175300008,0.42959254,0.591938891
248.2807544,9.62E-07,5.19E-14,1.85E+07,,0.175300303,0.42959254,0.591938205
248.2828976,9.62E-07,5.19E-14,1.85E+07,,0.175300598,0.42959254,0.591937518
248.2850407,9.62E-07,5.19E-14,1.85E+07,,0.175300893,0.42959254,0.591936831
248.2871839,9.62E-07,5.19E-14,1.85E+07,,0.175301188,0.42959254,0.591936145
248.289327,9.62E-07,5.19E-14,1.85E+07,,0.175301483,0.42959254,0.591935458
248.2914702,9.62E-07,5.19E-14,1.85E+07,,0.175301778,0.42959254,0.591934771
248.2936134,9.62E-07,5.19E-14,1.85E+07,,0.175302073,0.42959254,0.591934084
248.2957565,9.62E-07,5.19E-14,1.85E+07,,0.175302368,0.42959254,0.591933398
248.2978997,9.62E-07,5.19E-14,1.85E+07,,0.175302663,0.42959254,0.591932711
248.3000429,9.62E-07,5.19E-14,1.85E+07,,0.175302958,0.42959254,0.591932024
248.302186,9.62E-07,5.19E-14,1.85E+07,,0.175303253,0.42959254,0.591931338
248.3043292,9.62E-07,5.19E-14,1.85E+07,,0.175303548,0.42959254,0.591930651
248.3064724,9.62E-07,5.19E-14,1.85E+07,,0.175303843,0.42959254,0.591929964
248.3086155,9.62E-07,5.19E-14,1.85E+07,,0.175304138,0.42959254,0.591929278
248.3107587,9.62E-07,5.19E-14,1.85E+07,,0.175304433,0.42959254,0.591928591
248.3129018,9.62E-07,5.19E-14,1.85E+07,,0.175304728,0.42959254,0.591927904
248.315045,9.62E-07,5.19E-14,1.85E+07,,0.175305023,0.42959254,0.591927218
248.3171882,9.62E-07,5.19E-14,1.85E+07,,0.175305318,0.42959254,0.591926531
248.3193313,9.61E-07,5.19E-14,1.85E+07,,0.175305613,0.42959254,0.591925844
248.3214745,9.61E-07,5.19E-14,1.85E+07,,0.175305908,0.42959254,0.591925157
248.3236177,9.61E-07,5.19E-14,1.85E+07,,0.175306202,0.42959254,0.591924473
248.3257608,9.61E-07,5.19E-14,1.85E+07,,0.175306497,0.42959254,0.591923786
248.327904,9.61E-07,5.19E-14,1.85E+07,,0.175306792,0.42959254,0.5919231
248.3300471,9.61E-07,5.19E-14,1.85E+07,,0.175307087,0.42959254,0.591922413
248.3321903,9.61E-07,5.19E-14,1.85E+07,,0.175307382,0.42959254,0.591921726
248.3343335,9.61E-07,5.19E-14,1.85E+07,,0.175307677,0.42959254,0.59192104
248.3364766,9.61E-07,5.19E-14,1.85E+07,,0.175307972,0.42959254,0.591920353
248.3386198,9.61E-07,5.19E-14,1.85E+07,,0.175308267,0.42959254,0.591919666
248.340763,9.61E-07,5.19E-14,1.85E+07,,0.175308562,0.42959254,0.591918979
248.3429061,9.61E-07,5.19E-14,1.85E+07,,0.175308857,0.42959254,0.591918293
248.3450493,9.61E-07,5.19E-14,1.85E+07,,0.175309152,0.42959254,0.591917606
248.3471925,9.61E-07,5.19E-14,1.85E+07,,0.175309447,0.42959254,0.591916919
248.3493356,9.61E-07,5.19E-14,1.85E+07,,0.175309742,0.42959254,0.591916233
248.3514788,9.61E-07,5.19E-14,1.85E+07,,0.175310037,0.42959254,0.591915546
248.3536219,9.61E-07,5.19E-14,1.85E+07,,0.175310332,0.42959254,0.591914859
248.3557651,9.61E-07,5.19E-14,1.85E+07,,0.175310627,0.42959254,0.591914173
248.3579083,9.61E-07,5.19E-14,1.85E+07,,0.175310922,0.42959254,0.591913486
248.3600514,9.61E-07,5.19E-14,1.85E+07,,0.175311217,0.42959254,0.591912799
248.3621946,9.61E-07,5.19E-14,1.85E+07,,0.175311512,0.42959254,0.591912113
248.3643378,9.61E-07,5.19E-14,1.85E+07,,0.175311807,0.42959254,0.591911426
248.3664809,9.61E-07,5.19E-14,1.85E+07,,0.175312102,0.42959254,0.591910739
248.3686241,9.61E-07,5.19E-14,1.85E+07,,0.175312397,0.42959254,0.591910052
248.3707673,9.61E-07,5.19E-14,1.85E+07,,0.175312692,0.42959254,0.591909366
248.3729104,9.61E-07,5.19E-14,1.85E+07,,0.175312987,0.42959254,0.591908679
248.3750536,9.61E-07,5.19E-14,1.85E+07,,0.175313282,0.42959254,0.591907992
248.3771967,9.61E-07,5.19E-14,1.85E+07,,0.175313577,0.42959254,0.591907306
248.3793399,9.61E-07,5.19E-14,1.85E+07,,0.175313872,0.42959254,0.591906619
248.3814831,9.61E-07,5.19E-14,1.85E+07,,0.175314167,0.42959254,0.591905932
248.3836262,9.61E-07,5.19E-14,1.85E+07,,0.175314461,0.42959254,0.591905248
248.3857694,9.61E-07,5.19E-14,1.85E+07,,0.175314756,0.42959254,0.591904561
248.3879126,9.61E-07,5.19E-14,1.85E+07,,0.175315051,0.42959254,0.591903874
248.3900557,9.61E-07,5.19E-14,1.85E+07,,0.175315346,0.42959254,0.591903188
248.3921989,9.61E-07,5.19E-14,1.85E+07,,0.175315641,0.42959254,0.591902501
248.394342,9.61E-07,5.19E-14,1.85E+07,,0.175315936,0.42959254,0.591901814
248.3964852,9.61E-07,5.19E-14,1.85E+07,,0.175316231,0.42959254,0.591901128
248.3986284,9.61E-07,5.19E-14,1.85E+07,,0.175316526,0.42959254,0.591900441
248.4007715,9.61E-07,5.19E-14,1.85E+07,,0.175316821,0.42959254,0.591899754
248.4029147,9.61E-07,5.19E-14,1.85E+07,,0.175317116,0.42959254,0.591899068
248.4050579,9.61E-07,5.19E-14,1.85E+07,,0.175317411,0.42959254,0.591898381
248.407201,9.61E-07,5.19E-14,1.85E+07,,0.175317706,0.42959254,0.591897694
248.4093442,9.61E-07,5.19E-14,1.85E+07,,0.175318001,0.42959254,0.591897007
248.4114874,9.61E-07,5.19E-14,1.85E+07,,0.175318296,0.42959254,0.591896321
248.4136305,9.61E-07,5.19E-14,1.85E+07,,0.175318591,0.42959254,0.591895634
248.4157737,9.61E-07,5.19E-14,1.85E+07,,0.175318886,0.42959254,0.591894947
248.4179168,9.61E-07,5.19E-14,1.85E+07,,0.175319181,0.42959254,0.591894261
248.42006,9.61E-07,5.19E-14,1.85E+07,,0.175319476,0.42959254,0.591893574
248.4222032,9.61E-07,5.19E-14,1.85E+07,,0.175319771,0.42959254,0.591892887
248.4243463,9.61E-07,5.19E-14,1.85E+07,,0.175320066,0.42959254,0.591892201
248.4264895,9.61E-07,5.19E-14,1.85E+07,,0.175320361,0.42959254,0.591891514
248.4286327,9.61E-07,5.19E-14,1.85E+07,,0.175320656,0.42959254,0.591890827
248.4307758,9.61E-07,5.19E-14,1.85E+07,,0.175320951,0.42959254,0.591890141
248.432919,9.61E-07,5.19E-14,1.85E+07,,0.175321246,0.42959254,0.591889454
248.4350622,9.61E-07,5.19E-14,1.85E+07,,0.175321541,0.42959254,0.591888767
248.4372053,9.61E-07,5.19E-14,1.85E+07,,0.175321836,0.42959254,0.59188808
248.4393485,9.61E-07,5.19E-14,1.85E+07,,0.175322131,0.42959254,0.591887394
248.4414916,9.61E-07,5.19E-14,1.85E+07,,0.175322425,0.42959254,0.591886709
248.4436348,9.61E-07,5.19E-14,1.85E+07,,0.17532272,0.42959254,0.591886023
248.445778,9.61E-07,5.19E-14,1.85E+07,,0.175323015,0.42959254,0.591885336
248.4479211,9.61E-07,5.19E-14,1.85E+07,,0.17532331,0.42959254,0.591884649
248.4500643,9.61E-07,5.19E-14,1.85E+07,,0.175323605,0.42959254,0.591883963
248.4522075,9.61E-07,5.19E-14,1.85E+07,,0.1753239,0.42959254,0.591883276
248.4543506,9.61E-07,5.19E-14,1.85E+07,,0.175324195,0.42959254,0.591882589
248.4564938,9.61E-07,5.19E-14,1.85E+07,,0.17532449,0.42959254,0.591881902
248.4586369,9.61E-07,5.19E-14,1.85E+07,,0.175324785,0.42959254,0.591881216
248.4607801,9.61E-07,5.19E-14,1.85E+07,,0.17532508,0.42959254,0.591880529
248.4629233,9.61E-07,5.19E-14,1.85E+07,,0.175325375,0.42959254,0.591879842
248.4650664,9.61E-07,5.19E-14,1.85E+07,,0.17532567,0.42959254,0.591879156
248.4672096,9.61E-07,5.19E-14,1.85E+07,,0.175325965,0.42959254,0.591878469
248.4693528,9.61E-07,5.19E-14,1.85E+07,,0.17532626,0.42959254,0.591877782
248.4714959,9.61E-07,5.19E-14,1.85E+07,,0.175326555,0.42959254,0.591877096
248.4736391,9.61E-07,5.19E-14,1.85E+07,,0.17532685,0.42959254,0.591876409
248.4757823,9.61E-07,5.19E-14,1.85E+07,,0.175327145,0.42959254,0.591875722
248.4779254,9.61E-07,5.19E-14,1.85E+07,,0.17532744,0.42959254,0.591875036
248.4800686,9.61E-07,5.19E-14,1.85E+07,,0.175327735,0.42959254,0.591874349
248.4822117,9.61E-07,5.19E-14,1.85E+07,,0.17532803,0.42959254,0.591873662
248.4843549,9.61E-07,5.19E-14,1.85E+07,,0.175328325,0.42959254,0.591872975
248.4864981,9.61E-07,5.19E-14,1.85E+07,,0.17532862,0.42959254,0.591872289
248.4886412,9.61E-07,5.19E-14,1.85E+07,,0.175328915,0.42959254,0.591871602
248.4907844,9.61E-07,5.19E-14,1.85E+07,,0.17532921,0.42959254,0.591870915
248.4929276,9.61E-07,5.19E-14,1.85E+07,,0.175329505,0.42959254,0.591870229
248.4950707,9.61E-07,5.19E-14,1.85E+07,,0.1753298,0.42959254,0.591869542
248.4972139,9.61E-07,5.19E-14,1.85E+07,,0.175330095,0.42959254,0.591868855
248.4993571,9.61E-07,5.19E-14,1.85E+07,,0.17533039,0.42959254,0.591868169
248.5015002,9.61E-07,5.19E-14,1.85E+07,,0.175330684,0.42959254,0.591867484
248.5036434,9.61E-07,5.19E-14,1.85E+07,,0.175330979,0.42959254,0.591866797
248.5057865,9.61E-07,5.19E-14,1.85E+07,,0.175331274,0.42959254,0.591866111
248.5079297,9.61E-07,5.19E-14,1.85E+07,,0.175331569,0.42959254,0.591865424
248.5100729,9.61E-07,5.19E-14,1.85E+07,,0.175331864,0.42959254,0.591864737
248.512216,9.61E-07,5.19E-14,1.85E+07,,0.175332159,0.42959254,0.591864051
248.5143592,9.61E-07,5.19E-14,1.85E+07,,0.175332454,0.42959254,0.591863364
248.5165024,9.61E-07,5.19E-14,1.85E+07,,0.175332749,0.42959254,0.591862677
248.5186455,9.61E-07,5.19E-14,1.85E+07,,0.175333044,0.42959254,0.591861991
248.5207887,9.61E-07,5.19E-14,1.85E+07,,0.175333339,0.42959254,0.591861304
248.5229318,9.61E-07,5.19E-14,1.85E+07,,0.175333634,0.42959254,0.591860617
248.525075,9.61E-07,5.19E-14,1.85E+07,,0.175333929,0.42959254,0.59185993
248.5272182,9.61E-07,5.19E-14,1.85E+07,,0.175334224,0.42959254,0.591859244
248.5293613,9.61E-07,5.19E-14,1.85E+07,,0.175334519,0.42959254,0.591858557
248.5315045,9.61E-07,5.19E-14,1.85E+07,,0.175334814,0.42959254,0.59185787
248.5336477,9.61E-07,5.19E-14,1.85E+07,,0.175335109,0.42959254,0.591857184
248.5357908,9.61E-07,5.19E-14,1.85E+07,,0.175335404,0.42959254,0.591856497
248.537934,9.61E-07,5.19E-14,1.85E+07,,0.175335699,0.42959254,0.59185581
248.5400772,9.61E-07,5.19E-14,1.85E+07,,0.175335994,0.42959254,0.591855124
248.5422203,9.61E-07,5.19E-14,1.85E+07,,0.175336289,0.42959254,0.591854437
248.5443635,9.61E-07,5.19E-14,1.85E+07,,0.175336584,0.42959254,0.59185375
248.5465066,9.61E-07,5.19E-14,1.85E+07,,0.175336879,0.42959254,0.591853064
248.5486498,9.61E-07,5.19E-14,1.85E+07,,0.175337174,0.42959254,0.591852377
248.550793,9.61E-07,5.19E-14,1.85E+07,,0.175337469,0.42959254,0.59185169
248.5529361,9.61E-07,5.19E-14,1.85E+07,,0.175337764,0.42959254,0.591851003
248.5550793,9.61E-07,5.19E-14,1.85E+07,,0.175338059,0.42959254,0.591850317
248.5572225,9.61E-07,5.19E-14,1.85E+07,,0.175338354,0.42959254,0.59184963
248.5593656,9.61E-07,5.19E-14,1.85E+07,,0.175338648,0.42959254,0.591848946
248.5615088,9.61E-07,5.19E-14,1.85E+07,,0.175338943,0.42959254,0.591848259
248.563652,9.61E-07,5.19E-14,1.85E+07,,0.175339238,0.42959254,0.591847572
248.5657951,9.61E-07,5.19E-14,1.85E+07,,0.175339533,0.42959254,0.591846886
248.5679383,9.61E-07,5.19E-14,1.85E+07,,0.175339828,0.42959254,0.591846199
248.5700814,9.61E-07,5.19E-14,1.85E+07,,0.175340123,0.42959254,0.591845512
248.5722246,9.61E-07,5.19E-14,1.85E+07,,0.175340418,0.42959254,0.591844825
248.5743678,9.61E-07,5.19E-14,1.85E+07,,0.175340713,0.42959254,0.591844139
248.5765109,9.61E-07,5.19E-14,1.85E+07,,0.175341008,0.42959254,0.591843452
248.5786541,9.61E-07,5.19E-14,1.85E+07,,0.175341303,0.42959254,0.591842765
248.5807973,9.61E-07,5.19E-14,1.85E+07,,0.175341598,0.42959254,0.591842079
248.5829404,9.61E-07,5.19E-14,1.85E+07,,0.175341893,0.42959254,0.591841392
248.5850836,9.61E-07,5.19E-14,1.85E+07,,0.175342188,0.42959254,0.591840705
248.5872267,9.61E-07,5.19E-14,1.85E+07,,0.175342483,0.42959254,0.591840019
248.5893699,9.61E-07,5.19E-14,1.85E+07,,0.175342778,0.42959254,0.591839332
248.5915131,9.61E-07,5.19E-14,1.85E+07,,0.175343073,0.42959254,0.591838645
248.5936562,9.61E-07,5.19E-14,1.85E+07,,0.175343368,0.42959254,0.591837959
248.5957994,9.61E-07,5.19E-14,1.85E+07,,0.175343663,0.42959254,0.591837272
248.5979426,9.61E-07,5.19E-14,1.85E+07,,0.175343958,0.42959254,0.591836585
248.6000857,9.61E-07,5.19E-14,1.85E+07,,0.175344253,0.42959254,0.591835898
248.6022289,9.61E-07,5.19E-14,1.85E+07,,0.175344548,0.42959254,0.591835212
248.6043721,9.61E-07,5.19E-14,1.85E+07,,0.175344843,0.42959254,0.591834525
248.6065152,9.61E-07,5.19E-14,1.85E+07,,0.175345138,0.42959254,0.591833838
248.6086584,9.61E-07,5.19E-14,1.85E+07,,0.175345433,0.42959254,0.591833152
248.6108015,9.61E-07,5.19E-14,1.85E+07,,0.175345728,0.42959254,0.591832465
248.6129447,9.61E-07,5.19E-14,1.85E+07,,0.175346023,0.42959254,0.591831778
248.6150879,9.61E-07,5.19E-14,1.85E+07,,0.175346318,0.42959254,0.591831092
248.617231,9.61E-07,5.19E-14,1.85E+07,,0.175346613,0.42959254,0.591830405
248.6193742,9.61E-07,5.19E-14,1.85E+07,,0.175346907,0.42959254,0.59182972
248.6215174,9.61E-07,5.19E-14,1.85E+07,,0.175347202,0.42959254,0.591829034
248.6236605,9.61E-07,5.19E-14,1.85E+07,,0.175347497,0.42959254,0.591828347
248.6258037,9.61E-07,5.19E-14,1.85E+07,,0.175347792,0.42959254,0.59182766
248.6279468,9.61E-07,5.19E-14,1.85E+07,,0.175348087,0.42959254,0.591826974
248.63009,9.61E-07,5.19E-14,1.85E+07,,0.175348382,0.42959254,0.591826287
248.6322332,9.61E-07,5.19E-14,1.85E+07,,0.175348677,0.42959254,0.5918256
248.6343763,9.61E-07,5.19E-14,1.85E+07,,0.175348972,0.42959254,0.591824914
248.6365195,9.61E-07,5.19E-14,1.85E+07,,0.175349267,0.42959254,0.591824227
248.6386627,9.61E-07,5.19E-14,1.85E+07,,0.175349562,0.42959254,0.59182354
248.6408058,9.61E-07,5.19E-14,1.85E+07,,0.175349857,0.42959254,0.591822854
248.642949,9.61E-07,5.19E-14,1.85E+07,,0.175350152,0.42959254,0.591822167
248.6450922,9.61E-07,5.19E-14,1.85E+07,,0.175350447,0.42959254,0.59182148
248.6472353,9.61E-07,5.19E-14,1.85E+07,,0.175350742,0.42959254,0.591820793
248.6493785,9.61E-07,5.19E-14,1.85E+07,,0.175351037,0.42959254,0.591820107
248.6515216,9.61E-07,5.19E-14,1.85E+07,,0.175351332,0.42959254,0.59181942
248.6536648,9.61E-07,5.19E-14,1.85E+07,,0.175351627,0.42959254,0.591818733
248.655808,9.61E-07,5.19E-14,1.85E+07,,0.175351922,0.42959254,0.591818047
248.6579511,9.61E-07,5.19E-14,1.85E+07,,0.175352217,0.42959254,0.59181736
248.6600943,9.61E-07,5.19E-14,1.85E+07,,0.175352512,0.42959254,0.591816673
248.6622375,9.61E-07,5.19E-14,1.85E+07,,0.175352807,0.42959254,0.591815987
248.6643806,9.61E-07,5.19E-14,1.85E+07,,0.175353102,0.42959254,0.5918153
248.6665238,9.61E-07,5.19E-14,1.85E+07,,0.175353397,0.42959254,0.591814613
248.668667,9.61E-07,5.19E-14,1.85E+07,,0.175353692,0.42959254,0.591813926
248.6708101,9.61E-07,5.19E-14,1.85E+07,,0.175353987,0.42959254,0.59181324
248.6729533,9.61E-07,5.19E-14,1.85E+07,,0.175354282,0.42959254,0.591812553
248.6750964,9.61E-07,5.19E-14,1.85E+07,,0.175354577,0.42959254,0.591811866
248.6772396,9.61E-07,5.19E-14,1.85E+07,,0.175354871,0.42959254,0.591811182
248.6793828,9.61E-07,5.19E-14,1.85E+07,,0.175355166,0.42959254,0.591810495
248.6815259,9.61E-07,5.19E-14,1.85E+07,,0.175355461,0.42959254,0.591809809
248.6836691,9.61E-07,5.19E-14,1.85E+07,,0.175355756,0.42959254,0.591809122
248.6858123,9.61E-07,5.19E-14,1.85E+07,,0.175356051,0.42959254,0.591808435
248.6879554,9.61E-07,5.19E-14,1.85E+07,,0.175356346,0.42959254,0.591807748
248.6900986,9.61E-07,5.19E-14,1.85E+07,,0.175356641,0.42959254,0.591807062
248.6922417,9.61E-07,5.19E-14,1.85E+07,,0.175356936,0.42959254,0.591806375
248.6943849,9.61E-07,5.19E-14,1.85E+07,,0.175357231,0.42959254,0.591805688
248.6965281,9.61E-07,5.19E-14,1.85E+07,,0.175357526,0.42959254,0.591805002
248.6986712,9.61E-07,5.19E-14,1.85E+07,,0.175357821,0.42959254,0.591804315
248.7008144,9.61E-07,5.19E-14,1.85E+07,,0.175358116,0.42959254,0.591803628
248.7029576,9.61E-07,5.19E-14,1.85E+07,,0.175358411,0.42959254,0.591802942
248.7051007,9.61E-07,5.19E-14,1.85E+07,,0.175358706,0.42959254,0.591802255
248.7072439,9.61E-07,5.19E-14,1.85E+07,,0.175359001,0.42959254,0.591801568
248.7093871,9.61E-07,5.19E-14,1.85E+07,,0.175359296,0.42959254,0.591800882
248.7115302,9.61E-07,5.19E-14,1.85E+07,,0.175359591,0.42959254,0.591800195
248.7136734,9.61E-07,5.19E-14,1.85E+07,,0.175359886,0.42959254,0.591799508
248.7158165,9.61E-07,5.19E-14,1.85E+07,,0.175360181,0.42959254,0.591798821
248.7179597,9.61E-07,5.19E-14,1.85E+07,,0.175360476,0.42959254,0.591798135
248.7201029,9.60E-07,5.19E-14,1.85E+07,,0.175360771,0.42959254,0.591797448
248.722246,9.60E-07,5.19E-14,1.85E+07,,0.175361066,0.42959254,0.591796761
248.7243892,9.60E-07,5.19E-14,1.85E+07,,0.175361361,0.42959254,0.591796075
248.7265324,9.60E-07,5.19E-14,1.85E+07,,0.175361656,0.42959254,0.591795388
248.7286755,9.60E-07,5.19E-14,1.85E+07,,0.175361951,0.42959254,0.591794701
248.7308187,9.60E-07,5.19E-14,1.85E+07,,0.175362246,0.42959254,0.591794015
248.7329619,9.60E-07,5.19E-14,1.85E+07,,0.175362541,0.42959254,0.591793328
248.735105,9.60E-07,5.19E-14,1.85E+07,,0.175362836,0.42959254,0.591792641
248.7372482,9.60E-07,5.19E-14,1.85E+07,,0.17536313,0.42959254,0.591791957
248.7393913,9.60E-07,5.19E-14,1.85E+07,,0.175363425,0.42959254,0.59179127
248.7415345,9.60E-07,5.19E-14,1.85E+07,,0.17536372,0.42959254,0.591790583
248.7436777,9.60E-07,5.19E-14,1.85E+07,,0.175364015,0.42959254,0.591789897
248.7458208,9.60E-07,5.19E-14,1.85E+07,,0.17536431,0.42959254,0.59178921
248.747964,9.60E-07,5.19E-14,1.85E+07,,0.175364605,0.42959254,0.591788523
248.7501072,9.60E-07,5.19E-14,1.85E+07,,0.1753649,0.42959254,0.591787837
248.7522503,9.60E-07,5.19E-14,1.85E+07,,0.175365195,0.42959254,0.59178715
248.7543935,9.60E-07,5.19E-14,1.85E+07,,0.17536549,0.42959254,0.591786463
248.7565366,9.60E-07,5.19E-14,1.85E+07,,0.175365785,0.42959254,0.591785777
248.7586798,9.60E-07,5.19E-14,1.85E+07,,0.17536608,0.42959254,0.59178509
248.760823,9.60E-07,5.19E-14,1.85E+07,,0.175366375,0.42959254,0.591784403
248.7629661,9.60E-07,5.19E-14,1.85E+07,,0.17536667,0.42959254,0.591783716
248.7651093,9.60E-07,5.19E-14,1.85E+07,,0.175366965,0.42959254,0.59178303
248.7672525,9.60E-07,5.19E-14,1.85E+07,,0.17536726,0.42959254,0.591782343
248.7693956,9.60E-07,5.19E-14,1.85E+07,,0.175367555,0.42959254,0.591781656
248.7715388,9.60E-07,5.19E-14,1.85E+07,,0.17536785,0.42959254,0.59178097
248.773682,9.60E-07,5.19E-14,1.85E+07,,0.175368145,0.42959254,0.591780283
248.7758251,9.60E-07,5.19E-14,1.85E+07,,0.17536844,0.42959254,0.591779596
248.7779683,9.60E-07,5.19E-14,1.85E+07,,0.175368735,0.42959254,0.59177891
248.7801114,9.60E-07,5.19E-14,1.85E+07,,0.17536903,0.42959254,0.591778223
248.7822546,9.60E-07,5.19E-14,1.85E+07,,0.175369325,0.42959254,0.591777536
248.7843978,9.60E-07,5.19E-14,1.85E+07,,0.17536962,0.42959254,0.591776849
248.7865409,9.60E-07,5.19E-14,1.85E+07,,0.175369915,0.42959254,0.591776163
248.7886841,9.60E-07,5.19E-14,1.85E+07,,0.17537021,0.42959254,0.591775476
248.7908273,9.60E-07,5.19E-14,1.85E+07,,0.175370505,0.42959254,0.591774789
248.7929704,9.60E-07,5.19E-14,1.85E+07,,0.1753708,0.42959254,0.591774103
248.7951136,9.60E-07,5.19E-14,1.85E+07,,0.175371094,0.42959254,0.591773418
248.7972568,9.60E-07,5.19E-14,1.85E+07,,0.175371389,0.42959254,0.591772732
248.7993999,9.60E-07,5.19E-14,1.85E+07,,0.175371684,0.42959254,0.591772045
248.8015431,9.60E-07,5.19E-14,1.85E+07,,0.175371979,0.42959254,0.591771358
248.8036862,9.60E-07,5.19E-14,1.85E+07,,0.175372274,0.42959254,0.591770671
248.8058294,9.60E-07,5.19E-14,1.85E+07,,0.175372569,0.42959254,0.591769985
248.8079726,9.60E-07,5.19E-14,1.85E+07,,0.175372864,0.42959254,0.591769298
248.8101157,9.60E-07,5.19E-14,1.85E+07,,0.175373159,0.42959254,0.591768611
248.8122589,9.60E-07,5.19E-14,1.85E+07,,0.175373454,0.42959254,0.591767925
248.8144021,9.60E-07,5.19E-14,1.85E+07,,0.175373749,0.42959254,0.591767238
248.8165452,9.60E-07,5.19E-14,1.85E+07,,0.175374044,0.42959254,0.591766551
248.8186884,9.60E-07,5.19E-14,1.85E+07,,0.175374339,0.42959254,0.591765865
248.8208315,9.60E-07,5.19E-14,1.85E+07,,0.175374634,0.42959254,0.591765178
248.8229747,9.60E-07,5.19E-14,1.85E+07,,0.175374929,0.42959254,0.591764491
248.8251179,9.60E-07,5.19E-14,1.85E+07,,0.175375224,0.42959254,0.591763805
248.827261,9.60E-07,5.19E-14,1.85E+07,,0.175375519,0.42959254,0.591763118
248.8294042,9.60E-07,5.19E-14,1.85E+07,,0.175375814,0.42959254,0.591762431
248.8315474,9.60E-07,5.19E-14,1.85E+07,,0.175376109,0.42959254,0.591761744
248.8336905,9.60E-07,5.19E-14,1.85E+07,,0.175376404,0.42959254,0.591761058
248.8358337,9.60E-07,5.19E-14,1.85E+07,,0.175376699,0.42959254,0.591760371
248.8379769,9.60E-07,5.19E-14,1.85E+07,,0.175376994,0.42959254,0.591759684
248.84012,9.60E-07,5.19E-14,1.85E+07,,0.175377289,0.42959254,0.591758998
248.8422632,9.60E-07,5.19E-14,1.85E+07,,0.175377584,0.42959254,0.591758311
248.8444063,9.60E-07,5.19E-14,1.85E+07,,0.175377879,0.42959254,0.591757624
248.8465495,9.60E-07,5.19E-14,1.85E+07,,0.175378174,0.42959254,0.591756938
248.8486927,9.60E-07,5.19E-14,1.85E+07,,0.175378469,0.42959254,0.591756251
248.8508358,9.60E-07,5.19E-14,1.85E+07,,0.175378764,0.42959254,0.591755564
248.852979,9.60E-07,5.19E-14,1.85E+07,,0.175379058,0.42959254,0.59175488
248.8551222,9.60E-07,5.19E-14,1.85E+07,,0.175379353,0.42959254,0.591754193
248.8572653,9.60E-07,5.19E-14,1.85E+07,,0.175379648,0.42959254,0.591753506
248.8594085,9.60E-07,5.19E-14,1.85E+07,,0.175379943,0.42959254,0.59175282
248.8615517,9.60E-07,5.19E-14,1.85E+07,,0.175380238,0.42959254,0.591752133
248.8636948,9.60E-07,5.19E-14,1.85E+07,,0.175380533,0.42959254,0.591751446
248.865838,9.60E-07,5.19E-14,1.85E+07,,0.175380828,0.42959254,0.59175076
248.8679811,9.60E-07,5.19E-14,1.85E+07,,0.175381123,0.42959254,0.591750073
248.8701243,9.60E-07,5.19E-14,1.85E+07,,0.175381418,0.42959254,0.591749386
248.8722675,9.60E-07,5.19E-14,1.85E+07,,0.175381713,0.42959254,0.5917487
248.8744106,9.60E-07,5.19E-14,1.85E+07,,0.175382008,0.42959254,0.591748013
248.8765538,9.60E-07,5.19E-14,1.85E+07,,0.175382303,0.42959254,0.591747326
248.878697,9.60E-07,5.19E-14,1.85E+07,,0.175382598,0.42959254,0.591746639
248.8808401,9.60E-07,5.19E-14,1.85E+07,,0.175382893,0.42959254,0.591745953
248.8829833,9.60E-07,5.19E-14,1.85E+07,,0.175383188,0.42959254,0.591745266
248.8851264,9.60E-07,5.19E-14,1.85E+07,,0.175383483,0.42959254,0.591744579
248.8872696,9.60E-07,5.19E-14,1.85E+07,,0.175383778,0.42959254,0.591743893
248.8894128,9.60E-07,5.19E-14,1.85E+07,,0.175384073,0.42959254,0.591743206
248.8915559,9.60E-07,5.19E-14,1.85E+07,,0.175384368,0.42959254,0.591742519
248.8936991,9.60E-07,5.19E-14,1.85E+07,,0.175384663,0.42959254,0.591741833
248.8958423,9.60E-07,5.19E-14,1.85E+07,,0.175384958,0.42959254,0.591741146
248.8979854,9.60E-07,5.19E-14,1.85E+07,,0.175385253,0.42959254,0.591740459
248.9001286,9.60E-07,5.19E-14,1.85E+07,,0.175385548,0.42959254,0.591739772
248.9022718,9.60E-07,5.19E-14,1.85E+07,,0.175385843,0.42959254,0.591739086
248.9044149,9.60E-07,5.19E-14,1.85E+07,,0.175386138,0.42959254,0.591738399
248.9065581,9.60E-07,5.19E-14,1.85E+07,,0.175386433,0.42959254,0.591737712
248.9087012,9.60E-07,5.19E-14,1.85E+07,,0.175386728,0.42959254,0.591737026
248.9108444,9.60E-07,5.19E-14,1.85E+07,,0.175387023,0.42959254,0.591736339
248.9129876,9.60E-07,5.19E-14,1.85E+07,,0.175387317,0.42959254,0.591735655
248.9151307,9.60E-07,5.19E-14,1.85E+07,,0.175387612,0.42959254,0.591734968
248.9172739,9.60E-07,5.19E-14,1.85E+07,,0.175387907,0.42959254,0.591734281
248.9194171,9.60E-07,5.19E-14,1.85E+07,,0.175388202,0.42959254,0.591733595
248.9215602,9.60E-07,5.19E-14,1.85E+07,,0.175388497,0.42959254,0.591732908
248.9237034,9.60E-07,5.19E-14,1.85E+07,,0.175388792,0.42959254,0.591732221
248.9258465,9.60E-07,5.19E-14,1.85E+07,,0.175389087,0.42959254,0.591731534
248.9279897,9.60E-07,5.19E-14,1.85E+07,,0.175389382,0.42959254,0.591730848
248.9301329,9.60E-07,5.19E-14,1.85E+07,,0.175389677,0.42959254,0.591730161
248.932276,9.60E-07,5.19E-14,1.85E+07,,0.175389972,0.42959254,0.591729474
248.9344192,9.60E-07,5.19E-14,1.85E+07,,0.175390267,0.42959254,0.591728788
248.9365624,9.60E-07,5.19E-14,1.85E+07,,0.175390562,0.42959254,0.591728101
248.9387055,9.60E-07,5.19E-14,1.85E+07,,0.175390857,0.42959254,0.591727414
248.9408487,9.60E-07,5.19E-14,1.85E+07,,0.175391152,0.42959254,0.591726728
248.9429919,9.60E-07,5.19E-14,1.85E+07,,0.175391447,0.42959254,0.591726041
248.945135,9.60E-07,5.19E-14,1.85E+07,,0.175391742,0.42959254,0.591725354
248.9472782,9.60E-07,5.19E-14,1.85E+07,,0.175392037,0.42959254,0.591724667
248.9494213,9.60E-07,5.19E-14,1.85E+07,,0.175392332,0.42959254,0.591723981
248.9515645,9.60E-07,5.19E-14,1.85E+07,,0.175392627,0.42959254,0.591723294
248.9537077,9.60E-07,5.19E-14,1.85E+07,,0.175392922,0.42959254,0.591722607
248.9558508,9.60E-07,5.19E-14,1.85E+07,,0.175393217,0.42959254,0.591721921
248.957994,9.60E-07,5.19E-14,1.85E+07,,0.175393512,0.42959254,0.591721234
248.9601372,9.60E-07,5.19E-14,1.85E+07,,0.175393807,0.42959254,0.591720547
248.9622803,9.60E-07,5.19E-14,1.85E+07,,0.175394102,0.42959254,0.591719861
248.9644235,9.60E-07,5.19E-14,1.85E+07,,0.175394397,0.42959254,0.591719174
248.9665667,9.60E-07,5.19E-14,1.85E+07,,0.175394692,0.42959254,0.591718487
248.9687098,9.60E-07,5.19E-14,1.85E+07,,0.175394987,0.42959254,0.5917178
248.970853,9.60E-07,5.19E-14,1.85E+07,,0.175395281,0.42959254,0.591717116
248.9729961,9.60E-07,5.19E-14,1.85E+07,,0.175395576,0.42959254,0.591716429
248.9751393,9.60E-07,5.19E-14,1.85E+07,,0.175395871,0.42959254,0.591715743
248.9772825,9.60E-07,5.19E-14,1.85E+07,,0.175396166,0.42959254,0.591715056
248.9794256,9.60E-07,5.19E-14,1.85E+07,,0.175396461,0.42959254,0.591714369
248.9815688,9.60E-07,5.19E-14,1.85E+07,,0.175396756,0.42959254,0.591713683
248.983712,9.60E-07,5.19E-14,1.85E+07,,0.175397051,0.42959254,0.591712996
248.9858551,9.60E-07,5.19E-14,1.85E+07,,0.175397346,0.42959254,0.591712309
248.9879983,9.60E-07,5.19E-14,1.85E+07,,0.175397641,0.42959254,0.591711623
248.9901414,9.60E-07,5.19E-14,1.85E+07,,0.175397936,0.42959254,0.591710936
248.9922846,9.60E-07,5.19E-14,1.85E+07,,0.175398231,0.42959254,0.591710249
248.9944278,9.60E-07,5.19E-14,1.85E+07,,0.175398526,0.42959254,0.591709562
248.9965709,9.60E-07,5.19E-14,1.85E+07,,0.175398821,0.42959254,0.591708876
248.9987141,9.60E-07,5.19E-14,1.85E+07,,0.175399116,0.42959254,0.591708189
249.0008573,9.60E-07,5.19E-14,1.85E+07,,0.175399395,0.42959254,0.59170754
249.0030004,9.60E-07,5.19E-14,1.85E+07,,0.17539965,0.42959254,0.591706946
249.0051436,9.60E-07,5.19E-14,1.85E+07,,0.175399906,0.42959254,0.59170635
249.0072868,9.60E-07,5.19E-14,1.85E+07,,0.175400161,0.42959254,0.591705756
249.0094299,9.60E-07,5.19E-14,1.85E+07,,0.175400416,0.42959254,0.591705163
249.0115731,9.60E-07,5.19E-14,1.85E+07,,0.175400672,0.42959254,0.591704567
249.0137162,9.60E-07,5.19E-14,1.85E+07,,0.175400927,0.42959254,0.591703973
249.0158594,9.60E-07,5.19E-14,1.85E+07,,0.175401182,0.42959254,0.59170338
249.0180026,9.60E-07,5.19E-14,1.85E+07,,0.175401438,0.42959254,0.591702784
249.0201457,9.60E-07,5.19E-14,1.85E+07,,0.175401693,0.42959254,0.59170219
249.0222889,9.60E-07,5.19E-14,1.85E+07,,0.175401948,0.42959254,0.591701597
249.0244321,9.60E-07,5.19E-14,1.85E+07,,0.175402203,0.42959254,0.591701003
249.0265752,9.60E-07,5.19E-14,1.85E+07,,0.175402459,0.42959254,0.591700407
249.0287184,9.60E-07,5.19E-14,1.85E+07,,0.175402714,0.42959254,0.591699814
249.0308616,9.60E-07,5.19E-14,1.85E+07,,0.175402969,0.42959254,0.59169922
249.0330047,9.60E-07,5.19E-14,1.85E+07,,0.175403225,0.42959254,0.591698624
249.0351479,9.60E-07,5.19E-14,1.85E+07,,0.17540348,0.42959254,0.591698031
249.037291,9.60E-07,5.19E-14,1.85E+07,,0.175403735,0.42959254,0.591697437
249.0394342,9.60E-07,5.19E-14,1.85E+07,,0.175403991,0.42959254,0.591696841
249.0415774,9.60E-07,5.19E-14,1.85E+07,,0.175404246,0.42959254,0.591696247
249.0437205,9.60E-07,5.19E-14,1.85E+07,,0.175404501,0.42959254,0.591695654
249.0458637,9.60E-07,5.19E-14,1.85E+07,,0.175404756,0.42959254,0.59169506
249.0480069,9.60E-07,5.19E-14,1.85E+07,,0.175405012,0.42959254,0.591694464
249.05015,9.60E-07,5.19E-14,1.85E+07,,0.175405267,0.42959254,0.591693871
249.0522932,9.60E-07,5.19E-14,1.85E+07,,0.175405522,0.42959254,0.591693277
249.0544363,9.60E-07,5.19E-14,1.85E+07,,0.175405778,0.42959254,0.591692681
249.0565795,9.60E-07,5.19E-14,1.85E+07,,0.175406033,0.42959254,0.591692088
249.0587227,9.60E-07,5.19E-14,1.85E+07,,0.175406288,0.42959254,0.591691494
249.0608658,9.60E-07,5.19E-14,1.85E+07,,0.175406544,0.42959254,0.591690898
249.063009,9.60E-07,5.19E-14,1.85E+07,,0.175406799,0.42959254,0.591690305
249.0651522,9.60E-07,5.19E-14,1.85E+07,,0.175407054,0.42959254,0.591689711
249.0672953,9.60E-07,5.19E-14,1.85E+07,,0.175407309,0.42959254,0.591689117
249.0694385,9.60E-07,5.19E-14,1.85E+07,,0.175407565,0.42959254,0.591688522
249.0715817,9.60E-07,5.19E-14,1.85E+07,,0.17540782,0.42959254,0.591687928
249.0737248,9.60E-07,5.19E-14,1.85E+07,,0.175408075,0.42959254,0.591687334
249.075868,9.60E-07,5.19E-14,1.85E+07,,0.175408331,0.42959254,0.591686738
249.0780111,9.60E-07,5.19E-14,1.85E+07,,0.175408586,0.42959254,0.591686145
249.0801543,9.60E-07,5.19E-14,1.85E+07,,0.175408841,0.42959254,0.591685551
249.0822975,9.60E-07,5.19E-14,1.85E+07,,0.175409097,0.42959254,0.591684955
249.0844406,9.60E-07,5.19E-14,1.85E+07,,0.175409352,0.42959254,0.591684362
249.0865838,9.60E-07,5.19E-14,1.85E+07,,0.175409607,0.42959254,0.591683768
249.088727,9.60E-07,5.19E-14,1.85E+07,,0.175409862,0.42959254,0.591683175
249.0908701,9.60E-07,5.19E-14,1.85E+07,,0.175410118,0.42959254,0.591682579
249.0930133,9.60E-07,5.19E-14,1.85E+07,,0.175410373,0.42959254,0.591681985
249.0951565,9.60E-07,5.19E-14,1.85E+07,,0.175410628,0.42959254,0.591681392
249.0972996,9.60E-07,5.19E-14,1.85E+07,,0.175410884,0.42959254,0.591680796
249.0994428,9.60E-07,5.19E-14,1.85E+07,,0.175411139,0.42959254,0.591680202
249.1015859,9.60E-07,5.19E-14,1.85E+07,,0.175411394,0.42959254,0.591679608
249.1037291,9.60E-07,5.19E-14,1.85E+07,,0.17541165,0.42959254,0.591679013
249.1058723,9.60E-07,5.19E-14,1.85E+07,,0.175411905,0.42959254,0.591678419
249.1080154,9.60E-07,5.19E-14,1.85E+07,,0.17541216,0.42959254,0.591677825
249.1101586,9.60E-07,5.19E-14,1.85E+07,,0.175412415,0.42959254,0.591677232
249.1123018,9.60E-07,5.19E-14,1.85E+07,,0.175412671,0.42959254,0.591676636
249.1144449,9.60E-07,5.19E-14,1.85E+07,,0.175412926,0.42959254,0.591676042
249.1165881,9.60E-07,5.19E-14,1.85E+07,,0.175413181,0.42959254,0.591675449
249.1187312,9.60E-07,5.19E-14,1.85E+07,,0.175413437,0.42959254,0.591674853
249.1208744,9.60E-07,5.19E-14,1.85E+07,,0.175413692,0.42959254,0.591674259
249.1230176,9.60E-07,5.19E-14,1.85E+07,,0.175413947,0.42959254,0.591673666
249.1251607,9.60E-07,5.19E-14,1.85E+07,,0.175414203,0.42959254,0.59167307
249.1273039,9.60E-07,5.19E-14,1.85E+07,,0.175414458,0.42959254,0.591672476
249.1294471,9.60E-07,5.19E-14,1.85E+07,,0.175414713,0.42959254,0.591671883
249.1315902,9.60E-07,5.19E-14,1.85E+07,,0.175414968,0.42959254,0.591671289
249.1337334,9.60E-07,5.19E-14,1.85E+07,,0.175415224,0.42959254,0.591670693
249.1358766,9.60E-07,5.19E-14,1.85E+07,,0.175415479,0.42959254,0.591670099
249.1380197,9.59E-07,5.19E-14,1.85E+07,,0.175415734,0.42959254,0.591669506
249.1401629,9.59E-07,5.19E-14,1.85E+07,,0.17541599,0.42959254,0.59166891
249.142306,9.59E-07,5.19E-14,1.85E+07,,0.175416245,0.42959254,0.591668316
249.1444492,9.59E-07,5.19E-14,1.85E+07,,0.1754165,0.42959254,0.591667723
249.1465924,9.59E-07,5.19E-14,1.85E+07,,0.175416756,0.42959254,0.591667127
249.1487355,9.59E-07,5.19E-14,1.85E+07,,0.175417011,0.42959254,0.591666533
249.1508787,9.59E-07,5.19E-14,1.85E+07,,0.175417266,0.42959254,0.59166594
249.1530219,9.59E-07,5.19E-14,1.85E+07,,0.175417521,0.42959254,0.591665346
249.155165,9.59E-07,5.19E-14,1.85E+07,,0.175417777,0.42959254,0.59166475
249.1573082,9.59E-07,5.19E-14,1.85E+07,,0.175418032,0.42959254,0.591664157
249.1594514,9.59E-07,5.19E-14,1.85E+07,,0.175418287,0.42959254,0.591663563
249.1615945,9.59E-07,5.19E-14,1.85E+07,,0.175418543,0.42959254,0.591662967
249.1637377,9.59E-07,5.19E-14,1.85E+07,,0.175418798,0.42959254,0.591662374
249.1658808,9.59E-07,5.19E-14,1.85E+07,,0.175419053,0.42959254,0.59166178
249.168024,9.59E-07,5.19E-14,1.85E+07,,0.175419309,0.42959254,0.591661184
249.1701672,9.59E-07,5.19E-14,1.85E+07,,0.175419564,0.42959254,0.59166059
249.1723103,9.59E-07,5.19E-14,1.85E+07,,0.175419819,0.42959254,0.591659997
249.1744535,9.59E-07,5.19E-14,1.85E+07,,0.175420074,0.42959254,0.591659403
249.1765967,9.59E-07,5.19E-14,1.85E+07,,0.17542033,0.42959254,0.591658807
249.1787398,9.59E-07,5.19E-14,1.85E+07,,0.175420585,0.42959254,0.591658214
249.180883,9.59E-07,5.19E-14,1.85E+07,,0.17542084,0.42959254,0.59165762
249.1830261,9.59E-07,5.19E-14,1.85E+07,,0.175421096,0.42959254,0.591657024
249.1851693,9.59E-07,5.19E-14,1.85E+07,,0.175421351,0.42959254,0.591656431
249.1873125,9.59E-07,5.19E-14,1.85E+07,,0.175421606,0.42959254,0.591655837
249.1894556,9.59E-07,5.19E-14,1.85E+07,,0.175421862,0.42959254,0.591655241
249.1915988,9.59E-07,5.19E-14,1.85E+07,,0.175422117,0.42959254,0.591654648
249.193742,9.59E-07,5.19E-14,1.85E+07,,0.175422372,0.42959254,0.591654054
249.1958851,9.59E-07,5.19E-14,1.85E+07,,0.175422627,0.42959254,0.59165346
249.1980283,9.59E-07,5.19E-14,1.85E+07,,0.175422883,0.42959254,0.591652865
249.2001715,9.59E-07,5.19E-14,1.85E+07,,0.175423138,0.42959254,0.591652271
249.2023146,9.59E-07,5.19E-14,1.85E+07,,0.175423393,0.42959254,0.591651677
249.2044578,9.59E-07,5.19E-14,1.85E+07,,0.175423649,0.42959254,0.591651081
249.2066009,9.59E-07,5.19E-14,1.85E+07,,0.175423904,0.42959254,0.591650488
249.2087441,9.59E-07,5.19E-14,1.85E+07,,0.175424159,0.42959254,0.591649894
249.2108873,9.59E-07,5.19E-14,1.85E+07,,0.175424415,0.42959254,0.591649298
249.2130304,9.59E-07,5.19E-14,1.85E+07,,0.17542467,0.42959254,0.591648705
249.2151736,9.59E-07,5.19E-14,1.85E+07,,0.175424925,0.42959254,0.591648111
249.2173168,9.59E-07,5.19E-14,1.85E+07,,0.17542518,0.42959254,0.591647518
249.2194599,9.59E-07,5.19E-14,1.85E+07,,0.175425436,0.42959254,0.591646922
249.2216031,9.59E-07,5.19E-14,1.85E+07,,0.175425691,0.42959254,0.591646328
249.2237462,9.59E-07,5.19E-14,1.85E+07,,0.175425946,0.42959254,0.591645735
249.2258894,9.59E-07,5.19E-14,1.85E+07,,0.175426202,0.42959254,0.591645139
249.2280326,9.59E-07,5.19E-14,1.85E+07,,0.175426457,0.42959254,0.591644545
249.2301757,9.59E-07,5.19E-14,1.85E+07,,0.175426712,0.42959254,0.591643951
249.2323189,9.59E-07,5.19E-14,1.85E+07,,0.175426968,0.42959254,0.591643356
249.2344621,9.59E-07,5.19E-14,1.85E+07,,0.175427223,0.42959254,0.591642762
249.2366052,9.59E-07,5.19E-14,1.85E+07,,0.175427478,0.42959254,0.591642168
249.2387484,9.59E-07,5.19E-14,1.85E+07,,0.175427733,0.42959254,0.591641575
249.2408916,9.59E-07,5.19E-14,1.85E+07,,0.175427989,0.42959254,0.591640979
249.2430347,9.59E-07,5.19E-14,1.85E+07,,0.175428244,0.42959254,0.591640385
249.2451779,9.59E-07,5.19E-14,1.85E+07,,0.175428499,0.42959254,0.591639792
249.247321,9.59E-07,5.19E-14,1.85E+07,,0.175428755,0.42959254,0.591639196
249.2494642,9.59E-07,5.19E-14,1.85E+07,,0.17542901,0.42959254,0.591638602
249.2516074,9.59E-07,5.19E-14,1.85E+07,,0.175429265,0.42959254,0.591638009
249.2537505,9.59E-07,5.19E-14,1.85E+07,,0.175429521,0.42959254,0.591637413
249.2558937,9.59E-07,5.19E-14,1.85E+07,,0.175429776,0.42959254,0.591636819
249.2580369,9.59E-07,5.19E-14,1.85E+07,,0.175430031,0.42959254,0.591636225
249.26018,9.59E-07,5.19E-14,1.85E+07,,0.175430286,0.42959254,0.591635632
249.2623232,9.59E-07,5.19E-14,1.85E+07,,0.175430542,0.42959254,0.591635036
249.2644664,9.59E-07,5.19E-14,1.85E+07,,0.175430797,0.42959254,0.591634442
249.2666095,9.59E-07,5.19E-14,1.85E+07,,0.175431052,0.42959254,0.591633849
249.2687527,9.59E-07,5.19E-14,1.85E+07,,0.175431308,0.42959254,0.591633253
249.2708958,9.59E-07,5.19E-14,1.85E+07,,0.175431563,0.42959254,0.591632659
249.273039,9.59E-07,5.19E-14,1.85E+07,,0.175431818,0.42959254,0.591632066
249.2751822,9.59E-07,5.19E-14,1.85E+07,,0.175432074,0.42959254,0.59163147
249.2773253,9.59E-07,5.19E-14,1.85E+07,,0.175432329,0.42959254,0.591630876
249.2794685,9.59E-07,5.19E-14,1.85E+07,,0.175432584,0.42959254,0.591630283
249.2816117,9.59E-07,5.19E-14,1.85E+07,,0.175432839,0.42959254,0.591629689
249.2837548,9.59E-07,5.19E-14,1.85E+07,,0.175433095,0.42959254,0.591629093
249.285898,9.59E-07,5.19E-14,1.85E+07,,0.17543335,0.42959254,0.5916285
249.2880411,9.59E-07,5.19E-14,1.85E+07,,0.175433605,0.42959254,0.591627906
249.2901843,9.59E-07,5.19E-14,1.85E+07,,0.175433861,0.42959254,0.59162731
249.2923275,9.59E-07,5.19E-14,1.85E+07,,0.175434116,0.42959254,0.591626716
249.2944706,9.59E-07,5.19E-14,1.85E+07,,0.175434371,0.42959254,0.591626123
249.2966138,9.59E-07,5.19E-14,1.85E+07,,0.175434627,0.42959254,0.591625527
249.298757,9.59E-07,5.19E-14,1.85E+07,,0.175434882,0.42959254,0.591624933
249.3009001,9.59E-07,5.19E-14,1.85E+07,,0.175435137,0.42959254,0.59162434
249.3030433,9.59E-07,5.19E-14,1.85E+07,,0.175435392,0.42959254,0.591623746
249.3051865,9.59E-07,5.19E-14,1.85E+07,,0.175435648,0.42959254,0.59162315
249.3073296,9.59E-07,5.19E-14,1.85E+07,,0.175435903,0.42959254,0.591622557
249.3094728,9.59E-07,5.19E-14,1.85E+07,,0.175436158,0.42959254,0.591621963
249.3116159,9.59E-07,5.19E-14,1.85E+07,,0.175436414,0.42959254,0.591621367
249.3137591,9.59E-07,5.19E-14,1.85E+07,,0.175436669,0.42959254,0.591620774
249.3159023,9.59E-07,5.19E-14,1.85E+07,,0.175436924,0.42959254,0.59162018
249.3180454,9.59E-07,5.19E-14,1.85E+07,,0.17543718,0.42959254,0.591619584
249.3201886,9.59E-07,5.19E-14,1.85E+07,,0.175437435,0.42959254,0.591618991
249.3223318,9.59E-07,5.19E-14,1.85E+07,,0.17543769,0.42959254,0.591618397
249.3244749,9.59E-07,5.19E-14,1.85E+07,,0.175437945,0.42959254,0.591617803
249.3266181,9.59E-07,5.19E-14,1.85E+07,,0.175438201,0.42959254,0.591617207
249.3287613,9.59E-07,5.19E-14,1.85E+07,,0.175438456,0.42959254,0.591616614
249.3309044,9.59E-07,5.19E-14,1.85E+07,,0.175438711,0.42959254,0.59161602
249.3330476,9.59E-07,5.19E-14,1.85E+07,,0.175438967,0.42959254,0.591615424
249.3351907,9.59E-07,5.19E-14,1.85E+07,,0.175439222,0.42959254,0.591614831
249.3373339,9.59E-07,5.19E-14,1.85E+07,,0.175439477,0.42959254,0.591614237
249.3394771,9.59E-07,5.19E-14,1.85E+07,,0.175439733,0.42959254,0.591613641
249.3416202,9.59E-07,5.19E-14,1.85E+07,,0.175439988,0.42959254,0.591613048
249.3437634,9.59E-07,5.19E-14,1.85E+07,,0.175440243,0.42959254,0.591612454
249.3459066,9.59E-07,5.19E-14,1.85E+07,,0.175440498,0.42959254,0.591611861
249.3480497,9.59E-07,5.19E-14,1.85E+07,,0.175440754,0.42959254,0.591611265
249.3501929,9.59E-07,5.19E-14,1.85E+07,,0.175441009,0.42959254,0.591610671
249.352336,9.59E-07,5.19E-14,1.85E+07,,0.175441264,0.42959254,0.591610077
249.3544792,9.59E-07,5.19E-14,1.85E+07,,0.17544152,0.42959254,0.591609482
249.3566224,9.59E-07,5.19E-14,1.85E+07,,0.175441775,0.42959254,0.591608888
249.3587655,9.59E-07,5.19E-14,1.85E+07,,0.17544203,0.42959254,0.591608294
249.3609087,9.59E-07,5.19E-14,1.85E+07,,0.175442286,0.42959254,0.591607698
249.3630519,9.59E-07,5.19E-14,1.85E+07,,0.175442541,0.42959254,0.591607105
249.365195,9.59E-07,5.19E-14,1.85E+07,,0.175442796,0.42959254,0.591606511
249.3673382,9.59E-07,5.19E-14,1.85E+07,,0.175443051,0.42959254,0.591605918
249.3694814,9.59E-07,5.19E-14,1.85E+07,,0.175443307,0.42959254,0.591605322
249.3716245,9.59E-07,5.19E-14,1.85E+07,,0.175443562,0.42959254,0.591604728
249.3737677,9.59E-07,5.19E-14,1.85E+07,,0.175443817,0.42959254,0.591604135
249.3759108,9.59E-07,5.19E-14,1.85E+07,,0.175444073,0.42959254,0.591603539
249.378054,9.59E-07,5.19E-14,1.85E+07,,0.175444328,0.42959254,0.591602945
249.3801972,9.59E-07,5.19E-14,1.85E+07,,0.175444583,0.42959254,0.591602352
249.3823403,9.59E-07,5.19E-14,1.85E+07,,0.175444839,0.42959254,0.591601756
249.3844835,9.59E-07,5.19E-14,1.85E+07,,0.175445094,0.42959254,0.591601162
249.3866267,9.59E-07,5.19E-14,1.85E+07,,0.175445349,0.42959254,0.591600568
249.3887698,9.59E-07,5.19E-14,1.85E+07,,0.175445604,0.42959254,0.591599975
249.390913,9.59E-07,5.19E-14,1.85E+07,,0.17544586,0.42959254,0.591599379
249.3930562,9.59E-07,5.19E-14,1.85E+07,,0.175446115,0.42959254,0.591598785
249.3951993,9.59E-07,5.19E-14,1.85E+07,,0.17544637,0.42959254,0.591598192
249.3973425,9.59E-07,5.19E-14,1.85E+07,,0.175446626,0.42959254,0.591597596
249.3994856,9.59E-07,5.19E-14,1.85E+07,,0.175446881,0.42959254,0.591597002
249.4016288,9.59E-07,5.19E-14,1.85E+07,,0.175447136,0.42959254,0.591596409
249.403772,9.59E-07,5.19E-14,1.85E+07,,0.175447392,0.42959254,0.591595813
249.4059151,9.59E-07,5.19E-14,1.85E+07,,0.175447647,0.42959254,0.591595219
249.4080583,9.59E-07,5.19E-14,1.85E+07,,0.175447902,0.42959254,0.591594626
249.4102015,9.59E-07,5.19E-14,1.85E+07,,0.175448157,0.42959254,0.591594032
249.4123446,9.59E-07,5.19E-14,1.85E+07,,0.175448413,0.42959254,0.591593436
249.4144878,9.59E-07,5.19E-14,1.85E+07,,0.175448668,0.42959254,0.591592843
249.4166309,9.59E-07,5.19E-14,1.85E+07,,0.175448923,0.42959254,0.591592249
249.4187741,9.59E-07,5.19E-14,1.85E+07,,0.175449179,0.42959254,0.591591653
249.4209173,9.59E-07,5.19E-14,1.85E+07,,0.175449434,0.42959254,0.591591059
249.4230604,9.59E-07,5.19E-14,1.85E+07,,0.175449689,0.42959254,0.591590466
249.4252036,9.59E-07,5.19E-14,1.85E+07,,0.175449945,0.42959254,0.59158987
249.4273468,9.59E-07,5.19E-14,1.85E+07,,0.1754502,0.42959254,0.591589276
249.4294899,9.59E-07,5.19E-14,1.85E+07,,0.175450455,0.42959254,0.591588683
249.4316331,9.59E-07,5.19E-14,1.85E+07,,0.17545071,0.42959254,0.591588089
249.4337763,9.59E-07,5.19E-14,1.85E+07,,0.175450966,0.42959254,0.591587493
249.4359194,9.59E-07,5.19E-14,1.85E+07,,0.175451221,0.42959254,0.5915869
249.4380626,9.59E-07,5.19E-14,1.85E+07,,0.175451476,0.42959254,0.591586306
249.4402057,9.59E-07,5.19E-14,1.85E+07,,0.175451732,0.42959254,0.59158571
249.4423489,9.59E-07,5.19E-14,1.85E+07,,0.175451987,0.42959254,0.591585117
249.4444921,9.59E-07,5.19E-14,1.85E+07,,0.175452242,0.42959254,0.591584523
249.4466352,9.59E-07,5.19E-14,1.85E+07,,0.175452498,0.42959254,0.591583927
249.4487784,9.59E-07,5.19E-14,1.85E+07,,0.175452753,0.42959254,0.591583334
249.4509216,9.59E-07,5.19E-14,1.85E+07,,0.175453008,0.42959254,0.59158274
249.4530647,9.59E-07,5.19E-14,1.85E+07,,0.175453263,0.42959254,0.591582146
249.4552079,9.59E-07,5.19E-14,1.85E+07,,0.175453519,0.42959254,0.59158155
249.4573511,9.59E-07,5.19E-14,1.85E+07,,0.175453774,0.42959254,0.591580957
249.4594942,9.59E-07,5.19E-14,1.85E+07,,0.175454029,0.42959254,0.591580363
249.4616374,9.59E-07,5.19E-14,1.85E+07,,0.175454285,0.42959254,0.591579767
249.4637805,9.59E-07,5.19E-14,1.85E+07,,0.17545454,0.42959254,0.591579174
249.4659237,9.59E-07,5.19E-14,1.85E+07,,0.175454795,0.42959254,0.59157858
249.4680669,9.59E-07,5.19E-14,1.85E+07,,0.175455051,0.42959254,0.591577984
249.47021,9.59E-07,5.19E-14,1.85E+07,,0.175455306,0.42959254,0.591577391
249.4723532,9.59E-07,5.19E-14,1.85E+07,,0.175455561,0.42959254,0.591576797
249.4744964,9.59E-07,5.19E-14,1.85E+07,,0.175455816,0.42959254,0.591576204
249.4766395,9.59E-07,5.19E-14,1.85E+07,,0.175456072,0.42959254,0.591575608
249.4787827,9.59E-07,5.19E-14,1.85E+07,,0.175456327,0.42959254,0.591575014
249.4809258,9.59E-07,5.19E-14,1.85E+07,,0.175456582,0.42959254,0.59157442
249.483069,9.59E-07,5.19E-14,1.85E+07,,0.175456838,0.42959254,0.591573825
249.4852122,9.59E-07,5.19E-14,1.85E+07,,0.175457093,0.42959254,0.591573231
249.4873553,9.59E-07,5.19E-14,1.85E+07,,0.175457348,0.42959254,0.591572637
249.4894985,9.59E-07,5.19E-14,1.85E+07,,0.175457604,0.42959254,0.591572041
249.4916417,9.59E-07,5.19E-14,1.85E+07,,0.175457859,0.42959254,0.591571448
249.4937848,9.59E-07,5.19E-14,1.85E+07,,0.175458114,0.42959254,0.591570854
249.495928,9.59E-07,5.19E-14,1.85E+07,,0.175458369,0.42959254,0.591570261
249.4980712,9.59E-07,5.19E-14,1.85E+07,,0.175458625,0.42959254,0.591569665
249.5002143,9.59E-07,5.19E-14,1.85E+07,,0.17545888,0.42959254,0.591569071
249.5023575,9.59E-07,5.19E-14,1.85E+07,,0.175459135,0.42959254,0.591568478
249.5045006,9.59E-07,5.19E-14,1.85E+07,,0.175459391,0.42959254,0.591567882
249.5066438,9.59E-07,5.19E-14,1.85E+07,,0.175459646,0.42959254,0.591567288
249.508787,9.59E-07,5.19E-14,1.85E+07,,0.175459901,0.42959254,0.591566694
249.5109301,9.59E-07,5.19E-14,1.85E+07,,0.175460157,0.42959254,0.591566099
249.5130733,9.59E-07,5.19E-14,1.85E+07,,0.175460412,0.42959254,0.591565505
249.5152165,9.59E-07,5.19E-14,1.85E+07,,0.175460667,0.42959254,0.591564911
249.5173596,9.59E-07,5.19E-14,1.85E+07,,0.175460922,0.42959254,0.591564318
249.5195028,9.59E-07,5.19E-14,1.85E+07,,0.175461178,0.42959254,0.591563722
249.5216459,9.59E-07,5.19E-14,1.85E+07,,0.175461433,0.42959254,0.591563128
249.5237891,9.59E-07,5.19E-14,1.85E+07,,0.175461688,0.42959254,0.591562535
249.5259323,9.59E-07,5.19E-14,1.85E+07,,0.175461944,0.42959254,0.591561939
249.5280754,9.59E-07,5.19E-14,1.85E+07,,0.175462199,0.42959254,0.591561345
249.5302186,9.59E-07,5.19E-14,1.85E+07,,0.175462454,0.42959254,0.591560752
249.5323618,9.59E-07,5.19E-14,1.85E+07,,0.17546271,0.42959254,0.591560156
249.5345049,9.59E-07,5.19E-14,1.85E+07,,0.175462965,0.42959254,0.591559562
249.5366481,9.59E-07,5.19E-14,1.85E+07,,0.17546322,0.42959254,0.591558969
249.5387913,9.59E-07,5.19E-14,1.85E+07,,0.175463475,0.42959254,0.591558375
249.5409344,9.59E-07,5.19E-14,1.85E+07,,0.175463731,0.42959254,0.591557779
249.5430776,9.59E-07,5.19E-14,1.85E+07,,0.175463986,0.42959254,0.591557185
249.5452207,9.59E-07,5.19E-14,1.85E+07,,0.175464241,0.42959254,0.591556592
249.5473639,9.59E-07,5.19E-14,1.85E+07,,0.175464497,0.42959254,0.591555996
249.5495071,9.59E-07,5.19E-14,1.85E+07,,0.175464752,0.42959254,0.591555402
249.5516502,9.59E-07,5.19E-14,1.85E+07,,0.175465007,0.42959254,0.591554809
249.5537934,9.59E-07,5.19E-14,1.85E+07,,0.175465263,0.42959254,0.591554213
249.5559366,9.59E-07,5.19E-14,1.85E+07,,0.175465518,0.42959254,0.591553619
249.5580797,9.59E-07,5.19E-14,1.85E+07,,0.175465773,0.42959254,0.591553026
249.5602229,9.59E-07,5.19E-14,1.85E+07,,0.175466028,0.42959254,0.591552432
249.5623661,9.59E-07,5.19E-14,1.85E+07,,0.175466284,0.42959254,0.591551836
249.5645092,9.59E-07,5.19E-14,1.85E+07,,0.175466539,0.42959254,0.591551243
249.5666524,9.59E-07,5.19E-14,1.85E+07,,0.175466794,0.42959254,0.591550649
249.5687955,9.59E-07,5.19E-14,1.85E+07,,0.17546705,0.42959254,0.591550053
249.5709387,9.59E-07,5.19E-14,1.85E+07,,0.175467305,0.42959254,0.59154946
249.5730819,9.59E-07,5.19E-14,1.85E+07,,0.17546756,0.42959254,0.591548866
249.575225,9.59E-07,5.19E-14,1.85E+07,,0.175467816,0.42959254,0.59154827
249.5773682,9.59E-07,5.19E-14,1.85E+07,,0.175468071,0.42959254,0.591547676
249.5795114,9.59E-07,5.19E-14,1.85E+07,,0.175468326,0.42959254,0.591547083
249.5816545,9.59E-07,5.19E-14,1.85E+07,,0.175468581,0.42959254,0.591546489
249.5837977,9.59E-07,5.19E-14,1.85E+07,,0.175468837,0.42959254,0.591545893
249.5859408,9.59E-07,5.19E-14,1.85E+07,,0.175469092,0.42959254,0.5915453
249.588084,9.59E-07,5.19E-14,1.85E+07,,0.175469347,0.42959254,0.591544706
249.5902272,9.59E-07,5.19E-14,1.85E+07,,0.175469603,0.42959254,0.59154411
249.5923703,9.59E-07,5.19E-14,1.85E+07,,0.175469858,0.42959254,0.591543517
249.5945135,9.58E-07,5.19E-14,1.85E+07,,0.175470113,0.42959254,0.591542923
249.5966567,9.58E-07,5.19E-14,1.85E+07,,0.175470369,0.42959254,0.591542327
249.5987998,9.58E-07,5.19E-14,1.85E+07,,0.175470624,0.42959254,0.591541734
249.600943,9.58E-07,5.19E-14,1.85E+07,,0.175470879,0.42959254,0.59154114
249.6030862,9.58E-07,5.19E-14,1.85E+07,,0.175471134,0.42959254,0.591540546
249.6052293,9.58E-07,5.19E-14,1.85E+07,,0.17547139,0.42959254,0.591539951
249.6073725,9.58E-07,5.19E-14,1.85E+07,,0.175471645,0.42959254,0.591539357
249.6095156,9.58E-07,5.19E-14,1.85E+07,,0.1754719,0.42959254,0.591538763
249.6116588,9.58E-07,5.19E-14,1.85E+07,,0.175472156,0.42959254,0.591538167
249.613802,9.58E-07,5.19E-14,1.85E+07,,0.175472411,0.42959254,0.591537574
249.6159451,9.58E-07,5.19E-14,1.85E+07,,0.175472666,0.42959254,0.59153698
249.6180883,9.58E-07,5.19E-14,1.85E+07,,0.175472922,0.42959254,0.591536384
249.6202315,9.58E-07,5.19E-14,1.85E+07,,0.175473177,0.42959254,0.591535791
249.6223746,9.58E-07,5.19E-14,1.85E+07,,0.175473432,0.42959254,0.591535197
249.6245178,9.58E-07,5.19E-14,1.85E+07,,0.175473687,0.42959254,0.591534604
249.626661,9.58E-07,5.19E-14,1.85E+07,,0.175473943,0.42959254,0.591534008
249.6288041,9.58E-07,5.19E-14,1.85E+07,,0.175474198,0.42959254,0.591533414
249.6309473,9.58E-07,5.19E-14,1.85E+07,,0.175474453,0.42959254,0.591532821
249.6330904,9.58E-07,5.19E-14,1.85E+07,,0.175474709,0.42959254,0.591532225
249.6352336,9.58E-07,5.19E-14,1.85E+07,,0.175474964,0.42959254,0.591531631
249.6373768,9.58E-07,5.19E-14,1.85E+07,,0.175475219,0.42959254,0.591531037
249.6395199,9.58E-07,5.19E-14,1.85E+07,,0.175475475,0.42959254,0.591530442
249.6416631,9.58E-07,5.19E-14,1.85E+07,,0.17547573,0.42959254,0.591529848
249.6438063,9.58E-07,5.19E-14,1.85E+07,,0.175475985,0.42959254,0.591529254
249.6459494,9.58E-07,5.19E-14,1.85E+07,,0.17547624,0.42959254,0.591528661
249.6480926,9.58E-07,5.19E-14,1.85E+07,,0.175476496,0.42959254,0.591528065
249.6502357,9.58E-07,5.19E-14,1.85E+07,,0.175476751,0.42959254,0.591527471
249.6523789,9.58E-07,5.19E-14,1.85E+07,,0.175477006,0.42959254,0.591526878
249.6545221,9.58E-07,5.19E-14,1.85E+07,,0.175477262,0.42959254,0.591526282
249.6566652,9.58E-07,5.19E-14,1.85E+07,,0.175477517,0.42959254,0.591525688
249.6588084,9.58E-07,5.19E-14,1.85E+07,,0.175477772,0.42959254,0.591525095
249.6609516,9.58E-07,5.19E-14,1.85E+07,,0.175478028,0.42959254,0.591524499
249.6630947,9.58E-07,5.19E-14,1.85E+07,,0.175478283,0.42959254,0.591523905
249.6652379,9.58E-07,5.19E-14,1.85E+07,,0.175478538,0.42959254,0.591523312
249.6673811,9.58E-07,5.19E-14,1.85E+07,,0.175478793,0.42959254,0.591522718
249.6695242,9.58E-07,5.19E-14,1.85E+07,,0.175479049,0.42959254,0.591522122
249.6716674,9.58E-07,5.19E-14,1.85E+07,,0.175479304,0.42959254,0.591521528
249.6738105,9.58E-07,5.19E-14,1.85E+07,,0.175479559,0.42959254,0.591520935
249.6759537,9.58E-07,5.19E-14,1.85E+07,,0.175479815,0.42959254,0.591520339
249.6780969,9.58E-07,5.19E-14,1.85E+07,,0.17548007,0.42959254,0.591519745
249.68024,9.58E-07,5.19E-14,1.85E+07,,0.175480325,0.42959254,0.591519152
249.6823832,9.58E-07,5.19E-14,1.85E+07,,0.175480581,0.42959254,0.591518556
249.6845264,9.58E-07,5.19E-14,1.85E+07,,0.175480836,0.42959254,0.591517962
249.6866695,9.58E-07,5.19E-14,1.85E+07,,0.175481091,0.42959254,0.591517369
249.6888127,9.58E-07,5.19E-14,1.85E+07,,0.175481346,0.42959254,0.591516775
249.6909559,9.58E-07,5.19E-14,1.85E+07,,0.175481602,0.42959254,0.591516179
249.693099,9.58E-07,5.19E-14,1.85E+07,,0.175481857,0.42959254,0.591515586
249.6952422,9.58E-07,5.19E-14,1.85E+07,,0.175482112,0.42959254,0.591514992
249.6973853,9.58E-07,5.19E-14,1.85E+07,,0.175482368,0.42959254,0.591514396
249.6995285,9.58E-07,5.19E-14,1.85E+07,,0.175482623,0.42959254,0.591513803
249.7016717,9.58E-07,5.19E-14,1.85E+07,,0.175482878,0.42959254,0.591513209
249.7038148,9.58E-07,5.19E-14,1.85E+07,,0.175483134,0.42959254,0.591512613
249.705958,9.58E-07,5.19E-14,1.85E+07,,0.175483389,0.42959254,0.591512019
249.7081012,9.58E-07,5.19E-14,1.85E+07,,0.175483644,0.42959254,0.591511426
249.7102443,9.58E-07,5.19E-14,1.85E+07,,0.175483899,0.42959254,0.591510832
249.7123875,9.58E-07,5.19E-14,1.85E+07,,0.175484155,0.42959254,0.591510236
249.7145306,9.58E-07,5.19E-14,1.85E+07,,0.17548441,0.42959254,0.591509643
249.7166738,9.58E-07,5.19E-14,1.85E+07,,0.175484665,0.42959254,0.591509049
249.718817,9.58E-07,5.19E-14,1.85E+07,,0.175484921,0.42959254,0.591508453
249.7209601,9.58E-07,5.19E-14,1.85E+07,,0.175485176,0.42959254,0.59150786
249.7231033,9.58E-07,5.19E-14,1.85E+07,,0.175485431,0.42959254,0.591507266
249.7252465,9.58E-07,5.19E-14,1.85E+07,,0.175485687,0.42959254,0.59150667
249.7273896,9.58E-07,5.19E-14,1.85E+07,,0.175485942,0.42959254,0.591506077
249.7295328,9.58E-07,5.19E-14,1.85E+07,,0.175486197,0.42959254,0.591505483
249.731676,9.58E-07,5.19E-14,1.85E+07,,0.175486452,0.42959254,0.591504889
249.7338191,9.58E-07,5.19E-14,1.85E+07,,0.175486708,0.42959254,0.591504294
249.7359623,9.58E-07,5.19E-14,1.85E+07,,0.175486963,0.42959254,0.5915037
249.7381054,9.58E-07,5.19E-14,1.85E+07,,0.175487218,0.42959254,0.591503106
249.7402486,9.58E-07,5.19E-14,1.85E+07,,0.175487474,0.42959254,0.59150251
249.7423918,9.58E-07,5.19E-14,1.85E+07,,0.175487729,0.42959254,0.591501917
249.7445349,9.58E-07,5.19E-14,1.85E+07,,0.175487984,0.42959254,0.591501323
249.7466781,9.58E-07,5.19E-14,1.85E+07,,0.17548824,0.42959254,0.591500727
249.7488213,9.58E-07,5.19E-14,1.85E+07,,0.175488495,0.42959254,0.591500134
249.7509644,9.58E-07,5.19E-14,1.85E+07,,0.17548875,0.42959254,0.59149954
249.7531076,9.58E-07,5.19E-14,1.85E+07,,0.175489005,0.42959254,0.591498947
249.7552508,9.58E-07,5.19E-14,1.85E+07,,0.175489261,0.42959254,0.591498351
249.7573939,9.58E-07,5.19E-14,1.85E+07,,0.175489516,0.42959254,0.591497757
249.7595371,9.58E-07,5.19E-14,1.85E+07,,0.175489771,0.42959254,0.591497163
249.7616802,9.58E-07,5.19E-14,1.85E+07,,0.175490027,0.42959254,0.591496568
249.7638234,9.58E-07,5.19E-14,1.85E+07,,0.175490282,0.42959254,0.591495974
249.7659666,9.58E-07,5.19E-14,1.85E+07,,0.175490537,0.42959254,0.59149538
249.7681097,9.58E-07,5.19E-14,1.85E+07,,0.175490793,0.42959254,0.591494784
249.7702529,9.58E-07,5.19E-14,1.85E+07,,0.175491048,0.42959254,0.591494191
249.7723961,9.58E-07,5.19E-14,1.85E+07,,0.175491303,0.42959254,0.591493597
249.7745392,9.58E-07,5.19E-14,1.85E+07,,0.175491558,0.42959254,0.591493004
249.7766824,9.58E-07,5.19E-14,1.85E+07,,0.175491814,0.42959254,0.591492408
249.7788255,9.58E-07,5.19E-14,1.85E+07,,0.175492069,0.42959254,0.591491814
249.7809687,9.58E-07,5.19E-14,1.85E+07,,0.175492324,0.42959254,0.591491221
249.7831119,9.58E-07,5.19E-14,1.85E+07,,0.17549258,0.42959254,0.591490625
249.785255,9.58E-07,5.19E-14,1.85E+07,,0.175492835,0.42959254,0.591490031
249.7873982,9.58E-07,5.19E-14,1.85E+07,,0.17549309,0.42959254,0.591489438
249.7895414,9.58E-07,5.19E-14,1.85E+07,,0.175493346,0.42959254,0.591488842
249.7916845,9.58E-07,5.19E-14,1.85E+07,,0.175493601,0.42959254,0.591488248
249.7938277,9.58E-07,5.19E-14,1.85E+07,,0.175493856,0.42959254,0.591487654
249.7959709,9.58E-07,5.19E-14,1.85E+07,,0.175494111,0.42959254,0.591487061
249.798114,9.58E-07,5.19E-14,1.85E+07,,0.175494367,0.42959254,0.591486465
249.8002572,9.58E-07,5.19E-14,1.85E+07,,0.175494622,0.42959254,0.591485871
249.8024003,9.58E-07,5.19E-14,1.85E+07,,0.175494877,0.42959254,0.591485278
249.8045435,9.58E-07,5.19E-14,1.85E+07,,0.175495133,0.42959254,0.591484682
249.8066867,9.58E-07,5.19E-14,1.85E+07,,0.175495388,0.42959254,0.591484088
249.8088298,9.58E-07,5.19E-14,1.85E+07,,0.175495643,0.42959254,0.591483495
249.810973,9.58E-07,5.19E-14,1.85E+07,,0.175495899,0.42959254,0.591482899
249.8131162,9.58E-07,5.19E-14,1.85E+07,,0.175496154,0.42959254,0.591482305
249.8152593,9.58E-07,5.19E-14,1.85E+07,,0.175496409,0.42959254,0.591481712
249.8174025,9.58E-07,5.19E-14,1.85E+07,,0.175496664,0.42959254,0.591481118
249.8195456,9.58E-07,5.19E-14,1.85E+07,,0.17549692,0.42959254,0.591480522
249.8216888,9.58E-07,5.19E-14,1.85E+07,,0.175497175,0.42959254,0.591479929
249.823832,9.58E-07,5.19E-14,1.85E+07,,0.17549743,0.42959254,0.591479335
249.8259751,9.58E-07,5.19E-14,1.85E+07,,0.175497686,0.42959254,0.591478739
249.8281183,9.58E-07,5.19E-14,1.85E+07,,0.175497941,0.42959254,0.591478145
249.8302615,9.58E-07,5.19E-14,1.85E+07,,0.175498196,0.42959254,0.591477552
249.8324046,9.58E-07,5.19E-14,1.85E+07,,0.175498452,0.42959254,0.591476956
249.8345478,9.58E-07,5.19E-14,1.85E+07,,0.175498707,0.42959254,0.591476362
249.836691,9.58E-07,5.19E-14,1.85E+07,,0.175498962,0.42959254,0.591475769
249.8388341,9.58E-07,5.19E-14,1.85E+07,,0.175499217,0.42959254,0.591475175
249.8409773,9.58E-07,5.19E-14,1.85E+07,,0.175499473,0.42959254,0.591474579
249.8431204,9.58E-07,5.19E-14,1.85E+07,,0.175499728,0.42959254,0.591473986
249.8452636,9.58E-07,5.19E-14,1.85E+07,,0.175499983,0.42959254,0.591473392
249.8474068,9.58E-07,5.19E-14,1.85E+07,,0.175500239,0.42959254,0.591472796
249.8495499,9.58E-07,5.19E-14,1.85E+07,,0.175500494,0.42959254,0.591472203
249.8516931,9.58E-07,5.19E-14,1.85E+07,,0.175500749,0.42959254,0.591471609
249.8538363,9.58E-07,5.19E-14,1.85E+07,,0.175501005,0.42959254,0.591471013
249.8559794,9.58E-07,5.19E-14,1.85E+07,,0.17550126,0.42959254,0.59147042
249.8581226,9.58E-07,5.19E-14,1.85E+07,,0.175501515,0.42959254,0.591469826
249.8602658,9.58E-07,5.19E-14,1.85E+07,,0.17550177,0.42959254,0.591469232
249.8624089,9.58E-07,5.19E-14,1.85E+07,,0.175502026,0.42959254,0.591468636
249.8645521,9.58E-07,5.19E-14,1.85E+07,,0.175502281,0.42959254,0.591468043
249.8666952,9.58E-07,5.19E-14,1.85E+07,,0.175502536,0.42959254,0.591467449
249.8688384,9.58E-07,5.19E-14,1.85E+07,,0.175502792,0.42959254,0.591466853
249.8709816,9.58E-07,5.19E-14,1.85E+07,,0.175503047,0.42959254,0.59146626
249.8731247,9.58E-07,5.19E-14,1.85E+07,,0.175503302,0.42959254,0.591465666
249.8752679,9.58E-07,5.19E-14,1.85E+07,,0.175503558,0.42959254,0.59146507
249.8774111,9.58E-07,5.19E-14,1.85E+07,,0.175503813,0.42959254,0.591464477
249.8795542,9.58E-07,5.19E-14,1.85E+07,,0.175504068,0.42959254,0.591463883
249.8816974,9.58E-07,5.19E-14,1.85E+07,,0.175504323,0.42959254,0.59146329
249.8838405,9.58E-07,5.19E-14,1.85E+07,,0.175504579,0.42959254,0.591462694
249.8859837,9.58E-07,5.19E-14,1.85E+07,,0.175504834,0.42959254,0.5914621
249.8881269,9.58E-07,5.19E-14,1.85E+07,,0.175505089,0.42959254,0.591461506
249.89027,9.58E-07,5.19E-14,1.85E+07,,0.175505345,0.42959254,0.591460911
249.8924132,9.58E-07,5.19E-14,1.85E+07,,0.1755056,0.42959254,0.591460317
249.8945564,9.58E-07,5.19E-14,1.85E+07,,0.175505855,0.42959254,0.591459723
249.8966995,9.58E-07,5.19E-14,1.85E+07,,0.175506111,0.42959254,0.591459127
249.8988427,9.58E-07,5.19E-14,1.85E+07,,0.175506366,0.42959254,0.591458534
249.9009859,9.58E-07,5.19E-14,1.85E+07,,0.175506621,0.42959254,0.59145794
249.903129,9.58E-07,5.19E-14,1.85E+07,,0.175506876,0.42959254,0.591457347
249.9052722,9.58E-07,5.19E-14,1.85E+07,,0.175507132,0.42959254,0.591456751
249.9074153,9.58E-07,5.19E-14,1.85E+07,,0.175507387,0.42959254,0.591456157
249.9095585,9.58E-07,5.19E-14,1.85E+07,,0.175507642,0.42959254,0.591455564
249.9117017,9.58E-07,5.19E-14,1.85E+07,,0.175507898,0.42959254,0.591454968
249.9138448,9.58E-07,5.19E-14,1.85E+07,,0.175508153,0.42959254,0.591454374
249.915988,9.58E-07,5.19E-14,1.85E+07,,0.175508408,0.42959254,0.591453781
249.9181312,9.58E-07,5.19E-14,1.85E+07,,0.175508664,0.42959254,0.591453185
249.9202743,9.58E-07,5.19E-14,1.85E+07,,0.175508919,0.42959254,0.591452591
249.9224175,9.58E-07,5.19E-14,1.85E+07,,0.175509174,0.42959254,0.591451997
249.9245607,9.58E-07,5.19E-14,1.85E+07,,0.175509429,0.42959254,0.591451404
249.9267038,9.58E-07,5.19E-14,1.85E+07,,0.175509685,0.42959254,0.591450808
249.928847,9.58E-07,5.19E-14,1.85E+07,,0.17550994,0.42959254,0.591450214
249.9309901,9.58E-07,5.19E-14,1.85E+07,,0.175510195,0.42959254,0.591449621
249.9331333,9.58E-07,5.19E-14,1.85E+07,,0.175510451,0.42959254,0.591449025
249.9352765,9.58E-07,5.19E-14,1.85E+07,,0.175510706,0.42959254,0.591448431
249.9374196,9.58E-07,5.19E-14,1.85E+07,,0.175510961,0.42959254,0.591447838
249.9395628,9.58E-07,5.19E-14,1.85E+07,,0.175511217,0.42959254,0.591447242
249.941706,9.58E-07,5.19E-14,1.85E+07,,0.175511472,0.42959254,0.591446648
249.9438491,9.58E-07,5.19E-14,1.85E+07,,0.175511727,0.42959254,0.591446055
249.9459923,9.58E-07,5.19E-14,1.85E+07,,0.175511982,0.42959254,0.591445461
249.9481354,9.58E-07,5.19E-14,1.85E+07,,0.175512238,0.42959254,0.591444865
249.9502786,9.58E-07,5.19E-14,1.85E+07,,0.175512493,0.42959254,0.591444272
249.9524218,9.58E-07,5.19E-14,1.85E+07,,0.175512748,0.42959254,0.591443678
249.9545649,9.58E-07,5.19E-14,1.85E+07,,0.175513004,0.42959254,0.591443082
249.9567081,9.58E-07,5.19E-14,1.85E+07,,0.175513259,0.42959254,0.591442488
249.9588513,9.58E-07,5.19E-14,1.85E+07,,0.175513514,0.42959254,0.591441895
249.9609944,9.58E-07,5.19E-14,1.85E+07,,0.17551377,0.42959254,0.591441299
249.9631376,9.58E-07,5.19E-14,1.85E+07,,0.175514025,0.42959254,0.591440705
249.9652808,9.58E-07,5.19E-14,1.85E+07,,0.17551428,0.42959254,0.591440112
249.9674239,9.58E-07,5.19E-14,1.85E+07,,0.175514535,0.42959254,0.591439518
249.9695671,9.58E-07,5.19E-14,1.85E+07,,0.175514791,0.42959254,0.591438922
249.9717102,9.58E-07,5.19E-14,1.85E+07,,0.175515046,0.42959254,0.591438329
249.9738534,9.58E-07,5.19E-14,1.85E+07,,0.175515301,0.42959254,0.591437735
249.9759966,9.58E-07,5.19E-14,1.85E+07,,0.175515557,0.42959254,0.591437139
249.9781397,9.58E-07,5.19E-14,1.85E+07,,0.175515812,0.42959254,0.591436546
249.9802829,9.58E-07,5.19E-14,1.85E+07,,0.175516067,0.42959254,0.591435952
249.9824261,9.58E-07,5.19E-14,1.85E+07,,0.175516323,0.42959254,0.591435356
249.9845692,9.58E-07,5.19E-14,1.85E+07,,0.175516578,0.42959254,0.591434762
249.9867124,9.58E-07,5.19E-14,1.85E+07,,0.175516833,0.42959254,0.591434169
249.9888556,9.58E-07,5.19E-14,1.85E+07,,0.175517088,0.42959254,0.591433575
249.9909987,9.58E-07,5.19E-14,1.85E+07,,0.175517344,0.42959254,0.591432979
249.9931419,9.58E-07,5.19E-14,1.85E+07,,0.175517599,0.42959254,0.591432386
249.995285,9.58E-07,5.19E-14,1.85E+07,,0.175517854,0.42959254,0.591431792
249.9974282,9.58E-07,5.19E-14,1.85E+07,,0.17551811,0.42959254,0.591431196
249.9995714,9.58E-07,5.19E-14,1.85E+07,,0.175518365,0.42959254,0.591430603
250.0017145,9.58E-07,5.19E-14,1.85E+07,,0.175518599,0.42959254,0.591430058
250.0038577,9.58E-07,5.19E-14,1.85E+07,,0.175518827,0.42959254,0.591429527
250.0060009,9.58E-07,5.19E-14,1.85E+07,,0.175519056,0.42959254,0.591428994
250.008144,9.58E-07,5.19E-14,1.85E+07,,0.175519284,0.42959254,0.591428464
250.0102872,9.58E-07,5.19E-14,1.85E+07,,0.175519513,0.42959254,0.59142793
250.0124303,9.58E-07,5.19E-14,1.85E+07,,0.175519741,0.42959254,0.5914274
250.0145735,9.58E-07,5.19E-14,1.85E+07,,0.17551997,0.42959254,0.591426867
250.0167167,9.58E-07,5.19E-14,1.85E+07,,0.175520198,0.42959254,0.591426336
250.0188598,9.58E-07,5.19E-14,1.85E+07,,0.175520427,0.42959254,0.591425803
250.021003,9.58E-07,5.19E-14,1.85E+07,,0.175520655,0.42959254,0.591425272
250.0231462,9.58E-07,5.19E-14,1.85E+07,,0.175520883,0.42959254,0.591424741
250.0252893,9.58E-07,5.19E-14,1.85E+07,,0.175521112,0.42959254,0.591424208
250.0274325,9.58E-07,5.19E-14,1.85E+07,,0.17552134,0.42959254,0.591423678
250.0295757,9.58E-07,5.19E-14,1.85E+07,,0.175521569,0.42959254,0.591423145
250.0317188,9.58E-07,5.19E-14,1.85E+07,,0.175521797,0.42959254,0.591422614
250.033862,9.58E-07,5.19E-14,1.85E+07,,0.175522026,0.42959254,0.591422081
250.0360051,9.58E-07,5.19E-14,1.85E+07,,0.175522254,0.42959254,0.59142155
250.0381483,9.58E-07,5.19E-14,1.85E+07,,0.175522483,0.42959254,0.591421017
250.0402915,9.58E-07,5.19E-14,1.85E+07,,0.175522711,0.42959254,0.591420486
250.0424346,9.58E-07,5.19E-14,1.85E+07,,0.17552294,0.42959254,0.591419953
250.0445778,9.58E-07,5.19E-14,1.85E+07,,0.175523168,0.42959254,0.591419422
250.046721,9.58E-07,5.19E-14,1.85E+07,,0.175523397,0.42959254,0.591418889
250.0488641,9.58E-07,5.19E-14,1.85E+07,,0.175523625,0.42959254,0.591418359
250.0510073,9.58E-07,5.19E-14,1.85E+07,,0.175523854,0.42959254,0.591417826
250.0531505,9.58E-07,5.19E-14,1.85E+07,,0.175524082,0.42959254,0.591417295
250.0552936,9.57E-07,5.19E-14,1.84E+07,,0.17552431,0.42959254,0.591416764
250.0574368,9.57E-07,5.19E-14,1.84E+07,,0.175524539,0.42959254,0.591416231
250.0595799,9.57E-07,5.19E-14,1.84E+07,,0.175524767,0.42959254,0.5914157
250.0617231,9.57E-07,5.19E-14,1.84E+07,,0.175524996,0.42959254,0.591415167
250.0638663,9.57E-07,5.19E-14,1.84E+07,,0.175525224,0.42959254,0.591414636
250.0660094,9.57E-07,5.19E-14,1.84E+07,,0.175525453,0.42959254,0.591414103
250.0681526,9.57E-07,5.19E-14,1.84E+07,,0.175525681,0.42959254,0.591413573
250.0702958,9.57E-07,5.19E-14,1.84E+07,,0.17552591,0.42959254,0.59141304
250.0724389,9.57E-07,5.19E-14,1.84E+07,,0.175526138,0.42959254,0.591412509
250.0745821,9.57E-07,5.19E-14,1.84E+07,,0.175526367,0.42959254,0.591411976
250.0767252,9.57E-07,5.19E-14,1.84E+07,,0.175526595,0.42959254,0.591411445
250.0788684,9.57E-07,5.19E-14,1.84E+07,,0.175526824,0.42959254,0.591410912
250.0810116,9.57E-07,5.19E-14,1.84E+07,,0.175527052,0.42959254,0.591410381
250.0831547,9.57E-07,5.19E-14,1.84E+07,,0.175527281,0.42959254,0.591409848
250.0852979,9.57E-07,5.19E-14,1.84E+07,,0.175527509,0.42959254,0.591409317
250.0874411,9.57E-07,5.19E-14,1.84E+07,,0.175527737,0.42959254,0.591408787
250.0895842,9.57E-07,5.19E-14,1.84E+07,,0.175527966,0.42959254,0.591408254
250.0917274,9.57E-07,5.19E-14,1.84E+07,,0.175528194,0.42959254,0.591407723
250.0938706,9.57E-07,5.19E-14,1.84E+07,,0.175528423,0.42959254,0.59140719
250.0960137,9.57E-07,5.19E-14,1.84E+07,,0.175528651,0.42959254,0.591406659
250.0981569,9.57E-07,5.19E-14,1.84E+07,,0.17552888,0.42959254,0.591406126
250.1003,9.57E-07,5.19E-14,1.84E+07,,0.175529108,0.42959254,0.591405595
250.1024432,9.57E-07,5.19E-14,1.84E+07,,0.175529337,0.42959254,0.591405062
250.1045864,9.57E-07,5.19E-14,1.84E+07,,0.175529565,0.42959254,0.591404532
250.1067295,9.57E-07,5.19E-14,1.84E+07,,0.175529794,0.42959254,0.591403998
250.1088727,9.57E-07,5.19E-14,1.84E+07,,0.175530022,0.42959254,0.591403468
250.1110159,9.57E-07,5.19E-14,1.84E+07,,0.175530251,0.42959254,0.591402935
250.113159,9.57E-07,5.19E-14,1.84E+07,,0.175530479,0.42959254,0.591402404
250.1153022,9.57E-07,5.19E-14,1.84E+07,,0.175530708,0.42959254,0.591401871
250.1174453,9.57E-07,5.19E-14,1.84E+07,,0.175530936,0.42959254,0.59140134
250.1195885,9.57E-07,5.19E-14,1.84E+07,,0.175531164,0.42959254,0.591400809
250.1217317,9.57E-07,5.19E-14,1.84E+07,,0.175531393,0.42959254,0.591400276
250.1238748,9.57E-07,5.19E-14,1.84E+07,,0.175531621,0.42959254,0.591399746
250.126018,9.57E-07,5.19E-14,1.84E+07,,0.17553185,0.42959254,0.591399213
250.1281612,9.57E-07,5.19E-14,1.84E+07,,0.175532078,0.42959254,0.591398682
250.1303043,9.57E-07,5.19E-14,1.84E+07,,0.175532307,0.42959254,0.591398149
250.1324475,9.57E-07,5.19E-14,1.84E+07,,0.175532535,0.42959254,0.591397618
250.1345907,9.57E-07,5.19E-14,1.84E+07,,0.175532764,0.42959254,0.591397085
250.1367338,9.57E-07,5.19E-14,1.84E+07,,0.175532992,0.42959254,0.591396554
250.138877,9.57E-07,5.19E-14,1.84E+07,,0.175533221,0.42959254,0.591396021
250.1410201,9.57E-07,5.19E-14,1.84E+07,,0.175533449,0.42959254,0.59139549
250.1431633,9.57E-07,5.19E-14,1.84E+07,,0.175533678,0.42959254,0.591394957
250.1453065,9.57E-07,5.19E-14,1.84E+07,,0.175533906,0.42959254,0.591394427
250.1474496,9.57E-07,5.19E-14,1.84E+07,,0.175534135,0.42959254,0.591393894
250.1495928,9.57E-07,5.19E-14,1.84E+07,,0.175534363,0.42959254,0.591393363
250.151736,9.57E-07,5.19E-14,1.84E+07,,0.175534592,0.42959254,0.59139283
250.1538791,9.57E-07,5.19E-14,1.84E+07,,0.17553482,0.42959254,0.591392299
250.1560223,9.57E-07,5.19E-14,1.84E+07,,0.175535048,0.42959254,0.591391768
250.1581655,9.57E-07,5.19E-14,1.84E+07,,0.175535277,0.42959254,0.591391235
250.1603086,9.57E-07,5.19E-14,1.84E+07,,0.175535505,0.42959254,0.591390704
250.1624518,9.57E-07,5.19E-14,1.84E+07,,0.175535734,0.42959254,0.591390171
250.1645949,9.57E-07,5.19E-14,1.84E+07,,0.175535962,0.42959254,0.591389641
250.1667381,9.57E-07,5.19E-14,1.84E+07,,0.175536191,0.42959254,0.591389108
250.1688813,9.57E-07,5.19E-14,1.84E+07,,0.175536419,0.42959254,0.591388577
250.1710244,9.57E-07,5.19E-14,1.84E+07,,0.175536648,0.42959254,0.591388044
250.1731676,9.57E-07,5.19E-14,1.84E+07,,0.175536876,0.42959254,0.591387513
250.1753108,9.57E-07,5.19E-14,1.84E+07,,0.175537105,0.42959254,0.59138698
250.1774539,9.57E-07,5.19E-14,1.84E+07,,0.175537333,0.42959254,0.591386449
250.1795971,9.57E-07,5.19E-14,1.84E+07,,0.175537562,0.42959254,0.591385916
250.1817402,9.57E-07,5.19E-14,1.84E+07,,0.17553779,0.42959254,0.591385385
250.1838834,9.57E-07,5.19E-14,1.84E+07,,0.175538019,0.42959254,0.591384852
250.1860266,9.57E-07,5.19E-14,1.84E+07,,0.175538247,0.42959254,0.591384322
250.1881697,9.57E-07,5.19E-14,1.84E+07,,0.175538475,0.42959254,0.591383791
250.1903129,9.57E-07,5.19E-14,1.84E+07,,0.175538704,0.42959254,0.591383258
250.1924561,9.57E-07,5.19E-14,1.84E+07,,0.175538932,0.42959254,0.591382727
250.1945992,9.57E-07,5.19E-14,1.84E+07,,0.175539161,0.42959254,0.591382194
250.1967424,9.57E-07,5.19E-14,1.84E+07,,0.175539389,0.42959254,0.591381663
250.1988856,9.57E-07,5.19E-14,1.84E+07,,0.175539618,0.42959254,0.59138113
250.2010287,9.57E-07,5.19E-14,1.84E+07,,0.175539846,0.42959254,0.5913806
250.2031719,9.57E-07,5.19E-14,1.84E+07,,0.175540075,0.42959254,0.591380066
250.205315,9.57E-07,5.19E-14,1.84E+07,,0.175540303,0.42959254,0.591379536
250.2074582,9.57E-07,5.19E-14,1.84E+07,,0.175540532,0.42959254,0.591379003
250.2096014,9.57E-07,5.19E-14,1.84E+07,,0.17554076,0.42959254,0.591378472
250.2117445,9.57E-07,5.19E-14,1.84E+07,,0.175540989,0.42959254,0.591377939
250.2138877,9.57E-07,5.19E-14,1.84E+07,,0.175541217,0.42959254,0.591377408
250.2160309,9.57E-07,5.19E-14,1.84E+07,,0.175541446,0.42959254,0.591376875
250.218174,9.57E-07,5.19E-14,1.84E+07,,0.175541674,0.42959254,0.591376344
250.2203172,9.57E-07,5.19E-14,1.84E+07,,0.175541902,0.42959254,0.591375814
250.2224604,9.57E-07,5.19E-14,1.84E+07,,0.175542131,0.42959254,0.591375281
250.2246035,9.57E-07,5.19E-14,1.84E+07,,0.175542359,0.42959254,0.59137475
250.2267467,9.57E-07,5.19E-14,1.84E+07,,0.175542588,0.42959254,0.591374217
250.2288898,9.57E-07,5.19E-14,1.84E+07,,0.175542816,0.42959254,0.591373686
250.231033,9.57E-07,5.19E-14,1.84E+07,,0.175543045,0.42959254,0.591373153
250.2331762,9.57E-07,5.19E-14,1.84E+07,,0.175543273,0.42959254,0.591372622
250.2353193,9.57E-07,5.19E-14,1.84E+07,,0.175543502,0.42959254,0.591372089
250.2374625,9.57E-07,5.19E-14,1.84E+07,,0.17554373,0.42959254,0.591371558
250.2396057,9.57E-07,5.19E-14,1.84E+07,,0.175543959,0.42959254,0.591371025
250.2417488,9.57E-07,5.19E-14,1.84E+07,,0.175544187,0.42959254,0.591370495
250.243892,9.57E-07,5.19E-14,1.84E+07,,0.175544416,0.42959254,0.591369962
250.2460351,9.57E-07,5.19E-14,1.84E+07,,0.175544644,0.42959254,0.591369431
250.2481783,9.57E-07,5.19E-14,1.84E+07,,0.175544873,0.42959254,0.591368898
250.2503215,9.57E-07,5.19E-14,1.84E+07,,0.175545101,0.42959254,0.591368367
250.2524646,9.57E-07,5.19E-14,1.84E+07,,0.175545329,0.42959254,0.591367836
250.2546078,9.57E-07,5.19E-14,1.84E+07,,0.175545558,0.42959254,0.591367303
250.256751,9.57E-07,5.19E-14,1.84E+07,,0.175545786,0.42959254,0.591366772
250.2588941,9.57E-07,5.19E-14,1.84E+07,,0.175546015,0.42959254,0.591366239
250.2610373,9.57E-07,5.19E-14,1.84E+07,,0.175546243,0.42959254,0.591365709
250.2631805,9.57E-07,5.19E-14,1.84E+07,,0.175546472,0.42959254,0.591365176
250.2653236,9.57E-07,5.19E-14,1.84E+07,,0.1755467,0.42959254,0.591364645
250.2674668,9.57E-07,5.19E-14,1.84E+07,,0.175546929,0.42959254,0.591364112
250.2696099,9.57E-07,5.19E-14,1.84E+07,,0.175547157,0.42959254,0.591363581
250.2717531,9.57E-07,5.19E-14,1.84E+07,,0.175547386,0.42959254,0.591363048
250.2738963,9.57E-07,5.19E-14,1.84E+07,,0.175547614,0.42959254,0.591362517
250.2760394,9.57E-07,5.19E-14,1.84E+07,,0.175547843,0.42959254,0.591361984
250.2781826,9.57E-07,5.19E-14,1.84E+07,,0.175548071,0.42959254,0.591361453
250.2803258,9.57E-07,5.19E-14,1.84E+07,,0.1755483,0.42959254,0.59136092
250.2824689,9.57E-07,5.19E-14,1.84E+07,,0.175548528,0.42959254,0.59136039
250.2846121,9.57E-07,5.19E-14,1.84E+07,,0.175548757,0.42959254,0.591359857
250.2867553,9.57E-07,5.19E-14,1.84E+07,,0.175548985,0.42959254,0.591359326
250.2888984,9.57E-07,5.19E-14,1.84E+07,,0.175549213,0.42959254,0.591358795
250.2910416,9.57E-07,5.19E-14,1.84E+07,,0.175549442,0.42959254,0.591358262
250.2931847,9.57E-07,5.19E-14,1.84E+07,,0.17554967,0.42959254,0.591357731
250.2953279,9.57E-07,5.19E-14,1.84E+07,,0.175549899,0.42959254,0.591357198
250.2974711,9.57E-07,5.19E-14,1.84E+07,,0.175550127,0.42959254,0.591356668
250.2996142,9.57E-07,5.19E-14,1.84E+07,,0.175550356,0.42959254,0.591356135
250.3017574,9.57E-07,5.19E-14,1.84E+07,,0.175550584,0.42959254,0.591355604
250.3039006,9.57E-07,5.19E-14,1.84E+07,,0.175550813,0.42959254,0.591355071
250.3060437,9.57E-07,5.19E-14,1.84E+07,,0.175551041,0.42959254,0.59135454
250.3081869,9.57E-07,5.19E-14,1.84E+07,,0.17555127,0.42959254,0.591354007
250.31033,9.57E-07,5.19E-14,1.84E+07,,0.175551498,0.42959254,0.591353476
250.3124732,9.57E-07,5.19E-14,1.84E+07,,0.175551727,0.42959254,0.591352943
250.3146164,9.57E-07,5.19E-14,1.84E+07,,0.175551955,0.42959254,0.591352412
250.3167595,9.57E-07,5.19E-14,1.84E+07,,0.175552184,0.42959254,0.591351879
250.3189027,9.57E-07,5.19E-14,1.84E+07,,0.175552412,0.42959254,0.591351349
250.3210459,9.57E-07,5.19E-14,1.84E+07,,0.17555264,0.42959254,0.591350818
250.323189,9.57E-07,5.19E-14,1.84E+07,,0.175552869,0.42959254,0.591350285
250.3253322,9.57E-07,5.19E-14,1.84E+07,,0.175553097,0.42959254,0.591349754
250.3274754,9.57E-07,5.19E-14,1.84E+07,,0.175553326,0.42959254,0.591349221
250.3296185,9.57E-07,5.19E-14,1.84E+07,,0.175553554,0.42959254,0.59134869
250.3317617,9.57E-07,5.19E-14,1.84E+07,,0.175553783,0.42959254,0.591348157
250.3339048,9.57E-07,5.19E-14,1.84E+07,,0.175554011,0.42959254,0.591347626
250.336048,9.57E-07,5.19E-14,1.84E+07,,0.17555424,0.42959254,0.591347093
250.3381912,9.57E-07,5.19E-14,1.84E+07,,0.175554468,0.42959254,0.591346563
250.3403343,9.57E-07,5.19E-14,1.84E+07,,0.175554697,0.42959254,0.59134603
250.3424775,9.57E-07,5.19E-14,1.84E+07,,0.175554925,0.42959254,0.591345499
250.3446207,9.57E-07,5.19E-14,1.84E+07,,0.175555154,0.42959254,0.591344966
250.3467638,9.57E-07,5.19E-14,1.84E+07,,0.175555382,0.42959254,0.591344435
250.348907,9.57E-07,5.19E-14,1.84E+07,,0.175555611,0.42959254,0.591343902
250.3510502,9.57E-07,5.19E-14,1.84E+07,,0.175555839,0.42959254,0.591343371
250.3531933,9.57E-07,5.19E-14,1.84E+07,,0.175556067,0.42959254,0.591342841
250.3553365,9.57E-07,5.19E-14,1.84E+07,,0.175556296,0.42959254,0.591342307
250.3574796,9.57E-07,5.19E-14,1.84E+07,,0.175556524,0.42959254,0.591341777
250.3596228,9.57E-07,5.19E-14,1.84E+07,,0.175556753,0.42959254,0.591341244
250.361766,9.57E-07,5.19E-14,1.84E+07,,0.175556981,0.42959254,0.591340713
250.3639091,9.57E-07,5.19E-14,1.84E+07,,0.17555721,0.42959254,0.59134018
250.3660523,9.57E-07,5.19E-14,1.84E+07,,0.175557438,0.42959254,0.591339649
250.3681955,9.57E-07,5.19E-14,1.84E+07,,0.175557667,0.42959254,0.591339116
250.3703386,9.57E-07,5.19E-14,1.84E+07,,0.175557895,0.42959254,0.591338585
250.3724818,9.57E-07,5.19E-14,1.84E+07,,0.175558124,0.42959254,0.591338052
250.3746249,9.57E-07,5.19E-14,1.84E+07,,0.175558352,0.42959254,0.591337522
250.3767681,9.57E-07,5.19E-14,1.84E+07,,0.175558581,0.42959254,0.591336988
250.3789113,9.57E-07,5.19E-14,1.84E+07,,0.175558809,0.42959254,0.591336458
250.3810544,9.57E-07,5.19E-14,1.84E+07,,0.175559038,0.42959254,0.591335925
250.3831976,9.57E-07,5.19E-14,1.84E+07,,0.175559266,0.42959254,0.591335394
250.3853408,9.57E-07,5.19E-14,1.84E+07,,0.175559494,0.42959254,0.591334863
250.3874839,9.57E-07,5.19E-14,1.84E+07,,0.175559723,0.42959254,0.59133433
250.3896271,9.57E-07,5.19E-14,1.84E+07,,0.175559951,0.42959254,0.591333799
250.3917703,9.57E-07,5.19E-14,1.84E+07,,0.17556018,0.42959254,0.591333266
250.3939134,9.57E-07,5.19E-14,1.84E+07,,0.175560408,0.42959254,0.591332736
250.3960566,9.57E-07,5.19E-14,1.84E+07,,0.175560637,0.42959254,0.591332203
250.3981997,9.57E-07,5.19E-14,1.84E+07,,0.175560865,0.42959254,0.591331672
250.4003429,9.57E-07,5.19E-14,1.84E+07,,0.175561094,0.42959254,0.591331139
250.4024861,9.57E-07,5.19E-14,1.84E+07,,0.175561322,0.42959254,0.591330608
250.4046292,9.57E-07,5.19E-14,1.84E+07,,0.175561551,0.42959254,0.591330075
250.4067724,9.57E-07,5.19E-14,1.84E+07,,0.175561779,0.42959254,0.591329544
250.4089156,9.57E-07,5.19E-14,1.84E+07,,0.175562008,0.42959254,0.591329011
250.4110587,9.57E-07,5.19E-14,1.84E+07,,0.175562236,0.42959254,0.59132848
250.4132019,9.57E-07,5.19E-14,1.84E+07,,0.175562465,0.42959254,0.591327947
250.415345,9.57E-07,5.19E-14,1.84E+07,,0.175562693,0.42959254,0.591327417
250.4174882,9.57E-07,5.19E-14,1.84E+07,,0.175562921,0.42959254,0.591326886
250.4196314,9.57E-07,5.19E-14,1.84E+07,,0.17556315,0.42959254,0.591326353
250.4217745,9.57E-07,5.19E-14,1.84E+07,,0.175563378,0.42959254,0.591325822
250.4239177,9.57E-07,5.19E-14,1.84E+07,,0.175563607,0.42959254,0.591325289
250.4260609,9.57E-07,5.19E-14,1.84E+07,,0.175563835,0.42959254,0.591324758
250.428204,9.57E-07,5.19E-14,1.84E+07,,0.175564064,0.42959254,0.591324225
250.4303472,9.57E-07,5.19E-14,1.84E+07,,0.175564292,0.42959254,0.591323694
250.4324904,9.57E-07,5.19E-14,1.84E+07,,0.175564521,0.42959254,0.591323161
250.4346335,9.57E-07,5.19E-14,1.84E+07,,0.175564749,0.42959254,0.591322631
250.4367767,9.57E-07,5.19E-14,1.84E+07,,0.175564978,0.42959254,0.591322098
250.4389198,9.57E-07,5.19E-14,1.84E+07,,0.175565206,0.42959254,0.591321567
250.441063,9.57E-07,5.19E-14,1.84E+07,,0.175565435,0.42959254,0.591321034
250.4432062,9.57E-07,5.19E-14,1.84E+07,,0.175565663,0.42959254,0.591320503
250.4453493,9.57E-07,5.19E-14,1.84E+07,,0.175565892,0.42959254,0.59131997
250.4474925,9.57E-07,5.19E-14,1.84E+07,,0.17556612,0.42959254,0.591319439
250.4496357,9.57E-07,5.19E-14,1.84E+07,,0.175566349,0.42959254,0.591318906
250.4517788,9.57E-07,5.19E-14,1.84E+07,,0.175566577,0.42959254,0.591318375
250.453922,9.57E-07,5.19E-14,1.84E+07,,0.175566805,0.42959254,0.591317845
250.4560652,9.57E-07,5.19E-14,1.84E+07,,0.175567034,0.42959254,0.591317312
250.4582083,9.57E-07,5.19E-14,1.84E+07,,0.175567262,0.42959254,0.591316781
250.4603515,9.57E-07,5.19E-14,1.84E+07,,0.175567491,0.42959254,0.591316248
250.4624946,9.57E-07,5.19E-14,1.84E+07,,0.175567719,0.42959254,0.591315717
250.4646378,9.57E-07,5.19E-14,1.84E+07,,0.175567948,0.42959254,0.591315184
250.466781,9.57E-07,5.19E-14,1.84E+07,,0.175568176,0.42959254,0.591314653
250.4689241,9.57E-07,5.19E-14,1.84E+07,,0.175568405,0.42959254,0.59131412
250.4710673,9.57E-07,5.19E-14,1.84E+07,,0.175568633,0.42959254,0.59131359
250.4732105,9.57E-07,5.19E-14,1.84E+07,,0.175568862,0.42959254,0.591313056
250.4753536,9.57E-07,5.19E-14,1.84E+07,,0.17556909,0.42959254,0.591312526
250.4774968,9.57E-07,5.19E-14,1.84E+07,,0.175569319,0.42959254,0.591311993
250.4796399,9.57E-07,5.19E-14,1.84E+07,,0.175569547,0.42959254,0.591311462
250.4817831,9.57E-07,5.19E-14,1.84E+07,,0.175569776,0.42959254,0.591310929
250.4839263,9.57E-07,5.19E-14,1.84E+07,,0.175570004,0.42959254,0.591310398
250.4860694,9.57E-07,5.19E-14,1.84E+07,,0.175570232,0.42959254,0.591309867
250.4882126,9.57E-07,5.19E-14,1.84E+07,,0.175570461,0.42959254,0.591309334
250.4903558,9.57E-07,5.19E-14,1.84E+07,,0.175570689,0.42959254,0.591308804
250.4924989,9.57E-07,5.19E-14,1.84E+07,,0.175570918,0.42959254,0.591308271
250.4946421,9.57E-07,5.19E-14,1.84E+07,,0.175571146,0.42959254,0.59130774
250.4967853,9.57E-07,5.19E-14,1.84E+07,,0.175571375,0.42959254,0.591307207
250.4989284,9.57E-07,5.19E-14,1.84E+07,,0.175571603,0.42959254,0.591306676
250.5010716,9.57E-07,5.19E-14,1.84E+07,,0.175571832,0.42959254,0.591306143
250.5032147,9.57E-07,5.19E-14,1.84E+07,,0.17557206,0.42959254,0.591305612
250.5053579,9.57E-07,5.19E-14,1.84E+07,,0.175572289,0.42959254,0.591305079
250.5075011,9.57E-07,5.19E-14,1.84E+07,,0.175572517,0.42959254,0.591304548
250.5096442,9.57E-07,5.19E-14,1.84E+07,,0.175572746,0.42959254,0.591304015
250.5117874,9.57E-07,5.19E-14,1.84E+07,,0.175572974,0.42959254,0.591303485
250.5139306,9.57E-07,5.19E-14,1.84E+07,,0.175573203,0.42959254,0.591302952
250.5160737,9.57E-07,5.19E-14,1.84E+07,,0.175573431,0.42959254,0.591302421
250.5182169,9.57E-07,5.19E-14,1.84E+07,,0.175573659,0.42959254,0.59130189
250.5203601,9.57E-07,5.19E-14,1.84E+07,,0.175573888,0.42959254,0.591301357
250.5225032,9.57E-07,5.19E-14,1.84E+07,,0.175574116,0.42959254,0.591300826
250.5246464,9.57E-07,5.19E-14,1.84E+07,,0.175574345,0.42959254,0.591300293
250.5267895,9.57E-07,5.19E-14,1.84E+07,,0.175574573,0.42959254,0.591299762
250.5289327,9.57E-07,5.19E-14,1.84E+07,,0.175574802,0.42959254,0.591299229
250.5310759,9.57E-07,5.19E-14,1.84E+07,,0.17557503,0.42959254,0.591298699
250.533219,9.57E-07,5.19E-14,1.84E+07,,0.175575259,0.42959254,0.591298166
250.5353622,9.57E-07,5.19E-14,1.84E+07,,0.175575487,0.42959254,0.591297635
250.5375054,9.57E-07,5.19E-14,1.84E+07,,0.175575716,0.42959254,0.591297102
250.5396485,9.57E-07,5.19E-14,1.84E+07,,0.175575944,0.42959254,0.591296571
250.5417917,9.57E-07,5.19E-14,1.84E+07,,0.175576173,0.42959254,0.591296038
250.5439348,9.57E-07,5.19E-14,1.84E+07,,0.175576401,0.42959254,0.591295507
250.546078,9.57E-07,5.19E-14,1.84E+07,,0.17557663,0.42959254,0.591294974
250.5482212,9.57E-07,5.19E-14,1.84E+07,,0.175576858,0.42959254,0.591294443
250.5503643,9.57E-07,5.19E-14,1.84E+07,,0.175577086,0.42959254,0.591293913
250.5525075,9.57E-07,5.19E-14,1.84E+07,,0.175577315,0.42959254,0.59129338
250.5546507,9.57E-07,5.19E-14,1.84E+07,,0.175577543,0.42959254,0.591292849
250.5567938,9.57E-07,5.19E-14,1.84E+07,,0.175577772,0.42959254,0.591292316
250.558937,9.57E-07,5.19E-14,1.84E+07,,0.175578,0.42959254,0.591291785
250.5610802,9.57E-07,5.19E-14,1.84E+07,,0.175578229,0.42959254,0.591291252
250.5632233,9.56E-07,5.19E-14,1.84E+07,,0.175578457,0.42959254,0.591290721
250.5653665,9.56E-07,5.19E-14,1.84E+07,,0.175578686,0.42959254,0.591290188
250.5675096,9.56E-07,5.19E-14,1.84E+07,,0.175578914,0.42959254,0.591289658
250.5696528,9.56E-07,5.19E-14,1.84E+07,,0.175579143,0.42959254,0.591289124
250.571796,9.56E-07,5.19E-14,1.84E+07,,0.175579371,0.42959254,0.591288594
250.5739391,9.56E-07,5.19E-14,1.84E+07,,0.1755796,0.42959254,0.591288061
250.5760823,9.56E-07,5.19E-14,1.84E+07,,0.175579828,0.42959254,0.59128753
250.5782255,9.56E-07,5.19E-14,1.84E+07,,0.175580057,0.42959254,0.591286997
250.5803686,9.56E-07,5.19E-14,1.84E+07,,0.175580285,0.42959254,0.591286466
250.5825118,9.56E-07,5.19E-14,1.84E+07,,0.175580514,0.42959254,0.591285933
250.584655,9.56E-07,5.19E-14,1.84E+07,,0.175580742,0.42959254,0.591285402
250.5867981,9.56E-07,5.19E-14,1.84E+07,,0.17558097,0.42959254,0.591284872
250.5889413,9.56E-07,5.19E-14,1.84E+07,,0.175581199,0.42959254,0.591284339
250.5910844,9.56E-07,5.19E-14,1.84E+07,,0.175581427,0.42959254,0.591283808
250.5932276,9.56E-07,5.19E-14,1.84E+07,,0.175581656,0.42959254,0.591283275
250.5953708,9.56E-07,5.19E-14,1.84E+07,,0.175581884,0.42959254,0.591282744
250.5975139,9.56E-07,5.19E-14,1.84E+07,,0.175582113,0.42959254,0.591282211
250.5996571,9.56E-07,5.19E-14,1.84E+07,,0.175582341,0.42959254,0.59128168
250.6018003,9.56E-07,5.19E-14,1.84E+07,,0.17558257,0.42959254,0.591281147
250.6039434,9.56E-07,5.19E-14,1.84E+07,,0.175582798,0.42959254,0.591280616
250.6060866,9.56E-07,5.19E-14,1.84E+07,,0.175583027,0.42959254,0.591280083
250.6082297,9.56E-07,5.19E-14,1.84E+07,,0.175583255,0.42959254,0.591279553
250.6103729,9.56E-07,5.19E-14,1.84E+07,,0.175583484,0.42959254,0.59127902
250.6125161,9.56E-07,5.19E-14,1.84E+07,,0.175583712,0.42959254,0.591278489
250.6146592,9.56E-07,5.19E-14,1.84E+07,,0.175583941,0.42959254,0.591277956
250.6168024,9.56E-07,5.19E-14,1.84E+07,,0.175584169,0.42959254,0.591277425
250.6189456,9.56E-07,5.19E-14,1.84E+07,,0.175584397,0.42959254,0.591276894
250.6210887,9.56E-07,5.19E-14,1.84E+07,,0.175584626,0.42959254,0.591276361
250.6232319,9.56E-07,5.19E-14,1.84E+07,,0.175584854,0.42959254,0.591275831
250.6253751,9.56E-07,5.19E-14,1.84E+07,,0.175585083,0.42959254,0.591275297
250.6275182,9.56E-07,5.19E-14,1.84E+07,,0.175585311,0.42959254,0.591274767
250.6296614,9.56E-07,5.19E-14,1.84E+07,,0.17558554,0.42959254,0.591274234
250.6318045,9.56E-07,5.19E-14,1.84E+07,,0.175585768,0.42959254,0.591273703
250.6339477,9.56E-07,5.19E-14,1.84E+07,,0.175585997,0.42959254,0.59127317
250.6360909,9.56E-07,5.19E-14,1.84E+07,,0.175586225,0.42959254,0.591272639
250.638234,9.56E-07,5.19E-14,1.84E+07,,0.175586454,0.42959254,0.591272106
250.6403772,9.56E-07,5.19E-14,1.84E+07,,0.175586682,0.42959254,0.591271575
250.6425204,9.56E-07,5.19E-14,1.84E+07,,0.175586911,0.42959254,0.591271042
250.6446635,9.56E-07,5.19E-14,1.84E+07,,0.175587139,0.42959254,0.591270512
250.6468067,9.56E-07,5.19E-14,1.84E+07,,0.175587368,0.42959254,0.591269978
250.6489498,9.56E-07,5.19E-14,1.84E+07,,0.175587596,0.42959254,0.591269448
250.651093,9.56E-07,5.19E-14,1.84E+07,,0.175587824,0.42959254,0.591268917
250.6532362,9.56E-07,5.19E-14,1.84E+07,,0.175588053,0.42959254,0.591268384
250.6553793,9.56E-07,5.19E-14,1.84E+07,,0.175588281,0.42959254,0.591267853
250.6575225,9.56E-07,5.19E-14,1.84E+07,,0.17558851,0.42959254,0.59126732
250.6596657,9.56E-07,5.19E-14,1.84E+07,,0.175588738,0.42959254,0.591266789
250.6618088,9.56E-07,5.19E-14,1.84E+07,,0.175588967,0.42959254,0.591266256
250.663952,9.56E-07,5.19E-14,1.84E+07,,0.175589195,0.42959254,0.591265726
250.6660952,9.56E-07,5.19E-14,1.84E+07,,0.175589424,0.42959254,0.591265193
250.6682383,9.56E-07,5.19E-14,1.84E+07,,0.175589652,0.42959254,0.591264662
250.6703815,9.56E-07,5.19E-14,1.84E+07,,0.175589881,0.42959254,0.591264129
250.6725246,9.56E-07,5.19E-14,1.84E+07,,0.175590109,0.42959254,0.591263598
250.6746678,9.56E-07,5.19E-14,1.84E+07,,0.175590338,0.42959254,0.591263065
250.676811,9.56E-07,5.19E-14,1.84E+07,,0.175590566,0.42959254,0.591262534
250.6789541,9.56E-07,5.19E-14,1.84E+07,,0.175590795,0.42959254,0.591262001
250.6810973,9.56E-07,5.19E-14,1.84E+07,,0.175591023,0.42959254,0.59126147
250.6832405,9.56E-07,5.19E-14,1.84E+07,,0.175591251,0.42959254,0.59126094
250.6853836,9.56E-07,5.19E-14,1.84E+07,,0.17559148,0.42959254,0.591260407
250.6875268,9.56E-07,5.19E-14,1.84E+07,,0.175591708,0.42959254,0.591259876
250.68967,9.56E-07,5.19E-14,1.84E+07,,0.175591937,0.42959254,0.591259343
250.6918131,9.56E-07,5.19E-14,1.84E+07,,0.175592165,0.42959254,0.591258812
250.6939563,9.56E-07,5.19E-14,1.84E+07,,0.175592394,0.42959254,0.591258279
250.6960994,9.56E-07,5.19E-14,1.84E+07,,0.175592622,0.42959254,0.591257748
250.6982426,9.56E-07,5.19E-14,1.84E+07,,0.175592851,0.42959254,0.591257215
250.7003858,9.56E-07,5.19E-14,1.84E+07,,0.175593079,0.42959254,0.591256684
250.7025289,9.56E-07,5.19E-14,1.84E+07,,0.175593308,0.42959254,0.591256151
250.7046721,9.56E-07,5.19E-14,1.84E+07,,0.175593536,0.42959254,0.591255621
250.7068153,9.56E-07,5.19E-14,1.84E+07,,0.175593765,0.42959254,0.591255088
250.7089584,9.56E-07,5.19E-14,1.84E+07,,0.175593993,0.42959254,0.591254557
250.7111016,9.56E-07,5.19E-14,1.84E+07,,0.175594222,0.42959254,0.591254024
250.7132447,9.56E-07,5.19E-14,1.84E+07,,0.17559445,0.42959254,0.591253493
250.7153879,9.56E-07,5.19E-14,1.84E+07,,0.175594678,0.42959254,0.591252962
250.7175311,9.56E-07,5.19E-14,1.84E+07,,0.175594907,0.42959254,0.591252429
250.7196742,9.56E-07,5.19E-14,1.84E+07,,0.175595135,0.42959254,0.591251899
250.7218174,9.56E-07,5.19E-14,1.84E+07,,0.175595364,0.42959254,0.591251365
250.7239606,9.56E-07,5.19E-14,1.84E+07,,0.175595592,0.42959254,0.591250835
250.7261037,9.56E-07,5.19E-14,1.84E+07,,0.175595821,0.42959254,0.591250302
250.7282469,9.56E-07,5.19E-14,1.84E+07,,0.175596049,0.42959254,0.591249771
250.7303901,9.56E-07,5.19E-14,1.84E+07,,0.175596278,0.42959254,0.591249238
250.7325332,9.56E-07,5.19E-14,1.84E+07,,0.175596506,0.42959254,0.591248707
250.7346764,9.56E-07,5.19E-14,1.84E+07,,0.175596735,0.42959254,0.591248174
250.7368195,9.56E-07,5.19E-14,1.84E+07,,0.175596963,0.42959254,0.591247643
250.7389627,9.56E-07,5.19E-14,1.84E+07,,0.175597192,0.42959254,0.59124711
250.7411059,9.56E-07,5.19E-14,1.84E+07,,0.17559742,0.42959254,0.59124658
250.743249,9.56E-07,5.19E-14,1.84E+07,,0.175597649,0.42959254,0.591246046
250.7453922,9.56E-07,5.19E-14,1.84E+07,,0.175597877,0.42959254,0.591245516
250.7475354,9.56E-07,5.19E-14,1.84E+07,,0.175598106,0.42959254,0.591244983
250.7496785,9.56E-07,5.19E-14,1.84E+07,,0.175598334,0.42959254,0.591244452
250.7518217,9.56E-07,5.19E-14,1.84E+07,,0.175598562,0.42959254,0.591243921
250.7539649,9.56E-07,5.19E-14,1.84E+07,,0.175598791,0.42959254,0.591243388
250.756108,9.56E-07,5.19E-14,1.84E+07,,0.175599019,0.42959254,0.591242857
250.7582512,9.56E-07,5.19E-14,1.84E+07,,0.175599248,0.42959254,0.591242324
250.7603943,9.56E-07,5.19E-14,1.84E+07,,0.175599476,0.42959254,0.591241794
250.7625375,9.56E-07,5.19E-14,1.84E+07,,0.175599705,0.42959254,0.591241261
250.7646807,9.56E-07,5.19E-14,1.84E+07,,0.175599933,0.42959254,0.59124073
250.7668238,9.56E-07,5.19E-14,1.84E+07,,0.175600162,0.42959254,0.591240197
250.768967,9.56E-07,5.19E-14,1.84E+07,,0.17560039,0.42959254,0.591239666
250.7711102,9.56E-07,5.19E-14,1.84E+07,,0.175600619,0.42959254,0.591239133
250.7732533,9.56E-07,5.19E-14,1.84E+07,,0.175600847,0.42959254,0.591238602
250.7753965,9.56E-07,5.19E-14,1.84E+07,,0.175601076,0.42959254,0.591238069
250.7775396,9.56E-07,5.19E-14,1.84E+07,,0.175601304,0.42959254,0.591237538
250.7796828,9.56E-07,5.19E-14,1.84E+07,,0.175601533,0.42959254,0.591237005
250.781826,9.56E-07,5.19E-14,1.84E+07,,0.175601761,0.42959254,0.591236475
250.7839691,9.56E-07,5.19E-14,1.84E+07,,0.175601989,0.42959254,0.591235944
250.7861123,9.56E-07,5.19E-14,1.84E+07,,0.175602218,0.42959254,0.591235411
250.7882555,9.56E-07,5.19E-14,1.84E+07,,0.175602446,0.42959254,0.59123488
250.7903986,9.56E-07,5.19E-14,1.84E+07,,0.175602675,0.42959254,0.591234347
250.7925418,9.56E-07,5.19E-14,1.84E+07,,0.175602903,0.42959254,0.591233816
250.794685,9.56E-07,5.19E-14,1.84E+07,,0.175603132,0.42959254,0.591233283
250.7968281,9.56E-07,5.19E-14,1.84E+07,,0.17560336,0.42959254,0.591232752
250.7989713,9.56E-07,5.19E-14,1.84E+07,,0.175603589,0.42959254,0.591232219
250.8011144,9.56E-07,5.19E-14,1.84E+07,,0.175603817,0.42959254,0.591231689
250.8032576,9.56E-07,5.19E-14,1.84E+07,,0.175604046,0.42959254,0.591231156
250.8054008,9.56E-07,5.19E-14,1.84E+07,,0.175604274,0.42959254,0.591230625
250.8075439,9.56E-07,5.19E-14,1.84E+07,,0.175604503,0.42959254,0.591230092
250.8096871,9.56E-07,5.19E-14,1.84E+07,,0.175604731,0.42959254,0.591229561
250.8118303,9.56E-07,5.19E-14,1.84E+07,,0.17560496,0.42959254,0.591229028
250.8139734,9.56E-07,5.19E-14,1.84E+07,,0.175605188,0.42959254,0.591228497
250.8161166,9.56E-07,5.19E-14,1.84E+07,,0.175605416,0.42959254,0.591227967
250.8182598,9.56E-07,5.19E-14,1.84E+07,,0.175605645,0.42959254,0.591227433
250.8204029,9.56E-07,5.19E-14,1.84E+07,,0.175605873,0.42959254,0.591226903
250.8225461,9.56E-07,5.19E-14,1.84E+07,,0.175606102,0.42959254,0.59122637
250.8246892,9.56E-07,5.19E-14,1.84E+07,,0.17560633,0.42959254,0.591225839
250.8268324,9.56E-07,5.19E-14,1.84E+07,,0.175606559,0.42959254,0.591225306
250.8289756,9.56E-07,5.19E-14,1.84E+07,,0.175606787,0.42959254,0.591224775
250.8311187,9.56E-07,5.19E-14,1.84E+07,,0.175607016,0.42959254,0.591224242
250.8332619,9.56E-07,5.19E-14,1.84E+07,,0.175607244,0.42959254,0.591223711
250.8354051,9.56E-07,5.19E-14,1.84E+07,,0.175607473,0.42959254,0.591223178
250.8375482,9.56E-07,5.19E-14,1.84E+07,,0.175607701,0.42959254,0.591222648
250.8396914,9.56E-07,5.19E-14,1.84E+07,,0.17560793,0.42959254,0.591222114
250.8418345,9.56E-07,5.19E-14,1.84E+07,,0.175608158,0.42959254,0.591221584
250.8439777,9.56E-07,5.19E-14,1.84E+07,,0.175608387,0.42959254,0.591221051
250.8461209,9.56E-07,5.19E-14,1.84E+07,,0.175608615,0.42959254,0.59122052
250.848264,9.56E-07,5.19E-14,1.84E+07,,0.175608843,0.42959254,0.591219989
250.8504072,9.56E-07,5.19E-14,1.84E+07,,0.175609072,0.42959254,0.591219456
250.8525504,9.56E-07,5.19E-14,1.84E+07,,0.1756093,0.42959254,0.591218925
250.8546935,9.56E-07,5.19E-14,1.84E+07,,0.175609529,0.42959254,0.591218392
250.8568367,9.56E-07,5.19E-14,1.84E+07,,0.175609757,0.42959254,0.591217862
250.8589799,9.56E-07,5.19E-14,1.84E+07,,0.175609986,0.42959254,0.591217329
250.861123,9.56E-07,5.19E-14,1.84E+07,,0.175610214,0.42959254,0.591216798
250.8632662,9.56E-07,5.19E-14,1.84E+07,,0.175610443,0.42959254,0.591216265
250.8654093,9.56E-07,5.19E-14,1.84E+07,,0.175610671,0.42959254,0.591215734
250.8675525,9.56E-07,5.19E-14,1.84E+07,,0.1756109,0.42959254,0.591215201
250.8696957,9.56E-07,5.19E-14,1.84E+07,,0.175611128,0.42959254,0.59121467
250.8718388,9.56E-07,5.19E-14,1.84E+07,,0.175611357,0.42959254,0.591214137
250.873982,9.56E-07,5.19E-14,1.84E+07,,0.175611585,0.42959254,0.591213606
250.8761252,9.56E-07,5.19E-14,1.84E+07,,0.175611814,0.42959254,0.591213073
250.8782683,9.56E-07,5.19E-14,1.84E+07,,0.175612042,0.42959254,0.591212543
250.8804115,9.56E-07,5.19E-14,1.84E+07,,0.175612271,0.42959254,0.59121201
250.8825547,9.56E-07,5.19E-14,1.84E+07,,0.175612499,0.42959254,0.591211479
250.8846978,9.56E-07,5.19E-14,1.84E+07,,0.175612727,0.42959254,0.591210948
250.886841,9.56E-07,5.19E-14,1.84E+07,,0.175612956,0.42959254,0.591210415
250.8889841,9.56E-07,5.19E-14,1.84E+07,,0.175613184,0.42959254,0.591209884
250.8911273,9.56E-07,5.19E-14,1.84E+07,,0.175613413,0.42959254,0.591209351
250.8932705,9.56E-07,5.19E-14,1.84E+07,,0.175613641,0.42959254,0.59120882
250.8954136,9.56E-07,5.19E-14,1.84E+07,,0.17561387,0.42959254,0.591208287
250.8975568,9.56E-07,5.19E-14,1.84E+07,,0.175614098,0.42959254,0.591207757
250.8997,9.56E-07,5.19E-14,1.84E+07,,0.175614327,0.42959254,0.591207224
250.9018431,9.56E-07,5.19E-14,1.84E+07,,0.175614555,0.42959254,0.591206693
250.9039863,9.56E-07,5.19E-14,1.84E+07,,0.175614784,0.42959254,0.59120616
250.9061294,9.56E-07,5.19E-14,1.84E+07,,0.175615012,0.42959254,0.591205629
250.9082726,9.56E-07,5.19E-14,1.84E+07,,0.175615241,0.42959254,0.591205096
250.9104158,9.56E-07,5.19E-14,1.84E+07,,0.175615469,0.42959254,0.591204565
250.9125589,9.56E-07,5.19E-14,1.84E+07,,0.175615698,0.42959254,0.591204032
250.9147021,9.56E-07,5.19E-14,1.84E+07,,0.175615926,0.42959254,0.591203501
250.9168453,9.56E-07,5.19E-14,1.84E+07,,0.175616154,0.42959254,0.591202971
250.9189884,9.56E-07,5.19E-14,1.84E+07,,0.175616383,0.42959254,0.591202438
250.9211316,9.56E-07,5.19E-14,1.84E+07,,0.175616611,0.42959254,0.591201907
250.9232748,9.56E-07,5.19E-14,1.84E+07,,0.17561684,0.42959254,0.591201374
250.9254179,9.56E-07,5.19E-14,1.84E+07,,0.175617068,0.42959254,0.591200843
250.9275611,9.56E-07,5.19E-14,1.84E+07,,0.175617297,0.42959254,0.59120031
250.9297042,9.56E-07,5.19E-14,1.84E+07,,0.175617525,0.42959254,0.591199779
250.9318474,9.56E-07,5.19E-14,1.84E+07,,0.175617754,0.42959254,0.591199246
250.9339906,9.56E-07,5.19E-14,1.84E+07,,0.175617982,0.42959254,0.591198716
250.9361337,9.56E-07,5.19E-14,1.84E+07,,0.175618211,0.42959254,0.591198183
250.9382769,9.56E-07,5.19E-14,1.84E+07,,0.175618439,0.42959254,0.591197652
250.9404201,9.56E-07,5.19E-14,1.84E+07,,0.175618668,0.42959254,0.591197119
250.9425632,9.56E-07,5.19E-14,1.84E+07,,0.175618896,0.42959254,0.591196588
250.9447064,9.56E-07,5.19E-14,1.84E+07,,0.175619125,0.42959254,0.591196055
250.9468495,9.56E-07,5.19E-14,1.84E+07,,0.175619353,0.42959254,0.591195524
250.9489927,9.56E-07,5.19E-14,1.84E+07,,0.175619581,0.42959254,0.591194993
250.9511359,9.56E-07,5.19E-14,1.84E+07,,0.17561981,0.42959254,0.59119446
250.953279,9.56E-07,5.19E-14,1.84E+07,,0.175620038,0.42959254,0.59119393
250.9554222,9.56E-07,5.19E-14,1.84E+07,,0.175620267,0.42959254,0.591193397
250.9575654,9.56E-07,5.19E-14,1.84E+07,,0.175620495,0.42959254,0.591192866
250.9597085,9.56E-07,5.19E-14,1.84E+07,,0.175620724,0.42959254,0.591192333
250.9618517,9.56E-07,5.19E-14,1.84E+07,,0.175620952,0.42959254,0.591191802
250.9639949,9.56E-07,5.19E-14,1.84E+07,,0.175621181,0.42959254,0.591191269
250.966138,9.56E-07,5.19E-14,1.84E+07,,0.175621409,0.42959254,0.591190738
250.9682812,9.56E-07,5.19E-14,1.84E+07,,0.175621638,0.42959254,0.591190205
250.9704243,9.56E-07,5.19E-14,1.84E+07,,0.175621866,0.42959254,0.591189674
250.9725675,9.56E-07,5.19E-14,1.84E+07,,0.175622095,0.42959254,0.591189141
250.9747107,9.56E-07,5.19E-14,1.84E+07,,0.175622323,0.42959254,0.591188611
250.9768538,9.56E-07,5.19E-14,1.84E+07,,0.175622552,0.42959254,0.591188078
250.978997,9.56E-07,5.19E-14,1.84E+07,,0.17562278,0.42959254,0.591187547
250.9811402,9.56E-07,5.19E-14,1.84E+07,,0.175623008,0.42959254,0.591187016
250.9832833,9.56E-07,5.19E-14,1.84E+07,,0.175623237,0.42959254,0.591186483
250.9854265,9.56E-07,5.19E-14,1.84E+07,,0.175623465,0.42959254,0.591185952
250.9875697,9.56E-07,5.19E-14,1.84E+07,,0.175623694,0.42959254,0.591185419
250.9897128,9.56E-07,5.19E-14,1.84E+07,,0.175623922,0.42959254,0.591184889
250.991856,9.56E-07,5.19E-14,1.84E+07,,0.175624151,0.42959254,0.591184355
250.9939991,9.56E-07,5.19E-14,1.84E+07,,0.175624379,0.42959254,0.591183825
250.9961423,9.56E-07,5.19E-14,1.84E+07,,0.175624608,0.42959254,0.591183292
250.9982855,9.56E-07,5.19E-14,1.84E+07,,0.175624836,0.42959254,0.591182761
251.0004286,9.56E-07,5.19E-14,1.84E+07,,0.17562506,0.42959254,0.591182239
251.0025718,9.56E-07,5.19E-14,1.84E+07,,0.175625264,0.42959254,0.591181765
251.004715,9.56E-07,5.19E-14,1.84E+07,,0.175625469,0.42959254,0.591181287
251.0068581,9.56E-07,5.19E-14,1.84E+07,,0.175625673,0.42959254,0.591180813
251.0090013,9.56E-07,5.19E-14,1.84E+07,,0.175625878,0.42959254,0.591180335
251.0111444,9.56E-07,5.19E-14,1.84E+07,,0.175626083,0.42959254,0.591179858
251.0132876,9.56E-07,5.19E-14,1.84E+07,,0.175626287,0.42959254,0.591179383
251.0154308,9.56E-07,5.19E-14,1.84E+07,,0.175626492,0.42959254,0.591178906
251.0175739,9.56E-07,5.19E-14,1.84E+07,,0.175626696,0.42959254,0.591178431
251.0197171,9.56E-07,5.19E-14,1.84E+07,,0.175626901,0.42959254,0.591177954
251.0218603,9.56E-07,5.19E-14,1.84E+07,,0.175627105,0.42959254,0.591177479
251.0240034,9.56E-07,5.19E-14,1.84E+07,,0.17562731,0.42959254,0.591177002
251.0261466,9.56E-07,5.19E-14,1.84E+07,,0.175627514,0.42959254,0.591176527
251.0282898,9.56E-07,5.19E-14,1.84E+07,,0.175627719,0.42959254,0.59117605
251.0304329,9.56E-07,5.19E-14,1.84E+07,,0.175627923,0.42959254,0.591175575
251.0325761,9.56E-07,5.19E-14,1.84E+07,,0.175628128,0.42959254,0.591175098
251.0347192,9.56E-07,5.19E-14,1.84E+07,,0.175628332,0.42959254,0.591174623
251.0368624,9.56E-07,5.19E-14,1.84E+07,,0.175628537,0.42959254,0.591174146
251.0390056,9.56E-07,5.19E-14,1.84E+07,,0.175628741,0.42959254,0.591173671
251.0411487,9.56E-07,5.19E-14,1.84E+07,,0.175628946,0.42959254,0.591173194
251.0432919,9.56E-07,5.19E-14,1.84E+07,,0.17562915,0.42959254,0.591172719
251.0454351,9.56E-07,5.19E-14,1.84E+07,,0.175629355,0.42959254,0.591172242
251.0475782,9.56E-07,5.19E-14,1.84E+07,,0.175629559,0.42959254,0.591171767
251.0497214,9.56E-07,5.19E-14,1.84E+07,,0.175629764,0.42959254,0.59117129
251.0518646,9.56E-07,5.19E-14,1.84E+07,,0.175629968,0.42959254,0.591170815
251.0540077,9.56E-07,5.19E-14,1.84E+07,,0.175630173,0.42959254,0.591170338
251.0561509,9.56E-07,5.19E-14,1.84E+07,,0.175630377,0.42959254,0.591169863
251.058294,9.56E-07,5.19E-14,1.84E+07,,0.175630582,0.42959254,0.591169385
251.0604372,9.56E-07,5.19E-14,1.84E+07,,0.175630786,0.42959254,0.591168911
251.0625804,9.56E-07,5.19E-14,1.84E+07,,0.175630991,0.42959254,0.591168433
251.0647235,9.56E-07,5.19E-14,1.84E+07,,0.175631196,0.42959254,0.591167956
251.0668667,9.56E-07,5.19E-14,1.84E+07,,0.1756314,0.42959254,0.591167481
251.0690099,9.56E-07,5.19E-14,1.84E+07,,0.175631605,0.42959254,0.591167004
251.071153,9.56E-07,5.19E-14,1.84E+07,,0.175631809,0.42959254,0.591166529
251.0732962,9.56E-07,5.19E-14,1.84E+07,,0.175632014,0.42959254,0.591166052
251.0754393,9.56E-07,5.19E-14,1.84E+07,,0.175632218,0.42959254,0.591165577
251.0775825,9.56E-07,5.19E-14,1.84E+07,,0.175632423,0.42959254,0.5911651
251.0797257,9.56E-07,5.19E-14,1.84E+07,,0.175632627,0.42959254,0.591164625
251.0818688,9.56E-07,5.19E-14,1.84E+07,,0.175632832,0.42959254,0.591164148
251.084012,9.56E-07,5.19E-14,1.84E+07,,0.175633036,0.42959254,0.591163673
251.0861552,9.56E-07,5.19E-14,1.84E+07,,0.175633241,0.42959254,0.591163196
251.0882983,9.56E-07,5.19E-14,1.84E+07,,0.175633445,0.42959254,0.591162721
251.0904415,9.56E-07,5.19E-14,1.84E+07,,0.17563365,0.42959254,0.591162244
251.0925847,9.55E-07,5.19E-14,1.84E+07,,0.175633854,0.42959254,0.591161769
251.0947278,9.55E-07,5.19E-14,1.84E+07,,0.175634059,0.42959254,0.591161292
251.096871,9.55E-07,5.19E-14,1.84E+07,,0.175634263,0.42959254,0.591160817
251.0990141,9.55E-07,5.19E-14,1.84E+07,,0.175634468,0.42959254,0.59116034
251.1011573,9.55E-07,5.19E-14,1.84E+07,,0.175634672,0.42959254,0.591159865
251.1033005,9.55E-07,5.19E-14,1.84E+07,,0.175634877,0.42959254,0.591159388
251.1054436,9.55E-07,5.19E-14,1.84E+07,,0.175635081,0.42959254,0.591158913
251.1075868,9.55E-07,5.19E-14,1.84E+07,,0.175635286,0.42959254,0.591158436
251.10973,9.55E-07,5.19E-14,1.84E+07,,0.17563549,0.42959254,0.591157961
251.1118731,9.55E-07,5.19E-14,1.84E+07,,0.175635695,0.42959254,0.591157483
251.1140163,9.55E-07,5.19E-14,1.84E+07,,0.175635899,0.42959254,0.591157009
251.1161595,9.55E-07,5.19E-14,1.84E+07,,0.175636104,0.42959254,0.591156531
251.1183026,9.55E-07,5.19E-14,1.84E+07,,0.175636309,0.42959254,0.591156054
251.1204458,9.55E-07,5.19E-14,1.84E+07,,0.175636513,0.42959254,0.591155579
251.1225889,9.55E-07,5.19E-14,1.84E+07,,0.175636718,0.42959254,0.591155102
251.1247321,9.55E-07,5.19E-14,1.84E+07,,0.175636922,0.42959254,0.591154627
251.1268753,9.55E-07,5.19E-14,1.84E+07,,0.175637127,0.42959254,0.59115415
251.1290184,9.55E-07,5.19E-14,1.84E+07,,0.175637331,0.42959254,0.591153675
251.1311616,9.55E-07,5.19E-14,1.84E+07,,0.175637536,0.42959254,0.591153198
251.1333048,9.55E-07,5.19E-14,1.84E+07,,0.17563774,0.42959254,0.591152723
251.1354479,9.55E-07,5.19E-14,1.84E+07,,0.175637945,0.42959254,0.591152246
251.1375911,9.55E-07,5.19E-14,1.84E+07,,0.175638149,0.42959254,0.591151771
251.1397342,9.55E-07,5.19E-14,1.84E+07,,0.175638354,0.42959254,0.591151294
251.1418774,9.55E-07,5.19E-14,1.84E+07,,0.175638558,0.42959254,0.591150819
251.1440206,9.55E-07,5.19E-14,1.84E+07,,0.175638763,0.42959254,0.591150342
251.1461637,9.55E-07,5.19E-14,1.84E+07,,0.175638967,0.42959254,0.591149867
251.1483069,9.55E-07,5.19E-14,1.84E+07,,0.175639172,0.42959254,0.59114939
251.1504501,9.55E-07,5.19E-14,1.84E+07,,0.175639376,0.42959254,0.591148915
251.1525932,9.55E-07,5.19E-14,1.84E+07,,0.175639581,0.42959254,0.591148438
251.1547364,9.55E-07,5.19E-14,1.84E+07,,0.175639785,0.42959254,0.591147963
251.1568796,9.55E-07,5.19E-14,1.84E+07,,0.17563999,0.42959254,0.591147486
251.1590227,9.55E-07,5.19E-14,1.84E+07,,0.175640194,0.42959254,0.591147011
251.1611659,9.55E-07,5.19E-14,1.84E+07,,0.175640399,0.42959254,0.591146534
251.163309,9.55E-07,5.19E-14,1.84E+07,,0.175640603,0.42959254,0.591146059
251.1654522,9.55E-07,5.19E-14,1.84E+07,,0.175640808,0.42959254,0.591145581
251.1675954,9.55E-07,5.19E-14,1.84E+07,,0.175641012,0.42959254,0.591145107
251.1697385,9.55E-07,5.19E-14,1.84E+07,,0.175641217,0.42959254,0.591144629
251.1718817,9.55E-07,5.19E-14,1.84E+07,,0.175641421,0.42959254,0.591144155
251.1740249,9.55E-07,5.19E-14,1.84E+07,,0.175641626,0.42959254,0.591143677
251.176168,9.55E-07,5.19E-14,1.84E+07,,0.175641831,0.42959254,0.5911432
251.1783112,9.55E-07,5.19E-14,1.84E+07,,0.175642035,0.42959254,0.591142725
251.1804544,9.55E-07,5.19E-14,1.84E+07,,0.17564224,0.42959254,0.591142248
251.1825975,9.55E-07,5.19E-14,1.84E+07,,0.175642444,0.42959254,0.591141773
251.1847407,9.55E-07,5.19E-14,1.84E+07,,0.175642649,0.42959254,0.591141296
251.1868838,9.55E-07,5.19E-14,1.84E+07,,0.175642853,0.42959254,0.591140821
251.189027,9.55E-07,5.19E-14,1.84E+07,,0.175643058,0.42959254,0.591140344
251.1911702,9.55E-07,5.19E-14,1.84E+07,,0.175643262,0.42959254,0.591139869
251.1933133,9.55E-07,5.19E-14,1.84E+07,,0.175643467,0.42959254,0.591139392
251.1954565,9.55E-07,5.19E-14,1.84E+07,,0.175643671,0.42959254,0.591138917
251.1975997,9.55E-07,5.19E-14,1.84E+07,,0.175643876,0.42959254,0.59113844
251.1997428,9.55E-07,5.19E-14,1.84E+07,,0.17564408,0.42959254,0.591137965
251.201886,9.55E-07,5.19E-14,1.84E+07,,0.175644285,0.42959254,0.591137488
251.2040291,9.55E-07,5.19E-14,1.84E+07,,0.175644489,0.42959254,0.591137013
251.2061723,9.55E-07,5.19E-14,1.84E+07,,0.175644694,0.42959254,0.591136536
251.2083155,9.55E-07,5.19E-14,1.84E+07,,0.175644898,0.42959254,0.591136061
251.2104586,9.55E-07,5.19E-14,1.84E+07,,0.175645103,0.42959254,0.591135584
251.2126018,9.55E-07,5.19E-14,1.84E+07,,0.175645307,0.42959254,0.591135109
251.214745,9.55E-07,5.19E-14,1.84E+07,,0.175645512,0.42959254,0.591134632
251.2168881,9.55E-07,5.19E-14,1.84E+07,,0.175645716,0.42959254,0.591134157
251.2190313,9.55E-07,5.19E-14,1.84E+07,,0.175645921,0.42959254,0.59113368
251.2211745,9.55E-07,5.19E-14,1.84E+07,,0.175646125,0.42959254,0.591133205
251.2233176,9.55E-07,5.19E-14,1.84E+07,,0.17564633,0.42959254,0.591132727
251.2254608,9.55E-07,5.19E-14,1.84E+07,,0.175646534,0.42959254,0.591132253
251.2276039,9.55E-07,5.19E-14,1.84E+07,,0.175646739,0.42959254,0.591131775
251.2297471,9.55E-07,5.19E-14,1.84E+07,,0.175646944,0.42959254,0.591131298
251.2318903,9.55E-07,5.19E-14,1.84E+07,,0.175647148,0.42959254,0.591130823
251.2340334,9.55E-07,5.19E-14,1.84E+07,,0.175647353,0.42959254,0.591130346
251.2361766,9.55E-07,5.19E-14,1.84E+07,,0.175647557,0.42959254,0.591129871
251.2383198,9.55E-07,5.19E-14,1.84E+07,,0.175647762,0.42959254,0.591129394
251.2404629,9.55E-07,5.19E-14,1.84E+07,,0.175647966,0.42959254,0.591128919
251.2426061,9.55E-07,5.19E-14,1.84E+07,,0.175648171,0.42959254,0.591128442
251.2447492,9.55E-07,5.19E-14,1.84E+07,,0.175648375,0.42959254,0.591127967
251.2468924,9.55E-07,5.19E-14,1.84E+07,,0.17564858,0.42959254,0.59112749
251.2490356,9.55E-07,5.19E-14,1.84E+07,,0.175648784,0.42959254,0.591127015
251.2511787,9.55E-07,5.19E-14,1.84E+07,,0.175648989,0.42959254,0.591126538
251.2533219,9.55E-07,5.19E-14,1.84E+07,,0.175649193,0.42959254,0.591126063
251.2554651,9.55E-07,5.19E-14,1.84E+07,,0.175649398,0.42959254,0.591125586
251.2576082,9.55E-07,5.19E-14,1.84E+07,,0.175649602,0.42959254,0.591125111
251.2597514,9.55E-07,5.19E-14,1.84E+07,,0.175649807,0.42959254,0.591124634
251.2618946,9.55E-07,5.19E-14,1.84E+07,,0.175650011,0.42959254,0.591124159
251.2640377,9.55E-07,5.19E-14,1.84E+07,,0.175650216,0.42959254,0.591123682
251.2661809,9.55E-07,5.19E-14,1.84E+07,,0.17565042,0.42959254,0.591123207
251.268324,9.55E-07,5.19E-14,1.84E+07,,0.175650625,0.42959254,0.59112273
251.2704672,9.55E-07,5.19E-14,1.84E+07,,0.175650829,0.42959254,0.591122255
251.2726104,9.55E-07,5.19E-14,1.84E+07,,0.175651034,0.42959254,0.591121778
251.2747535,9.55E-07,5.19E-14,1.84E+07,,0.175651238,0.42959254,0.591121303
251.2768967,9.55E-07,5.19E-14,1.84E+07,,0.175651443,0.42959254,0.591120825
251.2790399,9.55E-07,5.19E-14,1.84E+07,,0.175651647,0.42959254,0.591120351
251.281183,9.55E-07,5.19E-14,1.84E+07,,0.175651852,0.42959254,0.591119873
251.2833262,9.55E-07,5.19E-14,1.84E+07,,0.175652057,0.42959254,0.591119396
251.2854694,9.55E-07,5.19E-14,1.84E+07,,0.175652261,0.42959254,0.591118921
251.2876125,9.55E-07,5.19E-14,1.84E+07,,0.175652466,0.42959254,0.591118444
251.2897557,9.55E-07,5.19E-14,1.84E+07,,0.17565267,0.42959254,0.591117969
251.2918988,9.55E-07,5.19E-14,1.84E+07,,0.175652875,0.42959254,0.591117492
251.294042,9.55E-07,5.19E-14,1.84E+07,,0.175653079,0.42959254,0.591117017
251.2961852,9.55E-07,5.19E-14,1.84E+07,,0.175653284,0.42959254,0.59111654
251.2983283,9.55E-07,5.19E-14,1.84E+07,,0.175653488,0.42959254,0.591116065
251.3004715,9.55E-07,5.19E-14,1.84E+07,,0.175653693,0.42959254,0.591115588
251.3026147,9.55E-07,5.19E-14,1.84E+07,,0.175653897,0.42959254,0.591115113
251.3047578,9.55E-07,5.19E-14,1.84E+07,,0.175654102,0.42959254,0.591114636
251.306901,9.55E-07,5.19E-14,1.84E+07,,0.175654306,0.42959254,0.591114161
251.3090441,9.55E-07,5.19E-14,1.84E+07,,0.175654511,0.42959254,0.591113684
251.3111873,9.55E-07,5.19E-14,1.84E+07,,0.175654715,0.42959254,0.591113209
251.3133305,9.55E-07,5.19E-14,1.84E+07,,0.17565492,0.42959254,0.591112732
251.3154736,9.55E-07,5.19E-14,1.84E+07,,0.175655124,0.42959254,0.591112257
251.3176168,9.55E-07,5.19E-14,1.84E+07,,0.175655329,0.42959254,0.59111178
251.31976,9.55E-07,5.19E-14,1.84E+07,,0.175655533,0.42959254,0.591111305
251.3219031,9.55E-07,5.19E-14,1.84E+07,,0.175655738,0.42959254,0.591110828
251.3240463,9.55E-07,5.19E-14,1.84E+07,,0.175655942,0.42959254,0.591110353
251.3261895,9.55E-07,5.19E-14,1.84E+07,,0.175656147,0.42959254,0.591109876
251.3283326,9.55E-07,5.19E-14,1.84E+07,,0.175656351,0.42959254,0.591109401
251.3304758,9.55E-07,5.19E-14,1.84E+07,,0.175656556,0.42959254,0.591108924
251.3326189,9.55E-07,5.19E-14,1.84E+07,,0.17565676,0.42959254,0.591108449
251.3347621,9.55E-07,5.19E-14,1.84E+07,,0.175656965,0.42959254,0.591107971
251.3369053,9.55E-07,5.19E-14,1.84E+07,,0.17565717,0.42959254,0.591107494
251.3390484,9.55E-07,5.19E-14,1.84E+07,,0.175657374,0.42959254,0.591107019
251.3411916,9.55E-07,5.19E-14,1.84E+07,,0.175657579,0.42959254,0.591106542
251.3433348,9.55E-07,5.19E-14,1.84E+07,,0.175657783,0.42959254,0.591106067
251.3454779,9.55E-07,5.19E-14,1.84E+07,,0.175657988,0.42959254,0.59110559
251.3476211,9.55E-07,5.19E-14,1.84E+07,,0.175658192,0.42959254,0.591105115
251.3497643,9.55E-07,5.19E-14,1.84E+07,,0.175658397,0.42959254,0.591104638
251.3519074,9.55E-07,5.19E-14,1.84E+07,,0.175658601,0.42959254,0.591104163
251.3540506,9.55E-07,5.19E-14,1.84E+07,,0.175658806,0.42959254,0.591103686
251.3561937,9.55E-07,5.19E-14,1.84E+07,,0.17565901,0.42959254,0.591103211
251.3583369,9.55E-07,5.19E-14,1.84E+07,,0.175659215,0.42959254,0.591102734
251.3604801,9.55E-07,5.19E-14,1.84E+07,,0.175659419,0.42959254,0.591102259
251.3626232,9.55E-07,5.19E-14,1.84E+07,,0.175659624,0.42959254,0.591101782
251.3647664,9.55E-07,5.19E-14,1.84E+07,,0.175659828,0.42959254,0.591101307
251.3669096,9.55E-07,5.19E-14,1.84E+07,,0.175660033,0.42959254,0.59110083
251.3690527,9.55E-07,5.19E-14,1.84E+07,,0.175660237,0.42959254,0.591100355
251.3711959,9.55E-07,5.19E-14,1.84E+07,,0.175660442,0.42959254,0.591099878
251.373339,9.55E-07,5.19E-14,1.84E+07,,0.175660646,0.42959254,0.591099403
251.3754822,9.55E-07,5.19E-14,1.84E+07,,0.175660851,0.42959254,0.591098926
251.3776254,9.55E-07,5.19E-14,1.84E+07,,0.175661055,0.42959254,0.591098451
251.3797685,9.55E-07,5.19E-14,1.84E+07,,0.17566126,0.42959254,0.591097974
251.3819117,9.55E-07,5.19E-14,1.84E+07,,0.175661464,0.42959254,0.591097499
251.3840549,9.55E-07,5.19E-14,1.84E+07,,0.175661669,0.42959254,0.591097022
251.386198,9.55E-07,5.19E-14,1.84E+07,,0.175661873,0.42959254,0.591096547
251.3883412,9.55E-07,5.19E-14,1.84E+07,,0.175662078,0.42959254,0.591096069
251.3904844,9.55E-07,5.19E-14,1.84E+07,,0.175662283,0.42959254,0.591095592
251.3926275,9.55E-07,5.19E-14,1.84E+07,,0.175662487,0.42959254,0.591095117
251.3947707,9.55E-07,5.19E-14,1.84E+07,,0.175662692,0.42959254,0.59109464
251.3969138,9.55E-07,5.19E-14,1.84E+07,,0.175662896,0.42959254,0.591094165
251.399057,9.55E-07,5.19E-14,1.84E+07,,0.175663101,0.42959254,0.591093688
251.4012002,9.55E-07,5.19E-14,1.84E+07,,0.175663305,0.42959254,0.591093213
251.4033433,9.55E-07,5.19E-14,1.84E+07,,0.17566351,0.42959254,0.591092736
251.4054865,9.55E-07,5.19E-14,1.84E+07,,0.175663714,0.42959254,0.591092261
251.4076297,9.55E-07,5.19E-14,1.84E+07,,0.175663919,0.42959254,0.591091784
251.4097728,9.55E-07,5.19E-14,1.84E+07,,0.175664123,0.42959254,0.591091309
251.411916,9.55E-07,5.19E-14,1.84E+07,,0.175664328,0.42959254,0.591090832
251.4140592,9.55E-07,5.19E-14,1.84E+07,,0.175664532,0.42959254,0.591090357
251.4162023,9.55E-07,5.19E-14,1.84E+07,,0.175664737,0.42959254,0.59108988
251.4183455,9.55E-07,5.19E-14,1.84E+07,,0.175664941,0.42959254,0.591089405
251.4204886,9.55E-07,5.19E-14,1.84E+07,,0.175665146,0.42959254,0.591088928
251.4226318,9.55E-07,5.19E-14,1.84E+07,,0.17566535,0.42959254,0.591088453
251.424775,9.55E-07,5.19E-14,1.84E+07,,0.175665555,0.42959254,0.591087976
251.4269181,9.55E-07,5.19E-14,1.84E+07,,0.175665759,0.42959254,0.591087501
251.4290613,9.55E-07,5.19E-14,1.84E+07,,0.175665964,0.42959254,0.591087024
251.4312045,9.55E-07,5.19E-14,1.84E+07,,0.175666168,0.42959254,0.591086549
251.4333476,9.55E-07,5.19E-14,1.84E+07,,0.175666373,0.42959254,0.591086072
251.4354908,9.55E-07,5.19E-14,1.84E+07,,0.175666577,0.42959254,0.591085597
251.4376339,9.55E-07,5.19E-14,1.84E+07,,0.175666782,0.42959254,0.59108512
251.4397771,9.55E-07,5.19E-14,1.84E+07,,0.175666986,0.42959254,0.591084645
251.4419203,9.55E-07,5.19E-14,1.84E+07,,0.175667191,0.42959254,0.591084167
251.4440634,9.55E-07,5.19E-14,1.84E+07,,0.175667396,0.42959254,0.59108369
251.4462066,9.55E-07,5.19E-14,1.84E+07,,0.1756676,0.42959254,0.591083215
251.4483498,9.55E-07,5.19E-14,1.84E+07,,0.175667805,0.42959254,0.591082738
251.4504929,9.55E-07,5.19E-14,1.84E+07,,0.175668009,0.42959254,0.591082263
251.4526361,9.55E-07,5.19E-14,1.84E+07,,0.175668214,0.42959254,0.591081786
251.4547793,9.55E-07,5.19E-14,1.84E+07,,0.175668418,0.42959254,0.591081311
251.4569224,9.55E-07,5.19E-14,1.84E+07,,0.175668623,0.42959254,0.591080834
251.4590656,9.55E-07,5.19E-14,1.84E+07,,0.175668827,0.42959254,0.591080359
251.4612087,9.55E-07,5.19E-14,1.84E+07,,0.175669032,0.42959254,0.591079882
251.4633519,9.55E-07,5.19E-14,1.84E+07,,0.175669236,0.42959254,0.591079407
251.4654951,9.55E-07,5.19E-14,1.84E+07,,0.175669441,0.42959254,0.59107893
251.4676382,9.55E-07,5.19E-14,1.84E+07,,0.175669645,0.42959254,0.591078455
251.4697814,9.55E-07,5.19E-14,1.84E+07,,0.17566985,0.42959254,0.591077978
251.4719246,9.55E-07,5.19E-14,1.84E+07,,0.175670054,0.42959254,0.591077503
251.4740677,9.55E-07,5.19E-14,1.84E+07,,0.175670259,0.42959254,0.591077026
251.4762109,9.55E-07,5.19E-14,1.84E+07,,0.175670463,0.42959254,0.591076551
251.4783541,9.55E-07,5.19E-14,1.84E+07,,0.175670668,0.42959254,0.591076074
251.4804972,9.55E-07,5.19E-14,1.84E+07,,0.175670872,0.42959254,0.591075599
251.4826404,9.55E-07,5.19E-14,1.84E+07,,0.175671077,0.42959254,0.591075122
251.4847835,9.55E-07,5.19E-14,1.84E+07,,0.175671281,0.42959254,0.591074647
251.4869267,9.55E-07,5.19E-14,1.84E+07,,0.175671486,0.42959254,0.59107417
251.4890699,9.55E-07,5.19E-14,1.84E+07,,0.17567169,0.42959254,0.591073695
251.491213,9.55E-07,5.19E-14,1.84E+07,,0.175671895,0.42959254,0.591073218
251.4933562,9.55E-07,5.19E-14,1.84E+07,,0.175672099,0.42959254,0.591072743
251.4954994,9.55E-07,5.19E-14,1.84E+07,,0.175672304,0.42959254,0.591072266
251.4976425,9.55E-07,5.19E-14,1.84E+07,,0.175672509,0.42959254,0.591071788
251.4997857,9.55E-07,5.19E-14,1.84E+07,,0.175672713,0.42959254,0.591071313
251.5019288,9.55E-07,5.19E-14,1.84E+07,,0.175672918,0.42959254,0.591070836
251.504072,9.55E-07,5.19E-14,1.84E+07,,0.175673122,0.42959254,0.591070361
251.5062152,9.55E-07,5.19E-14,1.84E+07,,0.175673327,0.42959254,0.591069884
251.5083583,9.55E-07,5.19E-14,1.84E+07,,0.175673531,0.42959254,0.591069409
251.5105015,9.55E-07,5.19E-14,1.84E+07,,0.175673736,0.42959254,0.591068932
251.5126447,9.55E-07,5.19E-14,1.84E+07,,0.17567394,0.42959254,0.591068457
251.5147878,9.55E-07,5.19E-14,1.84E+07,,0.175674145,0.42959254,0.59106798
251.516931,9.55E-07,5.19E-14,1.84E+07,,0.175674349,0.42959254,0.591067505
251.5190742,9.55E-07,5.19E-14,1.84E+07,,0.175674554,0.42959254,0.591067028
251.5212173,9.55E-07,5.19E-14,1.84E+07,,0.175674758,0.42959254,0.591066553
251.5233605,9.55E-07,5.19E-14,1.84E+07,,0.175674963,0.42959254,0.591066076
251.5255036,9.55E-07,5.19E-14,1.84E+07,,0.175675167,0.42959254,0.591065601
251.5276468,9.55E-07,5.19E-14,1.84E+07,,0.175675372,0.42959254,0.591065124
251.52979,9.55E-07,5.19E-14,1.84E+07,,0.175675576,0.42959254,0.591064649
251.5319331,9.55E-07,5.19E-14,1.84E+07,,0.175675781,0.42959254,0.591064172
251.5340763,9.55E-07,5.19E-14,1.84E+07,,0.175675985,0.42959254,0.591063697
251.5362195,9.55E-07,5.19E-14,1.84E+07,,0.17567619,0.42959254,0.59106322
251.5383626,9.55E-07,5.19E-14,1.84E+07,,0.175676394,0.42959254,0.591062745
251.5405058,9.55E-07,5.19E-14,1.84E+07,,0.175676599,0.42959254,0.591062268
251.5426489,9.55E-07,5.19E-14,1.84E+07,,0.175676803,0.42959254,0.591061793
251.5447921,9.55E-07,5.19E-14,1.84E+07,,0.175677008,0.42959254,0.591061316
251.5469353,9.55E-07,5.19E-14,1.84E+07,,0.175677212,0.42959254,0.591060841
251.5490784,9.55E-07,5.19E-14,1.84E+07,,0.175677417,0.42959254,0.591060364
251.5512216,9.55E-07,5.19E-14,1.84E+07,,0.175677622,0.42959254,0.591059886
251.5533648,9.55E-07,5.19E-14,1.84E+07,,0.175677826,0.42959254,0.591059411
251.5555079,9.55E-07,5.19E-14,1.84E+07,,0.175678031,0.42959254,0.591058934
251.5576511,9.55E-07,5.19E-14,1.84E+07,,0.175678235,0.42959254,0.591058459
251.5597943,9.55E-07,5.19E-14,1.84E+07,,0.17567844,0.42959254,0.591057982
251.5619374,9.55E-07,5.19E-14,1.84E+07,,0.175678644,0.42959254,0.591057507
251.5640806,9.55E-07,5.19E-14,1.84E+07,,0.175678849,0.42959254,0.59105703
251.5662237,9.55E-07,5.19E-14,1.84E+07,,0.175679053,0.42959254,0.591056555
251.5683669,9.55E-07,5.19E-14,1.84E+07,,0.175679258,0.42959254,0.591056078
251.5705101,9.55E-07,5.19E-14,1.84E+07,,0.175679462,0.42959254,0.591055603
251.5726532,9.55E-07,5.19E-14,1.84E+07,,0.175679667,0.42959254,0.591055126
251.5747964,9.55E-07,5.19E-14,1.84E+07,,0.175679871,0.42959254,0.591054651
251.5769396,9.55E-07,5.19E-14,1.84E+07,,0.175680076,0.42959254,0.591054174
251.5790827,9.55E-07,5.19E-14,1.84E+07,,0.17568028,0.42959254,0.591053699
251.5812259,9.55E-07,5.19E-14,1.84E+07,,0.175680485,0.42959254,0.591053222
251.5833691,9.55E-07,5.19E-14,1.84E+07,,0.175680689,0.42959254,0.591052747
251.5855122,9.55E-07,5.19E-14,1.84E+07,,0.175680894,0.42959254,0.59105227
251.5876554,9.55E-07,5.19E-14,1.84E+07,,0.175681098,0.42959254,0.591051795
251.5897985,9.55E-07,5.19E-14,1.84E+07,,0.175681303,0.42959254,0.591051318
251.5919417,9.55E-07,5.19E-14,1.84E+07,,0.175681507,0.42959254,0.591050843
251.5940849,9.55E-07,5.19E-14,1.84E+07,,0.175681712,0.42959254,0.591050366
251.596228,9.55E-07,5.19E-14,1.84E+07,,0.175681916,0.42959254,0.591049891
251.5983712,9.55E-07,5.19E-14,1.84E+07,,0.175682121,0.42959254,0.591049414
251.6005144,9.55E-07,5.19E-14,1.84E+07,,0.175682325,0.42959254,0.591048939
251.6026575,9.55E-07,5.19E-14,1.84E+07,,0.17568253,0.42959254,0.591048462
251.6048007,9.55E-07,5.19E-14,1.84E+07,,0.175682735,0.42959254,0.591047984
251.6069438,9.55E-07,5.19E-14,1.84E+07,,0.175682939,0.42959254,0.591047509
251.609087,9.55E-07,5.19E-14,1.84E+07,,0.175683144,0.42959254,0.591047032
251.6112302,9.55E-07,5.19E-14,1.84E+07,,0.175683348,0.42959254,0.591046557
251.6133733,9.55E-07,5.19E-14,1.84E+07,,0.175683553,0.42959254,0.59104608
251.6155165,9.55E-07,5.19E-14,1.84E+07,,0.175683757,0.42959254,0.591045605
251.6176597,9.55E-07,5.19E-14,1.84E+07,,0.175683962,0.42959254,0.591045128
251.6198028,9.55E-07,5.19E-14,1.84E+07,,0.175684166,0.42959254,0.591044653
251.621946,9.55E-07,5.19E-14,1.84E+07,,0.175684371,0.42959254,0.591044176
251.6240892,9.55E-07,5.19E-14,1.84E+07,,0.175684575,0.42959254,0.591043701
251.6262323,9.55E-07,5.19E-14,1.84E+07,,0.17568478,0.42959254,0.591043224
251.6283755,9.55E-07,5.19E-14,1.84E+07,,0.175684984,0.42959254,0.591042749
251.6305186,9.55E-07,5.19E-14,1.84E+07,,0.175685189,0.42959254,0.591042272
251.6326618,9.55E-07,5.19E-14,1.84E+07,,0.175685393,0.42959254,0.591041797
251.634805,9.55E-07,5.19E-14,1.84E+07,,0.175685598,0.42959254,0.59104132
251.6369481,9.55E-07,5.19E-14,1.84E+07,,0.175685802,0.42959254,0.591040845
251.6390913,9.55E-07,5.19E-14,1.84E+07,,0.175686007,0.42959254,0.591040368
251.6412345,9.55E-07,5.19E-14,1.84E+07,,0.175686211,0.42959254,0.591039893
251.6433776,9.55E-07,5.19E-14,1.84E+07,,0.175686416,0.42959254,0.591039416
251.6455208,9.55E-07,5.19E-14,1.84E+07,,0.17568662,0.42959254,0.591038941
251.647664,9.55E-07,5.19E-14,1.84E+07,,0.175686825,0.42959254,0.591038464
251.6498071,9.55E-07,5.19E-14,1.84E+07,,0.175687029,0.42959254,0.591037989
251.6519503,9.55E-07,5.19E-14,1.84E+07,,0.175687234,0.42959254,0.591037512
251.6540934,9.55E-07,5.19E-14,1.84E+07,,0.175687438,0.42959254,0.591037037
251.6562366,9.55E-07,5.19E-14,1.84E+07,,0.175687643,0.42959254,0.59103656
251.6583798,9.55E-07,5.19E-14,1.84E+07,,0.175687848,0.42959254,0.591036082
251.6605229,9.55E-07,5.19E-14,1.84E+07,,0.175688052,0.42959254,0.591035608
251.6626661,9.55E-07,5.19E-14,1.84E+07,,0.175688257,0.42959254,0.59103513
251.6648093,9.55E-07,5.19E-14,1.84E+07,,0.175688461,0.42959254,0.591034655
251.6669524,9.55E-07,5.19E-14,1.84E+07,,0.175688666,0.42959254,0.591034178
251.6690956,9.55E-07,5.19E-14,1.84E+07,,0.17568887,0.42959254,0.591033703
251.6712387,9.55E-07,5.19E-14,1.84E+07,,0.175689075,0.42959254,0.591033226
251.6733819,9.55E-07,5.19E-14,1.84E+07,,0.175689279,0.42959254,0.591032751
251.6755251,9.55E-07,5.19E-14,1.84E+07,,0.175689484,0.42959254,0.591032274
251.6776682,9.55E-07,5.19E-14,1.84E+07,,0.175689688,0.42959254,0.591031799
251.6798114,9.55E-07,5.19E-14,1.84E+07,,0.175689893,0.42959254,0.591031322
251.6819546,9.55E-07,5.19E-14,1.84E+07,,0.175690097,0.42959254,0.591030847
251.6840977,9.55E-07,5.19E-14,1.84E+07,,0.175690302,0.42959254,0.59103037
251.6862409,9.55E-07,5.19E-14,1.84E+07,,0.175690506,0.42959254,0.591029895
251.6883841,9.55E-07,5.19E-14,1.84E+07,,0.175690711,0.42959254,0.591029418
251.6905272,9.55E-07,5.19E-14,1.84E+07,,0.175690915,0.42959254,0.591028943
251.6926704,9.55E-07,5.19E-14,1.84E+07,,0.17569112,0.42959254,0.591028466
251.6948135,9.55E-07,5.19E-14,1.84E+07,,0.175691324,0.42959254,0.591027991
251.6969567,9.55E-07,5.19E-14,1.84E+07,,0.175691529,0.42959254,0.591027514
251.6990999,9.55E-07,5.19E-14,1.84E+07,,0.175691733,0.42959254,0.591027039
251.701243,9.55E-07,5.19E-14,1.84E+07,,0.175691938,0.42959254,0.591026562
251.7033862,9.55E-07,5.19E-14,1.84E+07,,0.175692142,0.42959254,0.591026087
251.7055294,9.55E-07,5.19E-14,1.84E+07,,0.175692347,0.42959254,0.59102561
251.7076725,9.55E-07,5.19E-14,1.84E+07,,0.175692551,0.42959254,0.591025135
251.7098157,9.55E-07,5.19E-14,1.84E+07,,0.175692756,0.42959254,0.591024658
251.7119589,9.55E-07,5.19E-14,1.84E+07,,0.175692961,0.42959254,0.59102418
251.714102,9.55E-07,5.19E-14,1.84E+07,,0.175693165,0.42959254,0.591023706
251.7162452,9.55E-07,5.19E-14,1.84E+07,,0.17569337,0.42959254,0.591023228
251.7183883,9.55E-07,5.19E-14,1.84E+07,,0.175693574,0.42959254,0.591022753
251.7205315,9.55E-07,5.19E-14,1.84E+07,,0.175693779,0.42959254,0.591022276
251.7226747,9.55E-07,5.19E-14,1.84E+07,,0.175693983,0.42959254,0.591021801
251.7248178,9.55E-07,5.19E-14,1.84E+07,,0.175694188,0.42959254,0.591021324
251.726961,9.55E-07,5.19E-14,1.84E+07,,0.175694392,0.42959254,0.591020849
251.7291042,9.55E-07,5.19E-14,1.84E+07,,0.175694597,0.42959254,0.591020372
251.7312473,9.55E-07,5.19E-14,1.84E+07,,0.175694801,0.42959254,0.591019897
251.7333905,9.55E-07,5.19E-14,1.84E+07,,0.175695006,0.42959254,0.59101942
251.7355336,9.55E-07,5.19E-14,1.84E+07,,0.17569521,0.42959254,0.591018945
251.7376768,9.55E-07,5.19E-14,1.84E+07,,0.175695415,0.42959254,0.591018468
251.73982,9.55E-07,5.19E-14,1.84E+07,,0.175695619,0.42959254,0.591017993
251.7419631,9.55E-07,5.19E-14,1.84E+07,,0.175695824,0.42959254,0.591017516
251.7441063,9.55E-07,5.19E-14,1.84E+07,,0.175696028,0.42959254,0.591017041
251.7462495,9.55E-07,5.19E-14,1.84E+07,,0.175696233,0.42959254,0.591016564
251.7483926,9.55E-07,5.19E-14,1.84E+07,,0.175696437,0.42959254,0.591016089
251.7505358,9.55E-07,5.19E-14,1.84E+07,,0.175696642,0.42959254,0.591015612
251.752679,9.55E-07,5.19E-14,1.84E+07,,0.175696846,0.42959254,0.591015137
251.7548221,9.55E-07,5.19E-14,1.84E+07,,0.175697051,0.42959254,0.59101466
251.7569653,9.54E-07,5.19E-14,1.84E+07,,0.175697255,0.42959254,0.591014185
251.7591084,9.54E-07,5.19E-14,1.84E+07,,0.17569746,0.42959254,0.591013708
251.7612516,9.54E-07,5.19E-14,1.84E+07,,0.175697664,0.42959254,0.591013233
251.7633948,9.54E-07,5.19E-14,1.84E+07,,0.175697869,0.42959254,0.591012756
251.7655379,9.54E-07,5.19E-14,1.84E+07,,0.175698074,0.42959254,0.591012278
251.7676811,9.54E-07,5.19E-14,1.84E+07,,0.175698278,0.42959254,0.591011804
251.7698243,9.54E-07,5.19E-14,1.84E+07,,0.175698483,0.42959254,0.591011326
251.7719674,9.54E-07,5.19E-14,1.84E+07,,0.175698687,0.42959254,0.591010852
251.7741106,9.54E-07,5.19E-14,1.84E+07,,0.175698892,0.42959254,0.591010374
251.7762538,9.54E-07,5.19E-14,1.84E+07,,0.175699096,0.42959254,0.591009899
251.7783969,9.54E-07,5.19E-14,1.84E+07,,0.175699301,0.42959254,0.591009422
251.7805401,9.54E-07,5.19E-14,1.84E+07,,0.175699505,0.42959254,0.591008947
251.7826832,9.54E-07,5.19E-14,1.84E+07,,0.17569971,0.42959254,0.59100847
251.7848264,9.54E-07,5.19E-14,1.84E+07,,0.175699914,0.42959254,0.591007995
251.7869696,9.54E-07,5.19E-14,1.84E+07,,0.175700119,0.42959254,0.591007518
251.7891127,9.54E-07,5.19E-14,1.84E+07,,0.175700323,0.42959254,0.591007043
251.7912559,9.54E-07,5.19E-14,1.84E+07,,0.175700528,0.42959254,0.591006566
251.7933991,9.54E-07,5.19E-14,1.84E+07,,0.175700732,0.42959254,0.591006091
251.7955422,9.54E-07,5.19E-14,1.84E+07,,0.175700937,0.42959254,0.591005614
251.7976854,9.54E-07,5.19E-14,1.84E+07,,0.175701141,0.42959254,0.591005139
251.7998285,9.54E-07,5.19E-14,1.84E+07,,0.175701346,0.42959254,0.591004662
251.8019717,9.54E-07,5.19E-14,1.84E+07,,0.17570155,0.42959254,0.591004187
251.8041149,9.54E-07,5.19E-14,1.84E+07,,0.175701755,0.42959254,0.59100371
251.806258,9.54E-07,5.19E-14,1.84E+07,,0.175701959,0.42959254,0.591003235
251.8084012,9.54E-07,5.19E-14,1.84E+07,,0.175702164,0.42959254,0.591002758
251.8105444,9.54E-07,5.19E-14,1.84E+07,,0.175702368,0.42959254,0.591002283
251.8126875,9.54E-07,5.19E-14,1.84E+07,,0.175702573,0.42959254,0.591001806
251.8148307,9.54E-07,5.19E-14,1.84E+07,,0.175702777,0.42959254,0.591001331
251.8169739,9.54E-07,5.19E-14,1.84E+07,,0.175702982,0.42959254,0.591000854
251.819117,9.54E-07,5.19E-14,1.84E+07,,0.175703187,0.42959254,0.591000376
251.8212602,9.54E-07,5.19E-14,1.84E+07,,0.175703391,0.42959254,0.590999902
251.8234033,9.54E-07,5.19E-14,1.84E+07,,0.175703596,0.42959254,0.590999424
251.8255465,9.54E-07,5.19E-14,1.84E+07,,0.1757038,0.42959254,0.59099895
251.8276897,9.54E-07,5.19E-14,1.84E+07,,0.175704005,0.42959254,0.590998472
251.8298328,9.54E-07,5.19E-14,1.84E+07,,0.175704209,0.42959254,0.590997997
251.831976,9.54E-07,5.19E-14,1.84E+07,,0.175704414,0.42959254,0.59099752
251.8341192,9.54E-07,5.19E-14,1.84E+07,,0.175704618,0.42959254,0.590997045
251.8362623,9.54E-07,5.19E-14,1.84E+07,,0.175704823,0.42959254,0.590996568
251.8384055,9.54E-07,5.19E-14,1.84E+07,,0.175705027,0.42959254,0.590996093
251.8405486,9.54E-07,5.19E-14,1.84E+07,,0.175705232,0.42959254,0.590995616
251.8426918,9.54E-07,5.19E-14,1.84E+07,,0.175705436,0.42959254,0.590995141
251.844835,9.54E-07,5.19E-14,1.84E+07,,0.175705641,0.42959254,0.590994664
251.8469781,9.54E-07,5.19E-14,1.84E+07,,0.175705845,0.42959254,0.590994189
251.8491213,9.54E-07,5.19E-14,1.84E+07,,0.17570605,0.42959254,0.590993712
251.8512645,9.54E-07,5.19E-14,1.84E+07,,0.175706254,0.42959254,0.590993237
251.8534076,9.54E-07,5.19E-14,1.84E+07,,0.175706459,0.42959254,0.59099276
251.8555508,9.54E-07,5.19E-14,1.84E+07,,0.175706663,0.42959254,0.590992285
251.857694,9.54E-07,5.19E-14,1.84E+07,,0.175706868,0.42959254,0.590991808
251.8598371,9.54E-07,5.19E-14,1.84E+07,,0.175707072,0.42959254,0.590991333
251.8619803,9.54E-07,5.19E-14,1.84E+07,,0.175707277,0.42959254,0.590990856
251.8641234,9.54E-07,5.19E-14,1.84E+07,,0.175707481,0.42959254,0.590990381
251.8662666,9.54E-07,5.19E-14,1.84E+07,,0.175707686,0.42959254,0.590989904
251.8684098,9.54E-07,5.19E-14,1.84E+07,,0.17570789,0.42959254,0.590989429
251.8705529,9.54E-07,5.19E-14,1.84E+07,,0.175708095,0.42959254,0.590988952
251.8726961,9.54E-07,5.19E-14,1.84E+07,,0.1757083,0.42959254,0.590988474
251.8748393,9.54E-07,5.19E-14,1.84E+07,,0.175708504,0.42959254,0.590988
251.8769824,9.54E-07,5.19E-14,1.84E+07,,0.175708709,0.42959254,0.590987522
251.8791256,9.54E-07,5.19E-14,1.84E+07,,0.175708913,0.42959254,0.590987048
251.8812688,9.54E-07,5.19E-14,1.84E+07,,0.175709118,0.42959254,0.59098657
251.8834119,9.54E-07,5.19E-14,1.84E+07,,0.175709322,0.42959254,0.590986095
251.8855551,9.54E-07,5.19E-14,1.84E+07,,0.175709527,0.42959254,0.590985618
251.8876982,9.54E-07,5.19E-14,1.84E+07,,0.175709731,0.42959254,0.590985143
251.8898414,9.54E-07,5.19E-14,1.84E+07,,0.175709936,0.42959254,0.590984666
251.8919846,9.54E-07,5.19E-14,1.84E+07,,0.17571014,0.42959254,0.590984191
251.8941277,9.54E-07,5.19E-14,1.84E+07,,0.175710345,0.42959254,0.590983714
251.8962709,9.54E-07,5.19E-14,1.84E+07,,0.175710549,0.42959254,0.590983239
251.8984141,9.54E-07,5.19E-14,1.84E+07,,0.175710754,0.42959254,0.590982762
251.9005572,9.54E-07,5.19E-14,1.84E+07,,0.175710958,0.42959254,0.590982287
251.9027004,9.54E-07,5.19E-14,1.84E+07,,0.175711163,0.42959254,0.59098181
251.9048435,9.54E-07,5.19E-14,1.84E+07,,0.175711367,0.42959254,0.590981335
251.9069867,9.54E-07,5.19E-14,1.84E+07,,0.175711572,0.42959254,0.590980858
251.9091299,9.54E-07,5.19E-14,1.84E+07,,0.175711776,0.42959254,0.590980383
251.911273,9.54E-07,5.19E-14,1.84E+07,,0.175711981,0.42959254,0.590979906
251.9134162,9.54E-07,5.19E-14,1.84E+07,,0.175712185,0.42959254,0.590979431
251.9155594,9.54E-07,5.19E-14,1.84E+07,,0.17571239,0.42959254,0.590978954
251.9177025,9.54E-07,5.19E-14,1.84E+07,,0.175712594,0.42959254,0.590978479
251.9198457,9.54E-07,5.19E-14,1.84E+07,,0.175712799,0.42959254,0.590978002
251.9219889,9.54E-07,5.19E-14,1.84E+07,,0.175713003,0.42959254,0.590977527
251.924132,9.54E-07,5.19E-14,1.84E+07,,0.175713208,0.42959254,0.59097705
251.9262752,9.54E-07,5.19E-14,1.84E+07,,0.175713413,0.42959254,0.590976573
251.9284183,9.54E-07,5.19E-14,1.84E+07,,0.175713617,0.42959254,0.590976098
251.9305615,9.54E-07,5.19E-14,1.84E+07,,0.175713822,0.42959254,0.59097562
251.9327047,9.54E-07,5.19E-14,1.84E+07,,0.175714026,0.42959254,0.590975146
251.9348478,9.54E-07,5.19E-14,1.84E+07,,0.175714231,0.42959254,0.590974668
251.936991,9.54E-07,5.19E-14,1.84E+07,,0.175714435,0.42959254,0.590974194
251.9391342,9.54E-07,5.19E-14,1.84E+07,,0.17571464,0.42959254,0.590973716
251.9412773,9.54E-07,5.19E-14,1.84E+07,,0.175714844,0.42959254,0.590973241
251.9434205,9.54E-07,5.19E-14,1.84E+07,,0.175715049,0.42959254,0.590972764
251.9455637,9.54E-07,5.19E-14,1.84E+07,,0.175715253,0.42959254,0.590972289
251.9477068,9.54E-07,5.19E-14,1.84E+07,,0.175715458,0.42959254,0.590971812
251.94985,9.54E-07,5.19E-14,1.84E+07,,0.175715662,0.42959254,0.590971337
251.9519931,9.54E-07,5.19E-14,1.84E+07,,0.175715867,0.42959254,0.59097086
251.9541363,9.54E-07,5.19E-14,1.84E+07,,0.175716071,0.42959254,0.590970385
251.9562795,9.54E-07,5.19E-14,1.84E+07,,0.175716276,0.42959254,0.590969908
251.9584226,9.54E-07,5.19E-14,1.84E+07,,0.17571648,0.42959254,0.590969433
251.9605658,9.54E-07,5.19E-14,1.84E+07,,0.175716685,0.42959254,0.590968956
251.962709,9.54E-07,5.19E-14,1.84E+07,,0.175716889,0.42959254,0.590968481
251.9648521,9.54E-07,5.19E-14,1.84E+07,,0.175717094,0.42959254,0.590968004
251.9669953,9.54E-07,5.19E-14,1.84E+07,,0.175717298,0.42959254,0.590967529
251.9691384,9.54E-07,5.19E-14,1.84E+07,,0.175717503,0.42959254,0.590967052
251.9712816,9.54E-07,5.19E-14,1.84E+07,,0.175717707,0.42959254,0.590966577
251.9734248,9.54E-07,5.19E-14,1.84E+07,,0.175717912,0.42959254,0.5909661
251.9755679,9.54E-07,5.19E-14,1.84E+07,,0.175718116,0.42959254,0.590965625
251.9777111,9.54E-07,5.19E-14,1.84E+07,,0.175718321,0.42959254,0.590965148
251.9798543,9.54E-07,5.19E-14,1.84E+07,,0.175718526,0.42959254,0.590964671
251.9819974,9.54E-07,5.19E-14,1.84E+07,,0.17571873,0.42959254,0.590964196
251.9841406,9.54E-07,5.19E-14,1.84E+07,,0.175718935,0.42959254,0.590963718
251.9862838,9.54E-07,5.19E-14,1.84E+07,,0.175719139,0.42959254,0.590963244
251.9884269,9.54E-07,5.19E-14,1.84E+07,,0.175719344,0.42959254,0.590962766
251.9905701,9.54E-07,5.19E-14,1.84E+07,,0.175719548,0.42959254,0.590962292
251.9927132,9.54E-07,5.19E-14,1.84E+07,,0.175719753,0.42959254,0.590961814
251.9948564,9.54E-07,5.19E-14,1.84E+07,,0.175719957,0.42959254,0.590961339
251.9969996,9.54E-07,5.19E-14,1.84E+07,,0.175720162,0.42959254,0.590960862
251.9991427,9.54E-07,5.19E-14,1.84E+07,,0.175720366,0.42959254,0.590960387
252.0012859,9.54E-07,5.19E-14,1.84E+07,,0.175720555,0.42959254,0.590959947
252.0034291,9.54E-07,5.19E-14,1.84E+07,,0.175720734,0.42959254,0.590959531
252.0055722,9.54E-07,5.19E-14,1.84E+07,,0.175720913,0.42959254,0.590959114
252.0077154,9.54E-07,5.19E-14,1.84E+07,,0.175721092,0.42959254,0.590958697
252.0098586,9.54E-07,5.19E-14,1.84E+07,,0.175721271,0.42959254,0.590958281
252.0120017,9.54E-07,5.19E-14,1.84E+07,,0.17572145,0.42959254,0.590957864
252.0141449,9.54E-07,5.19E-14,1.84E+07,,0.175721629,0.42959254,0.590957447
252.016288,9.54E-07,5.19E-14,1.84E+07,,0.175721808,0.42959254,0.590957031
252.0184312,9.54E-07,5.19E-14,1.84E+07,,0.175721987,0.42959254,0.590956614
252.0205744,9.54E-07,5.19E-14,1.84E+07,,0.175722166,0.42959254,0.590956197
252.0227175,9.54E-07,5.19E-14,1.84E+07,,0.175722344,0.42959254,0.590955783
252.0248607,9.54E-07,5.19E-14,1.84E+07,,0.175722523,0.42959254,0.590955366
252.0270039,9.54E-07,5.19E-14,1.84E+07,,0.175722702,0.42959254,0.59095495
252.029147,9.54E-07,5.19E-14,1.84E+07,,0.175722881,0.42959254,0.590954533
252.0312902,9.54E-07,5.19E-14,1.84E+07,,0.17572306,0.42959254,0.590954116
252.0334333,9.54E-07,5.19E-14,1.84E+07,,0.175723239,0.42959254,0.5909537
252.0355765,9.54E-07,5.19E-14,1.84E+07,,0.175723418,0.42959254,0.590953283
252.0377197,9.54E-07,5.19E-14,1.84E+07,,0.175723597,0.42959254,0.590952866
252.0398628,9.54E-07,5.19E-14,1.84E+07,,0.175723776,0.42959254,0.59095245
252.042006,9.54E-07,5.19E-14,1.84E+07,,0.175723955,0.42959254,0.590952033
252.0441492,9.54E-07,5.19E-14,1.84E+07,,0.175724134,0.42959254,0.590951616
252.0462923,9.54E-07,5.19E-14,1.84E+07,,0.175724312,0.42959254,0.590951202
252.0484355,9.54E-07,5.19E-14,1.84E+07,,0.175724491,0.42959254,0.590950785
252.0505787,9.54E-07,5.19E-14,1.84E+07,,0.17572467,0.42959254,0.590950369
252.0527218,9.54E-07,5.19E-14,1.84E+07,,0.175724849,0.42959254,0.590949952
252.054865,9.54E-07,5.19E-14,1.84E+07,,0.175725028,0.42959254,0.590949535
252.0570081,9.54E-07,5.19E-14,1.84E+07,,0.175725207,0.42959254,0.590949119
252.0591513,9.54E-07,5.19E-14,1.84E+07,,0.175725386,0.42959254,0.590948702
252.0612945,9.54E-07,5.19E-14,1.84E+07,,0.175725565,0.42959254,0.590948285
252.0634376,9.54E-07,5.19E-14,1.84E+07,,0.175725744,0.42959254,0.590947869
252.0655808,9.54E-07,5.19E-14,1.84E+07,,0.175725923,0.42959254,0.590947452
252.067724,9.54E-07,5.19E-14,1.84E+07,,0.175726102,0.42959254,0.590947035
252.0698671,9.54E-07,5.19E-14,1.84E+07,,0.175726281,0.42959254,0.590946619
252.0720103,9.54E-07,5.19E-14,1.84E+07,,0.175726459,0.42959254,0.590946204
252.0741535,9.54E-07,5.19E-14,1.84E+07,,0.175726638,0.42959254,0.590945788
252.0762966,9.54E-07,5.19E-14,1.84E+07,,0.175726817,0.42959254,0.590945371
252.0784398,9.54E-07,5.19E-14,1.84E+07,,0.175726996,0.42959254,0.590944954
252.0805829,9.54E-07,5.19E-14,1.84E+07,,0.175727175,0.42959254,0.590944538
252.0827261,9.54E-07,5.19E-14,1.84E+07,,0.175727354,0.42959254,0.590944121
252.0848693,9.54E-07,5.19E-14,1.84E+07,,0.175727533,0.42959254,0.590943704
252.0870124,9.54E-07,5.19E-14,1.84E+07,,0.175727712,0.42959254,0.590943287
252.0891556,9.54E-07,5.19E-14,1.84E+07,,0.175727891,0.42959254,0.590942871
252.0912988,9.54E-07,5.19E-14,1.84E+07,,0.17572807,0.42959254,0.590942454
252.0934419,9.54E-07,5.19E-14,1.84E+07,,0.175728249,0.42959254,0.590942037
252.0955851,9.54E-07,5.19E-14,1.84E+07,,0.175728427,0.42959254,0.590941623
252.0977282,9.54E-07,5.19E-14,1.84E+07,,0.175728606,0.42959254,0.590941206
252.0998714,9.54E-07,5.19E-14,1.84E+07,,0.175728785,0.42959254,0.59094079
252.1020146,9.54E-07,5.19E-14,1.84E+07,,0.175728964,0.42959254,0.590940373
252.1041577,9.54E-07,5.19E-14,1.84E+07,,0.175729143,0.42959254,0.590939956
252.1063009,9.54E-07,5.19E-14,1.84E+07,,0.175729322,0.42959254,0.59093954
252.1084441,9.54E-07,5.19E-14,1.84E+07,,0.175729501,0.42959254,0.590939123
252.1105872,9.54E-07,5.19E-14,1.84E+07,,0.17572968,0.42959254,0.590938706
252.1127304,9.54E-07,5.19E-14,1.84E+07,,0.175729859,0.42959254,0.59093829
252.1148736,9.54E-07,5.19E-14,1.84E+07,,0.175730038,0.42959254,0.590937873
252.1170167,9.54E-07,5.19E-14,1.84E+07,,0.175730217,0.42959254,0.590937456
252.1191599,9.54E-07,5.19E-14,1.84E+07,,0.175730395,0.42959254,0.590937042
252.121303,9.54E-07,5.19E-14,1.84E+07,,0.175730574,0.42959254,0.590936625
252.1234462,9.54E-07,5.19E-14,1.84E+07,,0.175730753,0.42959254,0.590936209
252.1255894,9.54E-07,5.19E-14,1.84E+07,,0.175730932,0.42959254,0.590935792
252.1277325,9.54E-07,5.19E-14,1.84E+07,,0.175731111,0.42959254,0.590935375
252.1298757,9.54E-07,5.19E-14,1.84E+07,,0.17573129,0.42959254,0.590934959
252.1320189,9.54E-07,5.19E-14,1.84E+07,,0.175731469,0.42959254,0.590934542
252.134162,9.54E-07,5.19E-14,1.84E+07,,0.175731648,0.42959254,0.590934125
252.1363052,9.54E-07,5.19E-14,1.84E+07,,0.175731827,0.42959254,0.590933709
252.1384483,9.54E-07,5.19E-14,1.84E+07,,0.175732006,0.42959254,0.590933292
252.1405915,9.54E-07,5.19E-14,1.84E+07,,0.175732185,0.42959254,0.590932875
252.1427347,9.54E-07,5.19E-14,1.84E+07,,0.175732363,0.42959254,0.590932461
252.1448778,9.54E-07,5.19E-14,1.84E+07,,0.175732542,0.42959254,0.590932044
252.147021,9.54E-07,5.19E-14,1.84E+07,,0.175732721,0.42959254,0.590931628
252.1491642,9.54E-07,5.19E-14,1.84E+07,,0.1757329,0.42959254,0.590931211
252.1513073,9.54E-07,5.19E-14,1.84E+07,,0.175733079,0.42959254,0.590930794
252.1534505,9.54E-07,5.19E-14,1.84E+07,,0.175733258,0.42959254,0.590930378
252.1555937,9.54E-07,5.19E-14,1.84E+07,,0.175733437,0.42959254,0.590929961
252.1577368,9.54E-07,5.19E-14,1.84E+07,,0.175733616,0.42959254,0.590929544
252.15988,9.54E-07,5.19E-14,1.84E+07,,0.175733795,0.42959254,0.590929128
252.1620231,9.54E-07,5.19E-14,1.84E+07,,0.175733974,0.42959254,0.590928711
252.1641663,9.54E-07,5.19E-14,1.84E+07,,0.175734153,0.42959254,0.590928294
252.1663095,9.54E-07,5.19E-14,1.84E+07,,0.175734332,0.42959254,0.590927878
252.1684526,9.54E-07,5.19E-14,1.84E+07,,0.17573451,0.42959254,0.590927463
252.1705958,9.54E-07,5.19E-14,1.84E+07,,0.175734689,0.42959254,0.590927047
252.172739,9.54E-07,5.19E-14,1.84E+07,,0.175734868,0.42959254,0.59092663
252.1748821,9.54E-07,5.19E-14,1.84E+07,,0.175735047,0.42959254,0.590926213
252.1770253,9.54E-07,5.19E-14,1.84E+07,,0.175735226,0.42959254,0.590925796
252.1791685,9.54E-07,5.19E-14,1.84E+07,,0.175735405,0.42959254,0.59092538
252.1813116,9.54E-07,5.19E-14,1.84E+07,,0.175735584,0.42959254,0.590924963
252.1834548,9.54E-07,5.19E-14,1.84E+07,,0.175735763,0.42959254,0.590924546
252.1855979,9.54E-07,5.19E-14,1.84E+07,,0.175735942,0.42959254,0.59092413
252.1877411,9.54E-07,5.19E-14,1.84E+07,,0.175736121,0.42959254,0.590923713
252.1898843,9.54E-07,5.19E-14,1.84E+07,,0.1757363,0.42959254,0.590923296
252.1920274,9.54E-07,5.19E-14,1.84E+07,,0.175736478,0.42959254,0.590922882
252.1941706,9.54E-07,5.19E-14,1.84E+07,,0.175736657,0.42959254,0.590922465
252.1963138,9.54E-07,5.19E-14,1.84E+07,,0.175736836,0.42959254,0.590922049
252.1984569,9.54E-07,5.19E-14,1.84E+07,,0.175737015,0.42959254,0.590921632
252.2006001,9.54E-07,5.19E-14,1.84E+07,,0.175737194,0.42959254,0.590921215
252.2027432,9.54E-07,5.19E-14,1.84E+07,,0.175737373,0.42959254,0.590920799
252.2048864,9.54E-07,5.19E-14,1.84E+07,,0.175737552,0.42959254,0.590920382
252.2070296,9.54E-07,5.19E-14,1.84E+07,,0.175737731,0.42959254,0.590919965
252.2091727,9.54E-07,5.19E-14,1.84E+07,,0.17573791,0.42959254,0.590919549
252.2113159,9.54E-07,5.19E-14,1.84E+07,,0.175738089,0.42959254,0.590919132
252.2134591,9.54E-07,5.19E-14,1.84E+07,,0.175738268,0.42959254,0.590918715
252.2156022,9.54E-07,5.19E-14,1.84E+07,,0.175738446,0.42959254,0.590918301
252.2177454,9.54E-07,5.19E-14,1.84E+07,,0.175738625,0.42959254,0.590917884
252.2198886,9.54E-07,5.19E-14,1.84E+07,,0.175738804,0.42959254,0.590917468
252.2220317,9.54E-07,5.19E-14,1.84E+07,,0.175738983,0.42959254,0.590917051
252.2241749,9.54E-07,5.19E-14,1.84E+07,,0.175739162,0.42959254,0.590916634
252.226318,9.54E-07,5.19E-14,1.84E+07,,0.175739341,0.42959254,0.590916218
252.2284612,9.54E-07,5.19E-14,1.84E+07,,0.17573952,0.42959254,0.590915801
252.2306044,9.54E-07,5.19E-14,1.84E+07,,0.175739699,0.42959254,0.590915384
252.2327475,9.54E-07,5.19E-14,1.84E+07,,0.175739878,0.42959254,0.590914968
252.2348907,9.54E-07,5.19E-14,1.84E+07,,0.175740057,0.42959254,0.590914551
252.2370339,9.54E-07,5.19E-14,1.84E+07,,0.175740236,0.42959254,0.590914134
252.239177,9.54E-07,5.19E-14,1.84E+07,,0.175740414,0.42959254,0.59091372
252.2413202,9.54E-07,5.19E-14,1.84E+07,,0.175740593,0.42959254,0.590913303
252.2434634,9.54E-07,5.19E-14,1.84E+07,,0.175740772,0.42959254,0.590912887
252.2456065,9.54E-07,5.19E-14,1.84E+07,,0.175740951,0.42959254,0.59091247
252.2477497,9.54E-07,5.19E-14,1.84E+07,,0.17574113,0.42959254,0.590912053
252.2498928,9.54E-07,5.19E-14,1.84E+07,,0.175741309,0.42959254,0.590911637
252.252036,9.54E-07,5.19E-14,1.84E+07,,0.175741488,0.42959254,0.59091122
252.2541792,9.54E-07,5.19E-14,1.84E+07,,0.175741667,0.42959254,0.590910803
252.2563223,9.54E-07,5.19E-14,1.84E+07,,0.175741846,0.42959254,0.590910387
252.2584655,9.54E-07,5.19E-14,1.84E+07,,0.175742025,0.42959254,0.59090997
252.2606087,9.54E-07,5.19E-14,1.84E+07,,0.175742204,0.42959254,0.590909553
252.2627518,9.54E-07,5.19E-14,1.84E+07,,0.175742383,0.42959254,0.590909137
252.264895,9.54E-07,5.19E-14,1.84E+07,,0.175742561,0.42959254,0.590908722
252.2670381,9.54E-07,5.19E-14,1.84E+07,,0.17574274,0.42959254,0.590908305
252.2691813,9.54E-07,5.19E-14,1.84E+07,,0.175742919,0.42959254,0.590907889
252.2713245,9.54E-07,5.19E-14,1.84E+07,,0.175743098,0.42959254,0.590907472
252.2734676,9.54E-07,5.19E-14,1.84E+07,,0.175743277,0.42959254,0.590907055
252.2756108,9.54E-07,5.19E-14,1.84E+07,,0.175743456,0.42959254,0.590906639
252.277754,9.54E-07,5.19E-14,1.84E+07,,0.175743635,0.42959254,0.590906222
252.2798971,9.54E-07,5.19E-14,1.84E+07,,0.175743814,0.42959254,0.590905805
252.2820403,9.54E-07,5.19E-14,1.84E+07,,0.175743993,0.42959254,0.590905389
252.2841835,9.54E-07,5.19E-14,1.84E+07,,0.175744172,0.42959254,0.590904972
252.2863266,9.54E-07,5.19E-14,1.84E+07,,0.175744351,0.42959254,0.590904555
252.2884698,9.54E-07,5.19E-14,1.84E+07,,0.175744529,0.42959254,0.590904141
252.2906129,9.54E-07,5.19E-14,1.84E+07,,0.175744708,0.42959254,0.590903724
252.2927561,9.54E-07,5.19E-14,1.84E+07,,0.175744887,0.42959254,0.590903308
252.2948993,9.54E-07,5.19E-14,1.84E+07,,0.175745066,0.42959254,0.590902891
252.2970424,9.54E-07,5.19E-14,1.84E+07,,0.175745245,0.42959254,0.590902474
252.2991856,9.54E-07,5.19E-14,1.84E+07,,0.175745424,0.42959254,0.590902058
252.3013288,9.54E-07,5.19E-14,1.84E+07,,0.175745603,0.42959254,0.590901641
252.3034719,9.54E-07,5.19E-14,1.84E+07,,0.175745782,0.42959254,0.590901224
252.3056151,9.54E-07,5.19E-14,1.84E+07,,0.175745961,0.42959254,0.590900808
252.3077583,9.54E-07,5.19E-14,1.84E+07,,0.17574614,0.42959254,0.590900391
252.3099014,9.54E-07,5.19E-14,1.84E+07,,0.175746319,0.42959254,0.590899974
252.3120446,9.54E-07,5.19E-14,1.84E+07,,0.175746497,0.42959254,0.59089956
252.3141877,9.54E-07,5.19E-14,1.84E+07,,0.175746676,0.42959254,0.590899143
252.3163309,9.54E-07,5.19E-14,1.84E+07,,0.175746855,0.42959254,0.590898727
252.3184741,9.54E-07,5.19E-14,1.84E+07,,0.175747034,0.42959254,0.59089831
252.3206172,9.54E-07,5.19E-14,1.84E+07,,0.175747213,0.42959254,0.590897893
252.3227604,9.54E-07,5.19E-14,1.84E+07,,0.175747392,0.42959254,0.590897477
252.3249036,9.54E-07,5.19E-14,1.84E+07,,0.175747571,0.42959254,0.59089706
252.3270467,9.54E-07,5.19E-14,1.84E+07,,0.17574775,0.42959254,0.590896643
252.3291899,9.54E-07,5.19E-14,1.84E+07,,0.175747929,0.42959254,0.590896227
252.331333,9.54E-07,5.19E-14,1.84E+07,,0.175748108,0.42959254,0.59089581
252.3334762,9.54E-07,5.19E-14,1.84E+07,,0.175748287,0.42959254,0.590895393
252.3356194,9.54E-07,5.19E-14,1.84E+07,,0.175748466,0.42959254,0.590894977
252.3377625,9.54E-07,5.19E-14,1.84E+07,,0.175748644,0.42959254,0.590894562
252.3399057,9.54E-07,5.19E-14,1.84E+07,,0.175748823,0.42959254,0.590894146
252.3420489,9.54E-07,5.19E-14,1.84E+07,,0.175749002,0.42959254,0.590893729
252.344192,9.54E-07,5.19E-14,1.84E+07,,0.175749181,0.42959254,0.590893312
252.3463352,9.54E-07,5.19E-14,1.84E+07,,0.17574936,0.42959254,0.590892896
252.3484784,9.54E-07,5.19E-14,1.84E+07,,0.175749539,0.42959254,0.590892479
252.3506215,9.54E-07,5.19E-14,1.84E+07,,0.175749718,0.42959254,0.590892062
252.3527647,9.54E-07,5.19E-14,1.84E+07,,0.175749897,0.42959254,0.590891646
252.3549078,9.54E-07,5.19E-14,1.84E+07,,0.175750076,0.42959254,0.590891229
252.357051,9.54E-07,5.19E-14,1.84E+07,,0.175750255,0.42959254,0.590890812
252.3591942,9.54E-07,5.19E-14,1.84E+07,,0.175750434,0.42959254,0.590890396
252.3613373,9.54E-07,5.19E-14,1.84E+07,,0.175750612,0.42959254,0.590889981
252.3634805,9.54E-07,5.19E-14,1.84E+07,,0.175750791,0.42959254,0.590889564
252.3656237,9.54E-07,5.19E-14,1.84E+07,,0.17575097,0.42959254,0.590889148
252.3677668,9.54E-07,5.19E-14,1.84E+07,,0.175751149,0.42959254,0.590888731
252.36991,9.54E-07,5.19E-14,1.84E+07,,0.175751328,0.42959254,0.590888314
252.3720532,9.54E-07,5.19E-14,1.84E+07,,0.175751507,0.42959254,0.590887898
252.3741963,9.54E-07,5.19E-14,1.84E+07,,0.175751686,0.42959254,0.590887481
252.3763395,9.54E-07,5.19E-14,1.84E+07,,0.175751865,0.42959254,0.590887064
252.3784826,9.54E-07,5.19E-14,1.84E+07,,0.175752044,0.42959254,0.590886648
252.3806258,9.54E-07,5.19E-14,1.84E+07,,0.175752223,0.42959254,0.590886231
252.382769,9.54E-07,5.19E-14,1.84E+07,,0.175752402,0.42959254,0.590885814
252.3849121,9.54E-07,5.19E-14,1.84E+07,,0.17575258,0.42959254,0.5908854
252.3870553,9.54E-07,5.19E-14,1.84E+07,,0.175752759,0.42959254,0.590884983
252.3891985,9.54E-07,5.19E-14,1.84E+07,,0.175752938,0.42959254,0.590884567
252.3913416,9.54E-07,5.19E-14,1.84E+07,,0.175753117,0.42959254,0.59088415
252.3934848,9.54E-07,5.19E-14,1.84E+07,,0.175753296,0.42959254,0.590883733
252.3956279,9.54E-07,5.19E-14,1.84E+07,,0.175753475,0.42959254,0.590883317
252.3977711,9.54E-07,5.19E-14,1.84E+07,,0.175753654,0.42959254,0.5908829
252.3999143,9.54E-07,5.19E-14,1.84E+07,,0.175753833,0.42959254,0.590882483
252.4020574,9.54E-07,5.19E-14,1.84E+07,,0.175754012,0.42959254,0.590882067
252.4042006,9.54E-07,5.19E-14,1.84E+07,,0.175754191,0.42959254,0.59088165
252.4063438,9.54E-07,5.19E-14,1.84E+07,,0.17575437,0.42959254,0.590881233
252.4084869,9.54E-07,5.19E-14,1.84E+07,,0.175754548,0.42959254,0.590880819
252.4106301,9.54E-07,5.19E-14,1.84E+07,,0.175754727,0.42959254,0.590880402
252.4127733,9.54E-07,5.19E-14,1.84E+07,,0.175754906,0.42959254,0.590879986
252.4149164,9.54E-07,5.19E-14,1.84E+07,,0.175755085,0.42959254,0.590879569
252.4170596,9.54E-07,5.19E-14,1.84E+07,,0.175755264,0.42959254,0.590879152
252.4192027,9.54E-07,5.19E-14,1.84E+07,,0.175755443,0.42959254,0.590878736
252.4213459,9.54E-07,5.19E-14,1.84E+07,,0.175755622,0.42959254,0.590878319
252.4234891,9.54E-07,5.19E-14,1.84E+07,,0.175755801,0.42959254,0.590877902
252.4256322,9.54E-07,5.19E-14,1.84E+07,,0.17575598,0.42959254,0.590877486
252.4277754,9.54E-07,5.19E-14,1.84E+07,,0.175756159,0.42959254,0.590877069
252.4299186,9.54E-07,5.19E-14,1.84E+07,,0.175756338,0.42959254,0.590876652
252.4320617,9.54E-07,5.19E-14,1.84E+07,,0.175756517,0.42959254,0.590876236
252.4342049,9.54E-07,5.19E-14,1.84E+07,,0.175756695,0.42959254,0.590875821
252.436348,9.54E-07,5.19E-14,1.84E+07,,0.175756874,0.42959254,0.590875405
252.4384912,9.54E-07,5.19E-14,1.84E+07,,0.175757053,0.42959254,0.590874988
252.4406344,9.54E-07,5.19E-14,1.84E+07,,0.175757232,0.42959254,0.590874571
252.4427775,9.54E-07,5.19E-14,1.84E+07,,0.175757411,0.42959254,0.590874155
252.4449207,9.54E-07,5.19E-14,1.84E+07,,0.17575759,0.42959254,0.590873738
252.4470639,9.54E-07,5.19E-14,1.84E+07,,0.175757769,0.42959254,0.590873321
252.449207,9.54E-07,5.19E-14,1.84E+07,,0.175757948,0.42959254,0.590872905
252.4513502,9.54E-07,5.19E-14,1.84E+07,,0.175758127,0.42959254,0.590872488
252.4534934,9.54E-07,5.19E-14,1.84E+07,,0.175758306,0.42959254,0.590872071
252.4556365,9.54E-07,5.19E-14,1.84E+07,,0.175758485,0.42959254,0.590871654
252.4577797,9.54E-07,5.19E-14,1.84E+07,,0.175758663,0.42959254,0.59087124
252.4599228,9.54E-07,5.19E-14,1.84E+07,,0.175758842,0.42959254,0.590870823
252.462066,9.54E-07,5.19E-14,1.84E+07,,0.175759021,0.42959254,0.590870407
252.4642092,9.54E-07,5.19E-14,1.84E+07,,0.1757592,0.42959254,0.59086999
252.4663523,9.54E-07,5.19E-14,1.84E+07,,0.175759379,0.42959254,0.590869573
252.4684955,9.54E-07,5.19E-14,1.84E+07,,0.175759558,0.42959254,0.590869157
252.4706387,9.54E-07,5.19E-14,1.84E+07,,0.175759737,0.42959254,0.59086874
252.4727818,9.54E-07,5.19E-14,1.84E+07,,0.175759916,0.42959254,0.590868323
252.474925,9.54E-07,5.19E-14,1.84E+07,,0.175760095,0.42959254,0.590867907
252.4770682,9.54E-07,5.19E-14,1.84E+07,,0.175760274,0.42959254,0.59086749
252.4792113,9.54E-07,5.19E-14,1.84E+07,,0.175760453,0.42959254,0.590867073
252.4813545,9.54E-07,5.19E-14,1.84E+07,,0.175760631,0.42959254,0.590866659
252.4834976,9.54E-07,5.19E-14,1.84E+07,,0.17576081,0.42959254,0.590866242
252.4856408,9.54E-07,5.19E-14,1.84E+07,,0.175760989,0.42959254,0.590865826
252.487784,9.54E-07,5.19E-14,1.84E+07,,0.175761168,0.42959254,0.590865409
252.4899271,9.54E-07,5.19E-14,1.84E+07,,0.175761347,0.42959254,0.590864992
252.4920703,9.54E-07,5.19E-14,1.84E+07,,0.175761526,0.42959254,0.590864576
252.4942135,9.53E-07,5.19E-14,1.84E+07,,0.175761705,0.42959254,0.590864159
252.4963566,9.53E-07,5.19E-14,1.84E+07,,0.175761884,0.42959254,0.590863742
252.4984998,9.53E-07,5.19E-14,1.84E+07,,0.175762063,0.42959254,0.590863326
252.5006429,9.53E-07,5.19E-14,1.84E+07,,0.175762242,0.42959254,0.590862909
252.5027861,9.53E-07,5.19E-14,1.84E+07,,0.175762421,0.42959254,0.590862492
252.5049293,9.53E-07,5.19E-14,1.84E+07,,0.175762599,0.42959254,0.590862078
252.5070724,9.53E-07,5.19E-14,1.84E+07,,0.175762778,0.42959254,0.590861661
252.5092156,9.53E-07,5.19E-14,1.84E+07,,0.175762957,0.42959254,0.590861245
252.5113588,9.53E-07,5.19E-14,1.84E+07,,0.175763136,0.42959254,0.590860828
252.5135019,9.53E-07,5.19E-14,1.84E+07,,0.175763315,0.42959254,0.590860411
252.5156451,9.53E-07,5.19E-14,1.84E+07,,0.175763494,0.42959254,0.590859995
252.5177883,9.53E-07,5.19E-14,1.84E+07,,0.175763673,0.42959254,0.590859578
252.5199314,9.53E-07,5.19E-14,1.84E+07,,0.175763852,0.42959254,0.590859161
252.5220746,9.53E-07,5.19E-14,1.84E+07,,0.175764031,0.42959254,0.590858745
252.5242177,9.53E-07,5.19E-14,1.84E+07,,0.17576421,0.42959254,0.590858328
252.5263609,9.53E-07,5.19E-14,1.84E+07,,0.175764389,0.42959254,0.590857911
252.5285041,9.53E-07,5.19E-14,1.84E+07,,0.175764568,0.42959254,0.590857495
252.5306472,9.53E-07,5.19E-14,1.84E+07,,0.175764746,0.42959254,0.59085708
252.5327904,9.53E-07,5.19E-14,1.84E+07,,0.175764925,0.42959254,0.590856664
252.5349336,9.53E-07,5.19E-14,1.84E+07,,0.175765104,0.42959254,0.590856247
252.5370767,9.53E-07,5.19E-14,1.84E+07,,0.175765283,0.42959254,0.59085583
252.5392199,9.53E-07,5.19E-14,1.84E+07,,0.175765462,0.42959254,0.590855414
252.5413631,9.53E-07,5.19E-14,1.84E+07,,0.175765641,0.42959254,0.590854997
252.5435062,9.53E-07,5.19E-14,1.84E+07,,0.17576582,0.42959254,0.59085458
252.5456494,9.53E-07,5.19E-14,1.84E+07,,0.175765999,0.42959254,0.590854163
252.5477925,9.53E-07,5.19E-14,1.84E+07,,0.175766178,0.42959254,0.590853747
252.5499357,9.53E-07,5.19E-14,1.84E+07,,0.175766357,0.42959254,0.59085333
252.5520789,9.53E-07,5.19E-14,1.84E+07,,0.175766536,0.42959254,0.590852913
252.554222,9.53E-07,5.19E-14,1.84E+07,,0.175766714,0.42959254,0.590852499
252.5563652,9.53E-07,5.19E-14,1.84E+07,,0.175766893,0.42959254,0.590852082
252.5585084,9.53E-07,5.19E-14,1.84E+07,,0.175767072,0.42959254,0.590851666
252.5606515,9.53E-07,5.19E-14,1.84E+07,,0.175767251,0.42959254,0.590851249
252.5627947,9.53E-07,5.19E-14,1.84E+07,,0.17576743,0.42959254,0.590850832
252.5649378,9.53E-07,5.19E-14,1.84E+07,,0.175767609,0.42959254,0.590850416
252.567081,9.53E-07,5.19E-14,1.84E+07,,0.175767788,0.42959254,0.590849999
252.5692242,9.53E-07,5.19E-14,1.84E+07,,0.175767967,0.42959254,0.590849582
252.5713673,9.53E-07,5.19E-14,1.84E+07,,0.175768146,0.42959254,0.590849166
252.5735105,9.53E-07,5.19E-14,1.84E+07,,0.175768325,0.42959254,0.590848749
252.5756537,9.53E-07,5.19E-14,1.84E+07,,0.175768504,0.42959254,0.590848332
252.5777968,9.53E-07,5.19E-14,1.84E+07,,0.175768682,0.42959254,0.590847918
252.57994,9.53E-07,5.19E-14,1.84E+07,,0.175768861,0.42959254,0.590847501
252.5820832,9.53E-07,5.19E-14,1.84E+07,,0.17576904,0.42959254,0.590847085
252.5842263,9.53E-07,5.19E-14,1.84E+07,,0.175769219,0.42959254,0.590846668
252.5863695,9.53E-07,5.19E-14,1.84E+07,,0.175769398,0.42959254,0.590846251
252.5885126,9.53E-07,5.19E-14,1.84E+07,,0.175769577,0.42959254,0.590845835
252.5906558,9.53E-07,5.19E-14,1.84E+07,,0.175769756,0.42959254,0.590845418
252.592799,9.53E-07,5.19E-14,1.84E+07,,0.175769935,0.42959254,0.590845001
252.5949421,9.53E-07,5.19E-14,1.84E+07,,0.175770114,0.42959254,0.590844585
252.5970853,9.53E-07,5.19E-14,1.84E+07,,0.175770293,0.42959254,0.590844168
252.5992285,9.53E-07,5.19E-14,1.84E+07,,0.175770472,0.42959254,0.590843751
252.6013716,9.53E-07,5.19E-14,1.84E+07,,0.175770651,0.42959254,0.590843335
252.6035148,9.53E-07,5.19E-14,1.84E+07,,0.175770829,0.42959254,0.59084292
252.605658,9.53E-07,5.19E-14,1.84E+07,,0.175771008,0.42959254,0.590842504
252.6078011,9.53E-07,5.19E-14,1.84E+07,,0.175771187,0.42959254,0.590842087
252.6099443,9.53E-07,5.19E-14,1.84E+07,,0.175771366,0.42959254,0.59084167
252.6120874,9.53E-07,5.19E-14,1.84E+07,,0.175771545,0.42959254,0.590841254
252.6142306,9.53E-07,5.19E-14,1.84E+07,,0.175771724,0.42959254,0.590840837
252.6163738,9.53E-07,5.19E-14,1.84E+07,,0.175771903,0.42959254,0.59084042
252.6185169,9.53E-07,5.19E-14,1.84E+07,,0.175772082,0.42959254,0.590840004
252.6206601,9.53E-07,5.19E-14,1.84E+07,,0.175772261,0.42959254,0.590839587
252.6228033,9.53E-07,5.19E-14,1.84E+07,,0.17577244,0.42959254,0.59083917
252.6249464,9.53E-07,5.19E-14,1.84E+07,,0.175772619,0.42959254,0.590838754
252.6270896,9.53E-07,5.19E-14,1.84E+07,,0.175772797,0.42959254,0.590838339
252.6292327,9.53E-07,5.19E-14,1.84E+07,,0.175772976,0.42959254,0.590837923
252.6313759,9.53E-07,5.19E-14,1.84E+07,,0.175773155,0.42959254,0.590837506
252.6335191,9.53E-07,5.19E-14,1.84E+07,,0.175773334,0.42959254,0.590837089
252.6356622,9.53E-07,5.19E-14,1.84E+07,,0.175773513,0.42959254,0.590836673
252.6378054,9.53E-07,5.19E-14,1.84E+07,,0.175773692,0.42959254,0.590836256
252.6399486,9.53E-07,5.19E-14,1.84E+07,,0.175773871,0.42959254,0.590835839
252.6420917,9.53E-07,5.19E-14,1.84E+07,,0.17577405,0.42959254,0.590835422
252.6442349,9.53E-07,5.19E-14,1.84E+07,,0.175774229,0.42959254,0.590835006
252.6463781,9.53E-07,5.19E-14,1.84E+07,,0.175774408,0.42959254,0.590834589
252.6485212,9.53E-07,5.19E-14,1.84E+07,,0.175774587,0.42959254,0.590834172
252.6506644,9.53E-07,5.19E-14,1.84E+07,,0.175774765,0.42959254,0.590833758
252.6528075,9.53E-07,5.19E-14,1.84E+07,,0.175774944,0.42959254,0.590833341
252.6549507,9.53E-07,5.19E-14,1.84E+07,,0.175775123,0.42959254,0.590832925
252.6570939,9.53E-07,5.19E-14,1.84E+07,,0.175775302,0.42959254,0.590832508
252.659237,9.53E-07,5.19E-14,1.84E+07,,0.175775481,0.42959254,0.590832091
252.6613802,9.53E-07,5.19E-14,1.84E+07,,0.17577566,0.42959254,0.590831675
252.6635234,9.53E-07,5.19E-14,1.84E+07,,0.175775839,0.42959254,0.590831258
252.6656665,9.53E-07,5.19E-14,1.84E+07,,0.175776018,0.42959254,0.590830841
252.6678097,9.53E-07,5.19E-14,1.84E+07,,0.175776197,0.42959254,0.590830425
252.6699529,9.53E-07,5.19E-14,1.84E+07,,0.175776376,0.42959254,0.590830008
252.672096,9.53E-07,5.19E-14,1.84E+07,,0.175776555,0.42959254,0.590829591
252.6742392,9.53E-07,5.19E-14,1.84E+07,,0.175776733,0.42959254,0.590829177
252.6763823,9.53E-07,5.19E-14,1.84E+07,,0.175776912,0.42959254,0.59082876
252.6785255,9.53E-07,5.19E-14,1.84E+07,,0.175777091,0.42959254,0.590828344
252.6806687,9.53E-07,5.19E-14,1.84E+07,,0.17577727,0.42959254,0.590827927
252.6828118,9.53E-07,5.19E-14,1.84E+07,,0.175777449,0.42959254,0.59082751
252.684955,9.53E-07,5.19E-14,1.84E+07,,0.175777628,0.42959254,0.590827094
252.6870982,9.53E-07,5.19E-14,1.84E+07,,0.175777807,0.42959254,0.590826677
252.6892413,9.53E-07,5.19E-14,1.84E+07,,0.175777986,0.42959254,0.59082626
252.6913845,9.53E-07,5.19E-14,1.84E+07,,0.175778165,0.42959254,0.590825844
252.6935276,9.53E-07,5.19E-14,1.84E+07,,0.175778344,0.42959254,0.590825427
252.6956708,9.53E-07,5.19E-14,1.84E+07,,0.175778523,0.42959254,0.59082501
252.697814,9.53E-07,5.19E-14,1.84E+07,,0.175778702,0.42959254,0.590824594
252.6999571,9.53E-07,5.19E-14,1.84E+07,,0.17577888,0.42959254,0.590824179
252.7021003,9.53E-07,5.19E-14,1.84E+07,,0.175779059,0.42959254,0.590823763
252.7042435,9.53E-07,5.19E-14,1.84E+07,,0.175779238,0.42959254,0.590823346
252.7063866,9.53E-07,5.19E-14,1.84E+07,,0.175779417,0.42959254,0.590822929
252.7085298,9.53E-07,5.19E-14,1.84E+07,,0.175779596,0.42959254,0.590822513
252.710673,9.53E-07,5.19E-14,1.84E+07,,0.175779775,0.42959254,0.590822096
252.7128161,9.53E-07,5.19E-14,1.84E+07,,0.175779954,0.42959254,0.590821679
252.7149593,9.53E-07,5.19E-14,1.84E+07,,0.175780133,0.42959254,0.590821263
252.7171024,9.53E-07,5.19E-14,1.84E+07,,0.175780312,0.42959254,0.590820846
252.7192456,9.53E-07,5.19E-14,1.84E+07,,0.175780491,0.42959254,0.590820429
252.7213888,9.53E-07,5.19E-14,1.84E+07,,0.17578067,0.42959254,0.590820013
252.7235319,9.53E-07,5.19E-14,1.84E+07,,0.175780848,0.42959254,0.590819598
252.7256751,9.53E-07,5.19E-14,1.84E+07,,0.175781027,0.42959254,0.590819182
252.7278183,9.53E-07,5.19E-14,1.84E+07,,0.175781206,0.42959254,0.590818765
252.7299614,9.53E-07,5.19E-14,1.84E+07,,0.175781385,0.42959254,0.590818348
252.7321046,9.53E-07,5.19E-14,1.84E+07,,0.175781564,0.42959254,0.590817931
252.7342477,9.53E-07,5.19E-14,1.84E+07,,0.175781743,0.42959254,0.590817515
252.7363909,9.53E-07,5.19E-14,1.84E+07,,0.175781922,0.42959254,0.590817098
252.7385341,9.53E-07,5.19E-14,1.84E+07,,0.175782101,0.42959254,0.590816681
252.7406772,9.53E-07,5.19E-14,1.84E+07,,0.17578228,0.42959254,0.590816265
252.7428204,9.53E-07,5.19E-14,1.84E+07,,0.175782459,0.42959254,0.590815848
252.7449636,9.53E-07,5.19E-14,1.84E+07,,0.175782638,0.42959254,0.590815431
252.7471067,9.53E-07,5.19E-14,1.84E+07,,0.175782816,0.42959254,0.590815017
252.7492499,9.53E-07,5.19E-14,1.84E+07,,0.175782995,0.42959254,0.5908146
252.7513931,9.53E-07,5.19E-14,1.84E+07,,0.175783174,0.42959254,0.590814184
252.7535362,9.53E-07,5.19E-14,1.84E+07,,0.175783353,0.42959254,0.590813767
252.7556794,9.53E-07,5.19E-14,1.84E+07,,0.175783532,0.42959254,0.59081335
252.7578225,9.53E-07,5.19E-14,1.84E+07,,0.175783711,0.42959254,0.590812934
252.7599657,9.53E-07,5.19E-14,1.84E+07,,0.17578389,0.42959254,0.590812517
252.7621089,9.53E-07,5.19E-14,1.84E+07,,0.175784069,0.42959254,0.5908121
252.764252,9.53E-07,5.19E-14,1.84E+07,,0.175784248,0.42959254,0.590811684
252.7663952,9.53E-07,5.19E-14,1.84E+07,,0.175784427,0.42959254,0.590811267
252.7685384,9.53E-07,5.19E-14,1.84E+07,,0.175784606,0.42959254,0.59081085
252.7706815,9.53E-07,5.19E-14,1.84E+07,,0.175784784,0.42959254,0.590810436
252.7728247,9.53E-07,5.19E-14,1.84E+07,,0.175784963,0.42959254,0.590810019
252.7749679,9.53E-07,5.19E-14,1.84E+07,,0.175785142,0.42959254,0.590809603
252.777111,9.53E-07,5.19E-14,1.84E+07,,0.175785321,0.42959254,0.590809186
252.7792542,9.53E-07,5.19E-14,1.84E+07,,0.1757855,0.42959254,0.590808769
252.7813973,9.53E-07,5.19E-14,1.84E+07,,0.175785679,0.42959254,0.590808353
252.7835405,9.53E-07,5.19E-14,1.84E+07,,0.175785858,0.42959254,0.590807936
252.7856837,9.53E-07,5.19E-14,1.84E+07,,0.175786037,0.42959254,0.590807519
252.7878268,9.53E-07,5.19E-14,1.84E+07,,0.175786216,0.42959254,0.590807103
252.78997,9.53E-07,5.19E-14,1.84E+07,,0.175786395,0.42959254,0.590806686
252.7921132,9.53E-07,5.19E-14,1.84E+07,,0.175786574,0.42959254,0.590806269
252.7942563,9.53E-07,5.19E-14,1.84E+07,,0.175786753,0.42959254,0.590805853
252.7963995,9.53E-07,5.19E-14,1.84E+07,,0.175786931,0.42959254,0.590805438
252.7985426,9.53E-07,5.19E-14,1.84E+07,,0.17578711,0.42959254,0.590805022
252.8006858,9.53E-07,5.19E-14,1.84E+07,,0.175787289,0.42959254,0.590804605
252.802829,9.53E-07,5.19E-14,1.84E+07,,0.175787468,0.42959254,0.590804188
252.8049721,9.53E-07,5.19E-14,1.84E+07,,0.175787647,0.42959254,0.590803772
252.8071153,9.53E-07,5.19E-14,1.84E+07,,0.175787826,0.42959254,0.590803355
252.8092585,9.53E-07,5.19E-14,1.84E+07,,0.175788005,0.42959254,0.590802938
252.8114016,9.53E-07,5.19E-14,1.84E+07,,0.175788184,0.42959254,0.590802522
252.8135448,9.53E-07,5.19E-14,1.84E+07,,0.175788363,0.42959254,0.590802105
252.815688,9.53E-07,5.19E-14,1.84E+07,,0.175788542,0.42959254,0.590801688
252.8178311,9.53E-07,5.19E-14,1.84E+07,,0.175788721,0.42959254,0.590801272
252.8199743,9.53E-07,5.19E-14,1.84E+07,,0.175788899,0.42959254,0.590800857
252.8221174,9.53E-07,5.19E-14,1.84E+07,,0.175789078,0.42959254,0.59080044
252.8242606,9.53E-07,5.19E-14,1.84E+07,,0.175789257,0.42959254,0.590800024
252.8264038,9.53E-07,5.19E-14,1.84E+07,,0.175789436,0.42959254,0.590799607
252.8285469,9.53E-07,5.19E-14,1.84E+07,,0.175789615,0.42959254,0.59079919
252.8306901,9.53E-07,5.19E-14,1.84E+07,,0.175789794,0.42959254,0.590798774
252.8328333,9.53E-07,5.19E-14,1.84E+07,,0.175789973,0.42959254,0.590798357
252.8349764,9.53E-07,5.19E-14,1.84E+07,,0.175790152,0.42959254,0.59079794
252.8371196,9.53E-07,5.19E-14,1.84E+07,,0.175790331,0.42959254,0.590797524
252.8392628,9.53E-07,5.19E-14,1.84E+07,,0.17579051,0.42959254,0.590797107
252.8414059,9.53E-07,5.19E-14,1.84E+07,,0.175790689,0.42959254,0.59079669
252.8435491,9.53E-07,5.19E-14,1.84E+07,,0.175790867,0.42959254,0.590796276
252.8456922,9.53E-07,5.19E-14,1.84E+07,,0.175791046,0.42959254,0.590795859
252.8478354,9.53E-07,5.19E-14,1.84E+07,,0.175791225,0.42959254,0.590795443
252.8499786,9.53E-07,5.19E-14,1.84E+07,,0.175791404,0.42959254,0.590795026
252.8521217,9.53E-07,5.19E-14,1.84E+07,,0.175791583,0.42959254,0.590794609
252.8542649,9.53E-07,5.19E-14,1.84E+07,,0.175791762,0.42959254,0.590794193
252.8564081,9.53E-07,5.19E-14,1.84E+07,,0.175791941,0.42959254,0.590793776
252.8585512,9.53E-07,5.19E-14,1.84E+07,,0.17579212,0.42959254,0.590793359
252.8606944,9.53E-07,5.19E-14,1.84E+07,,0.175792299,0.42959254,0.590792943
252.8628375,9.53E-07,5.19E-14,1.84E+07,,0.175792478,0.42959254,0.590792526
252.8649807,9.53E-07,5.19E-14,1.84E+07,,0.175792657,0.42959254,0.590792109
252.8671239,9.53E-07,5.19E-14,1.84E+07,,0.175792836,0.42959254,0.590791693
252.869267,9.53E-07,5.19E-14,1.84E+07,,0.175793014,0.42959254,0.590791278
252.8714102,9.53E-07,5.19E-14,1.84E+07,,0.175793193,0.42959254,0.590790862
252.8735534,9.53E-07,5.19E-14,1.84E+07,,0.175793372,0.42959254,0.590790445
252.8756965,9.53E-07,5.19E-14,1.84E+07,,0.175793551,0.42959254,0.590790028
252.8778397,9.53E-07,5.19E-14,1.84E+07,,0.17579373,0.42959254,0.590789612
252.8799829,9.53E-07,5.19E-14,1.84E+07,,0.175793909,0.42959254,0.590789195
252.882126,9.53E-07,5.19E-14,1.84E+07,,0.175794088,0.42959254,0.590788778
252.8842692,9.53E-07,5.19E-14,1.84E+07,,0.175794267,0.42959254,0.590788362
252.8864123,9.53E-07,5.19E-14,1.84E+07,,0.175794446,0.42959254,0.590787945
252.8885555,9.53E-07,5.19E-14,1.84E+07,,0.175794625,0.42959254,0.590787528
252.8906987,9.53E-07,5.19E-14,1.84E+07,,0.175794804,0.42959254,0.590787112
252.8928418,9.53E-07,5.19E-14,1.84E+07,,0.175794982,0.42959254,0.590786697
252.894985,9.53E-07,5.19E-14,1.84E+07,,0.175795161,0.42959254,0.590786281
252.8971282,9.53E-07,5.19E-14,1.84E+07,,0.17579534,0.42959254,0.590785864
252.8992713,9.53E-07,5.19E-14,1.84E+07,,0.175795519,0.42959254,0.590785447
252.9014145,9.53E-07,5.19E-14,1.84E+07,,0.175795698,0.42959254,0.590785031
252.9035577,9.53E-07,5.19E-14,1.84E+07,,0.175795877,0.42959254,0.590784614
252.9057008,9.53E-07,5.19E-14,1.84E+07,,0.175796056,0.42959254,0.590784197
252.907844,9.53E-07,5.19E-14,1.84E+07,,0.175796235,0.42959254,0.590783781
252.9099871,9.53E-07,5.19E-14,1.84E+07,,0.175796414,0.42959254,0.590783364
252.9121303,9.53E-07,5.19E-14,1.84E+07,,0.175796593,0.42959254,0.590782947
252.9142735,9.53E-07,5.19E-14,1.84E+07,,0.175796772,0.42959254,0.590782531
252.9164166,9.53E-07,5.19E-14,1.84E+07,,0.17579695,0.42959254,0.590782116
252.9185598,9.53E-07,5.19E-14,1.84E+07,,0.175797129,0.42959254,0.590781699
252.920703,9.53E-07,5.19E-14,1.84E+07,,0.175797308,0.42959254,0.590781283
252.9228461,9.53E-07,5.19E-14,1.84E+07,,0.175797487,0.42959254,0.590780866
252.9249893,9.53E-07,5.19E-14,1.84E+07,,0.175797666,0.42959254,0.590780449
252.9271324,9.53E-07,5.19E-14,1.84E+07,,0.175797845,0.42959254,0.590780033
252.9292756,9.53E-07,5.19E-14,1.84E+07,,0.175798024,0.42959254,0.590779616
252.9314188,9.53E-07,5.19E-14,1.84E+07,,0.175798203,0.42959254,0.590779199
252.9335619,9.53E-07,5.19E-14,1.84E+07,,0.175798382,0.42959254,0.590778783
252.9357051,9.53E-07,5.19E-14,1.84E+07,,0.175798561,0.42959254,0.590778366
252.9378483,9.53E-07,5.19E-14,1.84E+07,,0.17579874,0.42959254,0.590777949
252.9399914,9.53E-07,5.19E-14,1.84E+07,,0.175798918,0.42959254,0.590777535
252.9421346,9.53E-07,5.19E-14,1.84E+07,,0.175799097,0.42959254,0.590777118
252.9442778,9.53E-07,5.19E-14,1.84E+07,,0.175799276,0.42959254,0.590776702
252.9464209,9.53E-07,5.19E-14,1.84E+07,,0.175799455,0.42959254,0.590776285
252.9485641,9.53E-07,5.19E-14,1.84E+07,,0.175799634,0.42959254,0.590775868
252.9507072,9.53E-07,5.19E-14,1.84E+07,,0.175799813,0.42959254,0.590775452
252.9528504,9.53E-07,5.19E-14,1.84E+07,,0.175799992,0.42959254,0.590775035
252.9549936,9.53E-07,5.19E-14,1.84E+07,,0.175800171,0.42959254,0.590774618
252.9571367,9.53E-07,5.19E-14,1.84E+07,,0.17580035,0.42959254,0.590774202
252.9592799,9.53E-07,5.19E-14,1.84E+07,,0.175800529,0.42959254,0.590773785
252.9614231,9.53E-07,5.19E-14,1.84E+07,,0.175800708,0.42959254,0.590773368
252.9635662,9.53E-07,5.19E-14,1.84E+07,,0.175800887,0.42959254,0.590772952
252.9657094,9.53E-07,5.19E-14,1.84E+07,,0.175801065,0.42959254,0.590772537
252.9678526,9.53E-07,5.19E-14,1.84E+07,,0.175801244,0.42959254,0.590772121
252.9699957,9.53E-07,5.19E-14,1.84E+07,,0.175801423,0.42959254,0.590771704
252.9721389,9.53E-07,5.19E-14,1.84E+07,,0.175801602,0.42959254,0.590771287
252.974282,9.53E-07,5.19E-14,1.84E+07,,0.175801781,0.42959254,0.590770871
252.9764252,9.53E-07,5.19E-14,1.84E+07,,0.17580196,0.42959254,0.590770454
252.9785684,9.53E-07,5.19E-14,1.84E+07,,0.175802139,0.42959254,0.590770037
252.9807115,9.53E-07,5.19E-14,1.84E+07,,0.175802318,0.42959254,0.590769621
252.9828547,9.53E-07,5.19E-14,1.84E+07,,0.175802497,0.42959254,0.590769204
252.9849979,9.53E-07,5.19E-14,1.84E+07,,0.175802676,0.42959254,0.590768787
252.987141,9.53E-07,5.19E-14,1.84E+07,,0.175802855,0.42959254,0.590768371
252.9892842,9.53E-07,5.19E-14,1.84E+07,,0.175803033,0.42959254,0.590767956
252.9914273,9.53E-07,5.19E-14,1.84E+07,,0.175803212,0.42959254,0.59076754
252.9935705,9.53E-07,5.19E-14,1.84E+07,,0.175803391,0.42959254,0.590767123
252.9957137,9.53E-07,5.19E-14,1.84E+07,,0.17580357,0.42959254,0.590766706
252.9978568,9.53E-07,5.19E-14,1.84E+07,,0.175803749,0.42959254,0.59076629
253,9.53E-07,5.19E-14,1.84E+07,,0.175803928,0.42959254,0.590765873
253.0021432,9.53E-07,5.19E-14,1.84E+07,,0.175804085,0.42959254,0.590765507
253.0042863,9.53E-07,5.19E-14,1.84E+07,,0.175804242,0.42959254,0.590765142
253.0064295,9.53E-07,5.19E-14,1.84E+07,,0.175804399,0.42959254,0.590764776
253.0085727,9.53E-07,5.19E-14,1.84E+07,,0.175804556,0.42959254,0.590764411
253.0107158,9.53E-07,5.19E-14,1.84E+07,,0.175804713,0.42959254,0.590764046
253.012859,9.53E-07,5.19E-14,1.84E+07,,0.17580487,0.42959254,0.59076368
253.0150021,9.53E-07,5.19E-14,1.84E+07,,0.175805027,0.42959254,0.590763315
253.0171453,9.53E-07,5.19E-14,1.84E+07,,0.175805184,0.42959254,0.590762949
253.0192885,9.53E-07,5.19E-14,1.84E+07,,0.175805341,0.42959254,0.590762584
253.0214316,9.53E-07,5.19E-14,1.84E+07,,0.175805498,0.42959254,0.590762218
253.0235748,9.53E-07,5.19E-14,1.84E+07,,0.175805655,0.42959254,0.590761853
253.025718,9.53E-07,5.19E-14,1.84E+07,,0.175805812,0.42959254,0.590761487
253.0278611,9.53E-07,5.19E-14,1.84E+07,,0.175805969,0.42959254,0.590761122
253.0300043,9.53E-07,5.19E-14,1.84E+07,,0.175806126,0.42959254,0.590760756
253.0321474,9.53E-07,5.19E-14,1.84E+07,,0.175806283,0.42959254,0.590760391
253.0342906,9.53E-07,5.19E-14,1.84E+07,,0.17580644,0.42959254,0.590760025
253.0364338,9.53E-07,5.19E-14,1.84E+07,,0.175806597,0.42959254,0.59075966
253.0385769,9.53E-07,5.19E-14,1.84E+07,,0.175806754,0.42959254,0.590759295
253.0407201,9.53E-07,5.19E-14,1.84E+07,,0.175806911,0.42959254,0.590758929
253.0428633,9.53E-07,5.19E-14,1.84E+07,,0.175807068,0.42959254,0.590758564
253.0450064,9.53E-07,5.19E-14,1.84E+07,,0.175807225,0.42959254,0.590758198
253.0471496,9.53E-07,5.19E-14,1.84E+07,,0.175807383,0.42959254,0.59075783
253.0492928,9.53E-07,5.19E-14,1.84E+07,,0.17580754,0.42959254,0.590757465
253.0514359,9.53E-07,5.19E-14,1.84E+07,,0.175807697,0.42959254,0.590757099
253.0535791,9.53E-07,5.19E-14,1.84E+07,,0.175807854,0.42959254,0.590756734
253.0557222,9.53E-07,5.19E-14,1.84E+07,,0.175808011,0.42959254,0.590756369
253.0578654,9.53E-07,5.19E-14,1.84E+07,,0.175808168,0.42959254,0.590756003
253.0600086,9.53E-07,5.19E-14,1.84E+07,,0.175808325,0.42959254,0.590755638
253.0621517,9.53E-07,5.19E-14,1.84E+07,,0.175808482,0.42959254,0.590755272
253.0642949,9.53E-07,5.19E-14,1.84E+07,,0.175808639,0.42959254,0.590754907
253.0664381,9.53E-07,5.19E-14,1.84E+07,,0.175808796,0.42959254,0.590754541
253.0685812,9.53E-07,5.19E-14,1.84E+07,,0.175808953,0.42959254,0.590754176
253.0707244,9.53E-07,5.19E-14,1.84E+07,,0.17580911,0.42959254,0.59075381
253.0728676,9.53E-07,5.19E-14,1.84E+07,,0.175809267,0.42959254,0.590753445
253.0750107,9.53E-07,5.19E-14,1.84E+07,,0.175809424,0.42959254,0.590753079
253.0771539,9.53E-07,5.19E-14,1.84E+07,,0.175809581,0.42959254,0.590752714
253.079297,9.53E-07,5.19E-14,1.84E+07,,0.175809738,0.42959254,0.590752348
253.0814402,9.53E-07,5.19E-14,1.84E+07,,0.175809895,0.42959254,0.590751983
253.0835834,9.53E-07,5.19E-14,1.84E+07,,0.175810052,0.42959254,0.590751617
253.0857265,9.53E-07,5.19E-14,1.84E+07,,0.175810209,0.42959254,0.590751252
253.0878697,9.53E-07,5.19E-14,1.84E+07,,0.175810366,0.42959254,0.590750887
253.0900129,9.53E-07,5.19E-14,1.84E+07,,0.175810523,0.42959254,0.590750521
253.092156,9.53E-07,5.19E-14,1.84E+07,,0.17581068,0.42959254,0.590750156
253.0942992,9.53E-07,5.19E-14,1.84E+07,,0.175810837,0.42959254,0.59074979
253.0964423,9.53E-07,5.19E-14,1.84E+07,,0.175810994,0.42959254,0.590749425
253.0985855,9.53E-07,5.19E-14,1.84E+07,,0.175811151,0.42959254,0.590749059
253.1007287,9.53E-07,5.19E-14,1.84E+07,,0.175811308,0.42959254,0.590748694
253.1028718,9.53E-07,5.19E-14,1.84E+07,,0.175811465,0.42959254,0.590748328
253.105015,9.53E-07,5.19E-14,1.84E+07,,0.175811622,0.42959254,0.590747963
253.1071582,9.53E-07,5.19E-14,1.84E+07,,0.175811779,0.42959254,0.590747597
253.1093013,9.53E-07,5.19E-14,1.84E+07,,0.175811936,0.42959254,0.590747232
253.1114445,9.53E-07,5.19E-14,1.84E+07,,0.175812093,0.42959254,0.590746866
253.1135877,9.53E-07,5.19E-14,1.84E+07,,0.17581225,0.42959254,0.590746501
253.1157308,9.53E-07,5.19E-14,1.84E+07,,0.175812407,0.42959254,0.590746136
253.117874,9.53E-07,5.19E-14,1.84E+07,,0.175812564,0.42959254,0.59074577
253.1200171,9.53E-07,5.19E-14,1.84E+07,,0.175812721,0.42959254,0.590745405
253.1221603,9.53E-07,5.19E-14,1.84E+07,,0.175812878,0.42959254,0.590745039
253.1243035,9.53E-07,5.19E-14,1.84E+07,,0.175813035,0.42959254,0.590744674
253.1264466,9.53E-07,5.19E-14,1.84E+07,,0.175813192,0.42959254,0.590744308
253.1285898,9.53E-07,5.19E-14,1.84E+07,,0.175813349,0.42959254,0.590743943
253.130733,9.53E-07,5.19E-14,1.84E+07,,0.175813506,0.42959254,0.590743577
253.1328761,9.53E-07,5.19E-14,1.84E+07,,0.175813663,0.42959254,0.590743212
253.1350193,9.53E-07,5.19E-14,1.84E+07,,0.17581382,0.42959254,0.590742846
253.1371625,9.53E-07,5.19E-14,1.84E+07,,0.175813977,0.42959254,0.590742481
253.1393056,9.53E-07,5.19E-14,1.84E+07,,0.175814135,0.42959254,0.590742113
253.1414488,9.53E-07,5.19E-14,1.84E+07,,0.175814292,0.42959254,0.590741748
253.1435919,9.53E-07,5.19E-14,1.84E+07,,0.175814449,0.42959254,0.590741382
253.1457351,9.53E-07,5.19E-14,1.84E+07,,0.175814606,0.42959254,0.590741017
253.1478783,9.53E-07,5.19E-14,1.84E+07,,0.175814763,0.42959254,0.590740651
253.1500214,9.53E-07,5.19E-14,1.84E+07,,0.17581492,0.42959254,0.590740286
253.1521646,9.53E-07,5.19E-14,1.84E+07,,0.175815077,0.42959254,0.59073992
253.1543078,9.53E-07,5.19E-14,1.84E+07,,0.175815234,0.42959254,0.590739555
253.1564509,9.53E-07,5.19E-14,1.84E+07,,0.175815391,0.42959254,0.590739189
253.1585941,9.53E-07,5.19E-14,1.84E+07,,0.175815548,0.42959254,0.590738824
253.1607372,9.53E-07,5.19E-14,1.84E+07,,0.175815705,0.42959254,0.590738459
253.1628804,9.53E-07,5.19E-14,1.84E+07,,0.175815862,0.42959254,0.590738093
253.1650236,9.53E-07,5.19E-14,1.84E+07,,0.175816019,0.42959254,0.590737728
253.1671667,9.53E-07,5.19E-14,1.84E+07,,0.175816176,0.42959254,0.590737362
253.1693099,9.53E-07,5.19E-14,1.84E+07,,0.175816333,0.42959254,0.590736997
253.1714531,9.53E-07,5.19E-14,1.84E+07,,0.17581649,0.42959254,0.590736631
253.1735962,9.53E-07,5.19E-14,1.84E+07,,0.175816647,0.42959254,0.590736266
253.1757394,9.53E-07,5.19E-14,1.84E+07,,0.175816804,0.42959254,0.5907359
253.1778826,9.53E-07,5.19E-14,1.84E+07,,0.175816961,0.42959254,0.590735535
253.1800257,9.53E-07,5.19E-14,1.84E+07,,0.175817118,0.42959254,0.590735169
253.1821689,9.53E-07,5.19E-14,1.84E+07,,0.175817275,0.42959254,0.590734804
253.184312,9.53E-07,5.19E-14,1.84E+07,,0.175817432,0.42959254,0.590734438
253.1864552,9.53E-07,5.19E-14,1.84E+07,,0.175817589,0.42959254,0.590734073
253.1885984,9.53E-07,5.19E-14,1.84E+07,,0.175817746,0.42959254,0.590733707
253.1907415,9.53E-07,5.19E-14,1.84E+07,,0.175817903,0.42959254,0.590733342
253.1928847,9.53E-07,5.19E-14,1.84E+07,,0.17581806,0.42959254,0.590732977
253.1950279,9.53E-07,5.19E-14,1.84E+07,,0.175818217,0.42959254,0.590732611
253.197171,9.53E-07,5.19E-14,1.84E+07,,0.175818374,0.42959254,0.590732246
253.1993142,9.53E-07,5.19E-14,1.84E+07,,0.175818531,0.42959254,0.59073188
253.2014574,9.53E-07,5.19E-14,1.84E+07,,0.175818688,0.42959254,0.590731515
253.2036005,9.53E-07,5.19E-14,1.84E+07,,0.175818845,0.42959254,0.590731149
253.2057437,9.53E-07,5.19E-14,1.84E+07,,0.175819002,0.42959254,0.590730784
253.2078868,9.53E-07,5.19E-14,1.84E+07,,0.175819159,0.42959254,0.590730418
253.21003,9.53E-07,5.19E-14,1.84E+07,,0.175819316,0.42959254,0.590730053
253.2121732,9.53E-07,5.19E-14,1.84E+07,,0.175819473,0.42959254,0.590729687
253.2143163,9.53E-07,5.19E-14,1.84E+07,,0.17581963,0.42959254,0.590729322
253.2164595,9.53E-07,5.19E-14,1.84E+07,,0.175819787,0.42959254,0.590728956
253.2186027,9.53E-07,5.19E-14,1.84E+07,,0.175819944,0.42959254,0.590728591
253.2207458,9.53E-07,5.19E-14,1.84E+07,,0.175820101,0.42959254,0.590728226
253.222889,9.53E-07,5.19E-14,1.84E+07,,0.175820258,0.42959254,0.59072786
253.2250321,9.53E-07,5.19E-14,1.84E+07,,0.175820415,0.42959254,0.590727495
253.2271753,9.53E-07,5.19E-14,1.84E+07,,0.175820572,0.42959254,0.590727129
253.2293185,9.53E-07,5.19E-14,1.84E+07,,0.175820729,0.42959254,0.590726764
253.2314616,9.53E-07,5.19E-14,1.84E+07,,0.175820886,0.42959254,0.590726398
253.2336048,9.53E-07,5.19E-14,1.84E+07,,0.175821044,0.42959254,0.59072603
253.235748,9.53E-07,5.19E-14,1.84E+07,,0.175821201,0.42959254,0.590725665
253.2378911,9.53E-07,5.19E-14,1.84E+07,,0.175821358,0.42959254,0.5907253
253.2400343,9.53E-07,5.19E-14,1.84E+07,,0.175821515,0.42959254,0.590724934
253.2421775,9.53E-07,5.19E-14,1.84E+07,,0.175821672,0.42959254,0.590724569
253.2443206,9.53E-07,5.19E-14,1.84E+07,,0.175821829,0.42959254,0.590724203
253.2464638,9.53E-07,5.19E-14,1.84E+07,,0.175821986,0.42959254,0.590723838
253.2486069,9.53E-07,5.19E-14,1.84E+07,,0.175822143,0.42959254,0.590723472
253.2507501,9.53E-07,5.19E-14,1.84E+07,,0.1758223,0.42959254,0.590723107
253.2528933,9.53E-07,5.19E-14,1.84E+07,,0.175822457,0.42959254,0.590722741
253.2550364,9.53E-07,5.19E-14,1.84E+07,,0.175822614,0.42959254,0.590722376
253.2571796,9.53E-07,5.19E-14,1.84E+07,,0.175822771,0.42959254,0.59072201
253.2593228,9.53E-07,5.19E-14,1.84E+07,,0.175822928,0.42959254,0.590721645
253.2614659,9.53E-07,5.19E-14,1.84E+07,,0.175823085,0.42959254,0.590721279
253.2636091,9.53E-07,5.19E-14,1.84E+07,,0.175823242,0.42959254,0.590720914
253.2657523,9.53E-07,5.19E-14,1.84E+07,,0.175823399,0.42959254,0.590720549
253.2678954,9.53E-07,5.19E-14,1.84E+07,,0.175823556,0.42959254,0.590720183
253.2700386,9.53E-07,5.19E-14,1.84E+07,,0.175823713,0.42959254,0.590719818
253.2721817,9.53E-07,5.19E-14,1.84E+07,,0.17582387,0.42959254,0.590719452
253.2743249,9.53E-07,5.19E-14,1.84E+07,,0.175824027,0.42959254,0.590719087
253.2764681,9.53E-07,5.19E-14,1.84E+07,,0.175824184,0.42959254,0.590718721
253.2786112,9.53E-07,5.19E-14,1.84E+07,,0.175824341,0.42959254,0.590718356
253.2807544,9.53E-07,5.19E-14,1.84E+07,,0.175824498,0.42959254,0.59071799
253.2828976,9.53E-07,5.19E-14,1.84E+07,,0.175824655,0.42959254,0.590717625
253.2850407,9.52E-07,5.19E-14,1.83E+07,,0.175824812,0.42959254,0.590717259
253.2871839,9.52E-07,5.19E-14,1.83E+07,,0.175824969,0.42959254,0.590716894
253.289327,9.52E-07,5.19E-14,1.83E+07,,0.175825126,0.42959254,0.590716528
253.2914702,9.52E-07,5.19E-14,1.83E+07,,0.175825283,0.42959254,0.590716163
253.2936134,9.52E-07,5.19E-14,1.83E+07,,0.17582544,0.42959254,0.590715797
253.2957565,9.52E-07,5.19E-14,1.83E+07,,0.175825597,0.42959254,0.590715432
253.2978997,9.52E-07,5.19E-14,1.83E+07,,0.175825754,0.42959254,0.590715067
253.3000429,9.52E-07,5.19E-14,1.83E+07,,0.175825911,0.42959254,0.590714701
253.302186,9.52E-07,5.19E-14,1.83E+07,,0.175826068,0.42959254,0.590714336
253.3043292,9.52E-07,5.19E-14,1.83E+07,,0.175826225,0.42959254,0.59071397
253.3064724,9.52E-07,5.19E-14,1.83E+07,,0.175826382,0.42959254,0.590713605
253.3086155,9.52E-07,5.19E-14,1.83E+07,,0.175826539,0.42959254,0.590713239
253.3107587,9.52E-07,5.19E-14,1.83E+07,,0.175826696,0.42959254,0.590712874
253.3129018,9.52E-07,5.19E-14,1.83E+07,,0.175826853,0.42959254,0.590712508
253.315045,9.52E-07,5.19E-14,1.83E+07,,0.17582701,0.42959254,0.590712143
253.3171882,9.52E-07,5.19E-14,1.83E+07,,0.175827167,0.42959254,0.590711777
253.3193313,9.52E-07,5.19E-14,1.83E+07,,0.175827324,0.42959254,0.590711412
253.3214745,9.52E-07,5.19E-14,1.83E+07,,0.175827481,0.42959254,0.590711046
253.3236177,9.52E-07,5.19E-14,1.83E+07,,0.175827638,0.42959254,0.590710681
253.3257608,9.52E-07,5.19E-14,1.83E+07,,0.175827796,0.42959254,0.590710313
253.327904,9.52E-07,5.19E-14,1.83E+07,,0.175827953,0.42959254,0.590709948
253.3300471,9.52E-07,5.19E-14,1.83E+07,,0.17582811,0.42959254,0.590709582
253.3321903,9.52E-07,5.19E-14,1.83E+07,,0.175828267,0.42959254,0.590709217
253.3343335,9.52E-07,5.19E-14,1.83E+07,,0.175828424,0.42959254,0.590708851
253.3364766,9.52E-07,5.19E-14,1.83E+07,,0.175828581,0.42959254,0.590708486
253.3386198,9.52E-07,5.19E-14,1.83E+07,,0.175828738,0.42959254,0.59070812
253.340763,9.52E-07,5.19E-14,1.83E+07,,0.175828895,0.42959254,0.590707755
253.3429061,9.52E-07,5.19E-14,1.83E+07,,0.175829052,0.42959254,0.59070739
253.3450493,9.52E-07,5.19E-14,1.83E+07,,0.175829209,0.42959254,0.590707024
253.3471925,9.52E-07,5.19E-14,1.83E+07,,0.175829366,0.42959254,0.590706659
253.3493356,9.52E-07,5.19E-14,1.83E+07,,0.175829523,0.42959254,0.590706293
253.3514788,9.52E-07,5.19E-14,1.83E+07,,0.17582968,0.42959254,0.590705928
253.3536219,9.52E-07,5.19E-14,1.83E+07,,0.175829837,0.42959254,0.590705562
253.3557651,9.52E-07,5.19E-14,1.83E+07,,0.175829994,0.42959254,0.590705197
253.3579083,9.52E-07,5.19E-14,1.83E+07,,0.175830151,0.42959254,0.590704831
253.3600514,9.52E-07,5.19E-14,1.83E+07,,0.175830308,0.42959254,0.590704466
253.3621946,9.52E-07,5.19E-14,1.83E+07,,0.175830465,0.42959254,0.5907041
253.3643378,9.52E-07,5.19E-14,1.83E+07,,0.175830622,0.42959254,0.590703735
253.3664809,9.52E-07,5.19E-14,1.83E+07,,0.175830779,0.42959254,0.590703369
253.3686241,9.52E-07,5.19E-14,1.83E+07,,0.175830936,0.42959254,0.590703004
253.3707673,9.52E-07,5.19E-14,1.83E+07,,0.175831093,0.42959254,0.590702639
253.3729104,9.52E-07,5.19E-14,1.83E+07,,0.17583125,0.42959254,0.590702273
253.3750536,9.52E-07,5.19E-14,1.83E+07,,0.175831407,0.42959254,0.590701908
253.3771967,9.52E-07,5.19E-14,1.83E+07,,0.175831564,0.42959254,0.590701542
253.3793399,9.52E-07,5.19E-14,1.83E+07,,0.175831721,0.42959254,0.590701177
253.3814831,9.52E-07,5.19E-14,1.83E+07,,0.175831878,0.42959254,0.590700811
253.3836262,9.52E-07,5.19E-14,1.83E+07,,0.175832035,0.42959254,0.590700446
253.3857694,9.52E-07,5.19E-14,1.83E+07,,0.175832192,0.42959254,0.59070008
253.3879126,9.52E-07,5.19E-14,1.83E+07,,0.175832349,0.42959254,0.590699715
253.3900557,9.52E-07,5.19E-14,1.83E+07,,0.175832506,0.42959254,0.590699349
253.3921989,9.52E-07,5.19E-14,1.83E+07,,0.175832663,0.42959254,0.590698984
253.394342,9.52E-07,5.19E-14,1.83E+07,,0.17583282,0.42959254,0.590698618
253.3964852,9.52E-07,5.19E-14,1.83E+07,,0.175832977,0.42959254,0.590698253
253.3986284,9.52E-07,5.19E-14,1.83E+07,,0.175833134,0.42959254,0.590697888
253.4007715,9.52E-07,5.19E-14,1.83E+07,,0.175833291,0.42959254,0.590697522
253.4029147,9.52E-07,5.19E-14,1.83E+07,,0.175833448,0.42959254,0.590697157
253.4050579,9.52E-07,5.19E-14,1.83E+07,,0.175833605,0.42959254,0.590696791
253.407201,9.52E-07,5.19E-14,1.83E+07,,0.175833762,0.42959254,0.590696426
253.4093442,9.52E-07,5.19E-14,1.83E+07,,0.175833919,0.42959254,0.59069606
253.4114874,9.52E-07,5.19E-14,1.83E+07,,0.175834076,0.42959254,0.590695695
253.4136305,9.52E-07,5.19E-14,1.83E+07,,0.175834233,0.42959254,0.590695329
253.4157737,9.52E-07,5.19E-14,1.83E+07,,0.17583439,0.42959254,0.590694964
253.4179168,9.52E-07,5.19E-14,1.83E+07,,0.175834548,0.42959254,0.590694596
253.42006,9.52E-07,5.19E-14,1.83E+07,,0.175834705,0.42959254,0.590694231
253.4222032,9.52E-07,5.19E-14,1.83E+07,,0.175834862,0.42959254,0.590693865
253.4243463,9.52E-07,5.19E-14,1.83E+07,,0.175835019,0.42959254,0.5906935
253.4264895,9.52E-07,5.19E-14,1.83E+07,,0.175835176,0.42959254,0.590693134
253.4286327,9.52E-07,5.19E-14,1.83E+07,,0.175835333,0.42959254,0.590692769
253.4307758,9.52E-07,5.19E-14,1.83E+07,,0.17583549,0.42959254,0.590692403
253.432919,9.52E-07,5.19E-14,1.83E+07,,0.175835647,0.42959254,0.590692038
253.4350622,9.52E-07,5.19E-14,1.83E+07,,0.175835804,0.42959254,0.590691672
253.4372053,9.52E-07,5.19E-14,1.83E+07,,0.175835961,0.42959254,0.590691307
253.4393485,9.52E-07,5.19E-14,1.83E+07,,0.175836118,0.42959254,0.590690941
253.4414916,9.52E-07,5.19E-14,1.83E+07,,0.175836275,0.42959254,0.590690576
253.4436348,9.52E-07,5.19E-14,1.83E+07,,0.175836432,0.42959254,0.59069021
253.445778,9.52E-07,5.19E-14,1.83E+07,,0.175836589,0.42959254,0.590689845
253.4479211,9.52E-07,5.19E-14,1.83E+07,,0.175836746,0.42959254,0.59068948
253.4500643,9.52E-07,5.19E-14,1.83E+07,,0.175836903,0.42959254,0.590689114
253.4522075,9.52E-07,5.19E-14,1.83E+07,,0.17583706,0.42959254,0.590688749
253.4543506,9.52E-07,5.19E-14,1.83E+07,,0.175837217,0.42959254,0.590688383
253.4564938,9.52E-07,5.19E-14,1.83E+07,,0.175837374,0.42959254,0.590688018
253.4586369,9.52E-07,5.19E-14,1.83E+07,,0.175837531,0.42959254,0.590687652
253.4607801,9.52E-07,5.19E-14,1.83E+07,,0.175837688,0.42959254,0.590687287
253.4629233,9.52E-07,5.19E-14,1.83E+07,,0.175837845,0.42959254,0.590686921
253.4650664,9.52E-07,5.19E-14,1.83E+07,,0.175838002,0.42959254,0.590686556
253.4672096,9.52E-07,5.19E-14,1.83E+07,,0.175838159,0.42959254,0.59068619
253.4693528,9.52E-07,5.19E-14,1.83E+07,,0.175838316,0.42959254,0.590685825
253.4714959,9.52E-07,5.19E-14,1.83E+07,,0.175838473,0.42959254,0.590685459
253.4736391,9.52E-07,5.19E-14,1.83E+07,,0.17583863,0.42959254,0.590685094
253.4757823,9.52E-07,5.19E-14,1.83E+07,,0.175838787,0.42959254,0.590684729
253.4779254,9.52E-07,5.19E-14,1.83E+07,,0.175838944,0.42959254,0.590684363
253.4800686,9.52E-07,5.19E-14,1.83E+07,,0.175839101,0.42959254,0.590683998
253.4822117,9.52E-07,5.19E-14,1.83E+07,,0.175839258,0.42959254,0.590683632
253.4843549,9.52E-07,5.19E-14,1.83E+07,,0.175839415,0.42959254,0.590683267
253.4864981,9.52E-07,5.19E-14,1.83E+07,,0.175839572,0.42959254,0.590682901
253.4886412,9.52E-07,5.19E-14,1.83E+07,,0.175839729,0.42959254,0.590682536
253.4907844,9.52E-07,5.19E-14,1.83E+07,,0.175839886,0.42959254,0.59068217
253.4929276,9.52E-07,5.19E-14,1.83E+07,,0.175840043,0.42959254,0.590681805
253.4950707,9.52E-07,5.19E-14,1.83E+07,,0.1758402,0.42959254,0.590681439
253.4972139,9.52E-07,5.19E-14,1.83E+07,,0.175840357,0.42959254,0.590681074
253.4993571,9.52E-07,5.19E-14,1.83E+07,,0.175840514,0.42959254,0.590680708
253.5015002,9.52E-07,5.19E-14,1.83E+07,,0.175840671,0.42959254,0.590680343
253.5036434,9.52E-07,5.19E-14,1.83E+07,,0.175840828,0.42959254,0.590679978
253.5057865,9.52E-07,5.19E-14,1.83E+07,,0.175840985,0.42959254,0.590679612
253.5079297,9.52E-07,5.19E-14,1.83E+07,,0.175841142,0.42959254,0.590679247
253.5100729,9.52E-07,5.19E-14,1.83E+07,,0.1758413,0.42959254,0.590678879
253.512216,9.52E-07,5.19E-14,1.83E+07,,0.175841457,0.42959254,0.590678513
253.5143592,9.52E-07,5.19E-14,1.83E+07,,0.175841614,0.42959254,0.590678148
253.5165024,9.52E-07,5.19E-14,1.83E+07,,0.175841771,0.42959254,0.590677782
253.5186455,9.52E-07,5.19E-14,1.83E+07,,0.175841928,0.42959254,0.590677417
253.5207887,9.52E-07,5.19E-14,1.83E+07,,0.175842085,0.42959254,0.590677051
253.5229318,9.52E-07,5.19E-14,1.83E+07,,0.175842242,0.42959254,0.590676686
253.525075,9.52E-07,5.19E-14,1.83E+07,,0.175842399,0.42959254,0.590676321
253.5272182,9.52E-07,5.19E-14,1.83E+07,,0.175842556,0.42959254,0.590675955
253.5293613,9.52E-07,5.19E-14,1.83E+07,,0.175842713,0.42959254,0.59067559
253.5315045,9.52E-07,5.19E-14,1.83E+07,,0.17584287,0.42959254,0.590675224
253.5336477,9.52E-07,5.19E-14,1.83E+07,,0.175843027,0.42959254,0.590674859
253.5357908,9.52E-07,5.19E-14,1.83E+07,,0.175843184,0.42959254,0.590674493
253.537934,9.52E-07,5.19E-14,1.83E+07,,0.175843341,0.42959254,0.590674128
253.5400772,9.52E-07,5.19E-14,1.83E+07,,0.175843498,0.42959254,0.590673762
253.5422203,9.52E-07,5.19E-14,1.83E+07,,0.175843655,0.42959254,0.590673397
253.5443635,9.52E-07,5.19E-14,1.83E+07,,0.175843812,0.42959254,0.590673031
253.5465066,9.52E-07,5.19E-14,1.83E+07,,0.175843969,0.42959254,0.590672666
253.5486498,9.52E-07,5.19E-14,1.83E+07,,0.175844126,0.42959254,0.5906723
253.550793,9.52E-07,5.19E-14,1.83E+07,,0.175844283,0.42959254,0.590671935
253.5529361,9.52E-07,5.19E-14,1.83E+07,,0.17584444,0.42959254,0.59067157
253.5550793,9.52E-07,5.19E-14,1.83E+07,,0.175844597,0.42959254,0.590671204
253.5572225,9.52E-07,5.19E-14,1.83E+07,,0.175844754,0.42959254,0.590670839
253.5593656,9.52E-07,5.19E-14,1.83E+07,,0.175844911,0.42959254,0.590670473
253.5615088,9.52E-07,5.19E-14,1.83E+07,,0.175845068,0.42959254,0.590670108
253.563652,9.52E-07,5.19E-14,1.83E+07,,0.175845225,0.42959254,0.590669742
253.5657951,9.52E-07,5.19E-14,1.83E+07,,0.175845382,0.42959254,0.590669377
253.5679383,9.52E-07,5.19E-14,1.83E+07,,0.175845539,0.42959254,0.590669011
253.5700814,9.52E-07,5.19E-14,1.83E+07,,0.175845696,0.42959254,0.590668646
253.5722246,9.52E-07,5.19E-14,1.83E+07,,0.175845853,0.42959254,0.59066828
253.5743678,9.52E-07,5.19E-14,1.83E+07,,0.17584601,0.42959254,0.590667915
253.5765109,9.52E-07,5.19E-14,1.83E+07,,0.175846167,0.42959254,0.590667549
253.5786541,9.52E-07,5.19E-14,1.83E+07,,0.175846324,0.42959254,0.590667184
253.5807973,9.52E-07,5.19E-14,1.83E+07,,0.175846481,0.42959254,0.590666819
253.5829404,9.52E-07,5.19E-14,1.83E+07,,0.175846638,0.42959254,0.590666453
253.5850836,9.52E-07,5.19E-14,1.83E+07,,0.175846795,0.42959254,0.590666088
253.5872267,9.52E-07,5.19E-14,1.83E+07,,0.175846952,0.42959254,0.590665722
253.5893699,9.52E-07,5.19E-14,1.83E+07,,0.175847109,0.42959254,0.590665357
253.5915131,9.52E-07,5.19E-14,1.83E+07,,0.175847266,0.42959254,0.590664991
253.5936562,9.52E-07,5.19E-14,1.83E+07,,0.175847423,0.42959254,0.590664626
253.5957994,9.52E-07,5.19E-14,1.83E+07,,0.17584758,0.42959254,0.59066426
253.5979426,9.52E-07,5.19E-14,1.83E+07,,0.175847737,0.42959254,0.590663895
253.6000857,9.52E-07,5.19E-14,1.83E+07,,0.175847894,0.42959254,0.590663529
253.6022289,9.52E-07,5.19E-14,1.83E+07,,0.175848052,0.42959254,0.590663162
253.6043721,9.52E-07,5.19E-14,1.83E+07,,0.175848209,0.42959254,0.590662796
253.6065152,9.52E-07,5.19E-14,1.83E+07,,0.175848366,0.42959254,0.590662431
253.6086584,9.52E-07,5.19E-14,1.83E+07,,0.175848523,0.42959254,0.590662065
253.6108015,9.52E-07,5.19E-14,1.83E+07,,0.17584868,0.42959254,0.5906617
253.6129447,9.52E-07,5.19E-14,1.83E+07,,0.175848837,0.42959254,0.590661334
253.6150879,9.52E-07,5.19E-14,1.83E+07,,0.175848994,0.42959254,0.590660969
253.617231,9.52E-07,5.19E-14,1.83E+07,,0.175849151,0.42959254,0.590660603
253.6193742,9.52E-07,5.19E-14,1.83E+07,,0.175849308,0.42959254,0.590660238
253.6215174,9.52E-07,5.19E-14,1.83E+07,,0.175849465,0.42959254,0.590659872
253.6236605,9.52E-07,5.19E-14,1.83E+07,,0.175849622,0.42959254,0.590659507
253.6258037,9.52E-07,5.19E-14,1.83E+07,,0.175849779,0.42959254,0.590659141
253.6279468,9.52E-07,5.19E-14,1.83E+07,,0.175849936,0.42959254,0.590658776
253.63009,9.52E-07,5.19E-14,1.83E+07,,0.175850093,0.42959254,0.590658411
253.6322332,9.52E-07,5.19E-14,1.83E+07,,0.17585025,0.42959254,0.590658045
253.6343763,9.52E-07,5.19E-14,1.83E+07,,0.175850407,0.42959254,0.59065768
253.6365195,9.52E-07,5.19E-14,1.83E+07,,0.175850564,0.42959254,0.590657314
253.6386627,9.52E-07,5.19E-14,1.83E+07,,0.175850721,0.42959254,0.590656949
253.6408058,9.52E-07,5.19E-14,1.83E+07,,0.175850878,0.42959254,0.590656583
253.642949,9.52E-07,5.19E-14,1.83E+07,,0.175851035,0.42959254,0.590656218
253.6450922,9.52E-07,5.19E-14,1.83E+07,,0.175851192,0.42959254,0.590655852
253.6472353,9.52E-07,5.19E-14,1.83E+07,,0.175851349,0.42959254,0.590655487
253.6493785,9.52E-07,5.19E-14,1.83E+07,,0.175851506,0.42959254,0.590655121
253.6515216,9.52E-07,5.19E-14,1.83E+07,,0.175851663,0.42959254,0.590654756
253.6536648,9.52E-07,5.19E-14,1.83E+07,,0.17585182,0.42959254,0.59065439
253.655808,9.52E-07,5.19E-14,1.83E+07,,0.175851977,0.42959254,0.590654025
253.6579511,9.52E-07,5.19E-14,1.83E+07,,0.175852134,0.42959254,0.59065366
253.6600943,9.52E-07,5.19E-14,1.83E+07,,0.175852291,0.42959254,0.590653294
253.6622375,9.52E-07,5.19E-14,1.83E+07,,0.175852448,0.42959254,0.590652929
253.6643806,9.52E-07,5.19E-14,1.83E+07,,0.175852605,0.42959254,0.590652563
253.6665238,9.52E-07,5.19E-14,1.83E+07,,0.175852762,0.42959254,0.590652198
253.668667,9.52E-07,5.19E-14,1.83E+07,,0.175852919,0.42959254,0.590651832
253.6708101,9.52E-07,5.19E-14,1.83E+07,,0.175853076,0.42959254,0.590651467
253.6729533,9.52E-07,5.19E-14,1.83E+07,,0.175853233,0.42959254,0.590651101
253.6750964,9.52E-07,5.19E-14,1.83E+07,,0.17585339,0.42959254,0.590650736
253.6772396,9.52E-07,5.19E-14,1.83E+07,,0.175853547,0.42959254,0.59065037
253.6793828,9.52E-07,5.19E-14,1.83E+07,,0.175853704,0.42959254,0.590650005
253.6815259,9.52E-07,5.19E-14,1.83E+07,,0.175853861,0.42959254,0.590649639
253.6836691,9.52E-07,5.19E-14,1.83E+07,,0.175854018,0.42959254,0.590649274
253.6858123,9.52E-07,5.19E-14,1.83E+07,,0.175854175,0.42959254,0.590648909
253.6879554,9.52E-07,5.19E-14,1.83E+07,,0.175854332,0.42959254,0.590648543
253.6900986,9.52E-07,5.19E-14,1.83E+07,,0.175854489,0.42959254,0.590648178
253.6922417,9.52E-07,5.19E-14,1.83E+07,,0.175854646,0.42959254,0.590647812
253.6943849,9.52E-07,5.19E-14,1.83E+07,,0.175854803,0.42959254,0.590647447
253.6965281,9.52E-07,5.19E-14,1.83E+07,,0.175854961,0.42959254,0.590647079
253.6986712,9.52E-07,5.19E-14,1.83E+07,,0.175855118,0.42959254,0.590646713
253.7008144,9.52E-07,5.19E-14,1.83E+07,,0.175855275,0.42959254,0.590646348
253.7029576,9.52E-07,5.19E-14,1.83E+07,,0.175855432,0.42959254,0.590645983
253.7051007,9.52E-07,5.19E-14,1.83E+07,,0.175855589,0.42959254,0.590645617
253.7072439,9.52E-07,5.19E-14,1.83E+07,,0.175855746,0.42959254,0.590645252
253.7093871,9.52E-07,5.19E-14,1.83E+07,,0.175855903,0.42959254,0.590644886
253.7115302,9.52E-07,5.19E-14,1.83E+07,,0.17585606,0.42959254,0.590644521
253.7136734,9.52E-07,5.19E-14,1.83E+07,,0.175856217,0.42959254,0.590644155
253.7158165,9.52E-07,5.19E-14,1.83E+07,,0.175856374,0.42959254,0.59064379
253.7179597,9.52E-07,5.19E-14,1.83E+07,,0.175856531,0.42959254,0.590643424
253.7201029,9.52E-07,5.19E-14,1.83E+07,,0.175856688,0.42959254,0.590643059
253.722246,9.52E-07,5.19E-14,1.83E+07,,0.175856845,0.42959254,0.590642693
253.7243892,9.52E-07,5.19E-14,1.83E+07,,0.175857002,0.42959254,0.590642328
253.7265324,9.52E-07,5.19E-14,1.83E+07,,0.175857159,0.42959254,0.590641962
253.7286755,9.52E-07,5.19E-14,1.83E+07,,0.175857316,0.42959254,0.590641597
253.7308187,9.52E-07,5.19E-14,1.83E+07,,0.175857473,0.42959254,0.590641231
253.7329619,9.52E-07,5.19E-14,1.83E+07,,0.17585763,0.42959254,0.590640866
253.735105,9.52E-07,5.19E-14,1.83E+07,,0.175857787,0.42959254,0.590640501
253.7372482,9.52E-07,5.19E-14,1.83E+07,,0.175857944,0.42959254,0.590640135
253.7393913,9.52E-07,5.19E-14,1.83E+07,,0.175858101,0.42959254,0.59063977
253.7415345,9.52E-07,5.19E-14,1.83E+07,,0.175858258,0.42959254,0.590639404
253.7436777,9.52E-07,5.19E-14,1.83E+07,,0.175858415,0.42959254,0.590639039
253.7458208,9.52E-07,5.19E-14,1.83E+07,,0.175858572,0.42959254,0.590638673
253.747964,9.52E-07,5.19E-14,1.83E+07,,0.175858729,0.42959254,0.590638308
253.7501072,9.52E-07,5.19E-14,1.83E+07,,0.175858886,0.42959254,0.590637942
253.7522503,9.52E-07,5.19E-14,1.83E+07,,0.175859043,0.42959254,0.590637577
253.7543935,9.52E-07,5.19E-14,1.83E+07,,0.1758592,0.42959254,0.590637211
253.7565366,9.52E-07,5.19E-14,1.83E+07,,0.175859357,0.42959254,0.590636846
253.7586798,9.52E-07,5.19E-14,1.83E+07,,0.175859514,0.42959254,0.59063648
253.760823,9.52E-07,5.19E-14,1.83E+07,,0.175859671,0.42959254,0.590636115
253.7629661,9.52E-07,5.19E-14,1.83E+07,,0.175859828,0.42959254,0.59063575
253.7651093,9.52E-07,5.19E-14,1.83E+07,,0.175859985,0.42959254,0.590635384
253.7672525,9.52E-07,5.19E-14,1.83E+07,,0.175860142,0.42959254,0.590635019
253.7693956,9.52E-07,5.19E-14,1.83E+07,,0.175860299,0.42959254,0.590634653
253.7715388,9.52E-07,5.19E-14,1.83E+07,,0.175860456,0.42959254,0.590634288
253.773682,9.52E-07,5.19E-14,1.83E+07,,0.175860613,0.42959254,0.590633922
253.7758251,9.52E-07,5.19E-14,1.83E+07,,0.17586077,0.42959254,0.590633557
253.7779683,9.52E-07,5.19E-14,1.83E+07,,0.175860927,0.42959254,0.590633191
253.7801114,9.52E-07,5.19E-14,1.83E+07,,0.175861084,0.42959254,0.590632826
253.7822546,9.52E-07,5.19E-14,1.83E+07,,0.175861241,0.42959254,0.59063246
253.7843978,9.52E-07,5.19E-14,1.83E+07,,0.175861398,0.42959254,0.590632095
253.7865409,9.52E-07,5.19E-14,1.83E+07,,0.175861555,0.42959254,0.590631729
253.7886841,9.52E-07,5.19E-14,1.83E+07,,0.175861713,0.42959254,0.590631362
253.7908273,9.52E-07,5.19E-14,1.83E+07,,0.17586187,0.42959254,0.590630996
253.7929704,9.52E-07,5.19E-14,1.83E+07,,0.175862027,0.42959254,0.590630631
253.7951136,9.52E-07,5.19E-14,1.83E+07,,0.175862184,0.42959254,0.590630265
253.7972568,9.52E-07,5.19E-14,1.83E+07,,0.175862341,0.42959254,0.5906299
253.7993999,9.52E-07,5.19E-14,1.83E+07,,0.175862498,0.42959254,0.590629534
253.8015431,9.52E-07,5.19E-14,1.83E+07,,0.175862655,0.42959254,0.590629169
253.8036862,9.52E-07,5.19E-14,1.83E+07,,0.175862812,0.42959254,0.590628803
253.8058294,9.52E-07,5.19E-14,1.83E+07,,0.175862969,0.42959254,0.590628438
253.8079726,9.52E-07,5.19E-14,1.83E+07,,0.175863126,0.42959254,0.590628073
253.8101157,9.52E-07,5.19E-14,1.83E+07,,0.175863283,0.42959254,0.590627707
253.8122589,9.52E-07,5.19E-14,1.83E+07,,0.17586344,0.42959254,0.590627342
253.8144021,9.52E-07,5.19E-14,1.83E+07,,0.175863597,0.42959254,0.590626976
253.8165452,9.52E-07,5.19E-14,1.83E+07,,0.175863754,0.42959254,0.590626611
253.8186884,9.52E-07,5.19E-14,1.83E+07,,0.175863911,0.42959254,0.590626245
253.8208315,9.52E-07,5.19E-14,1.83E+07,,0.175864068,0.42959254,0.59062588
253.8229747,9.52E-07,5.19E-14,1.83E+07,,0.175864225,0.42959254,0.590625514
253.8251179,9.52E-07,5.19E-14,1.83E+07,,0.175864382,0.42959254,0.590625149
253.827261,9.52E-07,5.19E-14,1.83E+07,,0.175864539,0.42959254,0.590624783
253.8294042,9.52E-07,5.19E-14,1.83E+07,,0.175864696,0.42959254,0.590624418
253.8315474,9.52E-07,5.19E-14,1.83E+07,,0.175864853,0.42959254,0.590624052
253.8336905,9.52E-07,5.19E-14,1.83E+07,,0.17586501,0.42959254,0.590623687
253.8358337,9.52E-07,5.19E-14,1.83E+07,,0.175865167,0.42959254,0.590623321
253.8379769,9.52E-07,5.19E-14,1.83E+07,,0.175865324,0.42959254,0.590622956
253.84012,9.52E-07,5.19E-14,1.83E+07,,0.175865481,0.42959254,0.590622591
253.8422632,9.52E-07,5.19E-14,1.83E+07,,0.175865638,0.42959254,0.590622225
253.8444063,9.52E-07,5.19E-14,1.83E+07,,0.175865795,0.42959254,0.59062186
253.8465495,9.52E-07,5.19E-14,1.83E+07,,0.175865952,0.42959254,0.590621494
253.8486927,9.52E-07,5.19E-14,1.83E+07,,0.175866109,0.42959254,0.590621129
253.8508358,9.52E-07,5.19E-14,1.83E+07,,0.175866266,0.42959254,0.590620763
253.852979,9.52E-07,5.19E-14,1.83E+07,,0.175866423,0.42959254,0.590620398
253.8551222,9.52E-07,5.19E-14,1.83E+07,,0.17586658,0.42959254,0.590620032
253.8572653,9.52E-07,5.19E-14,1.83E+07,,0.175866737,0.42959254,0.590619667
253.8594085,9.52E-07,5.19E-14,1.83E+07,,0.175866894,0.42959254,0.590619301
253.8615517,9.52E-07,5.19E-14,1.83E+07,,0.175867051,0.42959254,0.590618936
253.8636948,9.52E-07,5.19E-14,1.83E+07,,0.175867208,0.42959254,0.59061857
253.865838,9.52E-07,5.19E-14,1.83E+07,,0.175867365,0.42959254,0.590618205
253.8679811,9.52E-07,5.19E-14,1.83E+07,,0.175867522,0.42959254,0.59061784
253.8701243,9.52E-07,5.19E-14,1.83E+07,,0.175867679,0.42959254,0.590617474
253.8722675,9.52E-07,5.19E-14,1.83E+07,,0.175867836,0.42959254,0.590617109
253.8744106,9.52E-07,5.19E-14,1.83E+07,,0.175867993,0.42959254,0.590616743
253.8765538,9.52E-07,5.19E-14,1.83E+07,,0.17586815,0.42959254,0.590616378
253.878697,9.52E-07,5.19E-14,1.83E+07,,0.175868307,0.42959254,0.590616012
253.8808401,9.52E-07,5.19E-14,1.83E+07,,0.175868465,0.42959254,0.590615644
253.8829833,9.52E-07,5.19E-14,1.83E+07,,0.175868622,0.42959254,0.590615279
253.8851264,9.52E-07,5.19E-14,1.83E+07,,0.175868779,0.42959254,0.590614914
253.8872696,9.52E-07,5.19E-14,1.83E+07,,0.175868936,0.42959254,0.590614548
253.8894128,9.52E-07,5.19E-14,1.83E+07,,0.175869093,0.42959254,0.590614183
253.8915559,9.52E-07,5.19E-14,1.83E+07,,0.17586925,0.42959254,0.590613817
253.8936991,9.52E-07,5.19E-14,1.83E+07,,0.175869407,0.42959254,0.590613452
253.8958423,9.52E-07,5.19E-14,1.83E+07,,0.175869564,0.42959254,0.590613086
253.8979854,9.52E-07,5.19E-14,1.83E+07,,0.175869721,0.42959254,0.590612721
253.9001286,9.52E-07,5.19E-14,1.83E+07,,0.175869878,0.42959254,0.590612355
253.9022718,9.52E-07,5.19E-14,1.83E+07,,0.175870035,0.42959254,0.59061199
253.9044149,9.52E-07,5.19E-14,1.83E+07,,0.175870192,0.42959254,0.590611624
253.9065581,9.52E-07,5.19E-14,1.83E+07,,0.175870349,0.42959254,0.590611259
253.9087012,9.52E-07,5.19E-14,1.83E+07,,0.175870506,0.42959254,0.590610893
253.9108444,9.52E-07,5.19E-14,1.83E+07,,0.175870663,0.42959254,0.590610528
253.9129876,9.52E-07,5.19E-14,1.83E+07,,0.17587082,0.42959254,0.590610163
253.9151307,9.52E-07,5.19E-14,1.83E+07,,0.175870977,0.42959254,0.590609797
253.9172739,9.52E-07,5.19E-14,1.83E+07,,0.175871134,0.42959254,0.590609432
253.9194171,9.52E-07,5.19E-14,1.83E+07,,0.175871291,0.42959254,0.590609066
253.9215602,9.52E-07,5.19E-14,1.83E+07,,0.175871448,0.42959254,0.590608701
253.9237034,9.52E-07,5.19E-14,1.83E+07,,0.175871605,0.42959254,0.590608335
253.9258465,9.52E-07,5.19E-14,1.83E+07,,0.175871762,0.42959254,0.59060797
253.9279897,9.52E-07,5.19E-14,1.83E+07,,0.175871919,0.42959254,0.590607604
253.9301329,9.52E-07,5.19E-14,1.83E+07,,0.175872076,0.42959254,0.590607239
253.932276,9.52E-07,5.19E-14,1.83E+07,,0.175872233,0.42959254,0.590606873
253.9344192,9.52E-07,5.19E-14,1.83E+07,,0.17587239,0.42959254,0.590606508
253.9365624,9.52E-07,5.19E-14,1.83E+07,,0.175872547,0.42959254,0.590606142
253.9387055,9.52E-07,5.19E-14,1.83E+07,,0.175872704,0.42959254,0.590605777
253.9408487,9.52E-07,5.19E-14,1.83E+07,,0.175872861,0.42959254,0.590605412
253.9429919,9.52E-07,5.19E-14,1.83E+07,,0.175873018,0.42959254,0.590605046
253.945135,9.52E-07,5.19E-14,1.83E+07,,0.175873175,0.42959254,0.590604681
253.9472782,9.52E-07,5.19E-14,1.83E+07,,0.175873332,0.42959254,0.590604315
253.9494213,9.52E-07,5.19E-14,1.83E+07,,0.175873489,0.42959254,0.59060395
253.9515645,9.52E-07,5.19E-14,1.83E+07,,0.175873646,0.42959254,0.590603584
253.9537077,9.52E-07,5.19E-14,1.83E+07,,0.175873803,0.42959254,0.590603219
253.9558508,9.52E-07,5.19E-14,1.83E+07,,0.17587396,0.42959254,0.590602853
253.957994,9.52E-07,5.19E-14,1.83E+07,,0.175874117,0.42959254,0.590602488
253.9601372,9.52E-07,5.19E-14,1.83E+07,,0.175874274,0.42959254,0.590602122
253.9622803,9.52E-07,5.19E-14,1.83E+07,,0.175874431,0.42959254,0.590601757
253.9644235,9.52E-07,5.19E-14,1.83E+07,,0.175874588,0.42959254,0.590601391
253.9665667,9.52E-07,5.19E-14,1.83E+07,,0.175874745,0.42959254,0.590601026
253.9687098,9.52E-07,5.19E-14,1.83E+07,,0.175874902,0.42959254,0.59060066
253.970853,9.52E-07,5.19E-14,1.83E+07,,0.175875059,0.42959254,0.590600295
253.9729961,9.52E-07,5.19E-14,1.83E+07,,0.175875217,0.42959254,0.590599927
253.9751393,9.52E-07,5.19E-14,1.83E+07,,0.175875374,0.42959254,0.590599562
253.9772825,9.52E-07,5.19E-14,1.83E+07,,0.175875531,0.42959254,0.590599196
253.9794256,9.52E-07,5.19E-14,1.83E+07,,0.175875688,0.42959254,0.590598831
253.9815688,9.52E-07,5.19E-14,1.83E+07,,0.175875845,0.42959254,0.590598465
253.983712,9.52E-07,5.19E-14,1.83E+07,,0.175876002,0.42959254,0.5905981
253.9858551,9.52E-07,5.19E-14,1.83E+07,,0.175876159,0.42959254,0.590597734
253.9879983,9.52E-07,5.19E-14,1.83E+07,,0.175876316,0.42959254,0.590597369
253.9901414,9.52E-07,5.19E-14,1.83E+07,,0.175876473,0.42959254,0.590597004
253.9922846,9.52E-07,5.19E-14,1.83E+07,,0.17587663,0.42959254,0.590596638
253.9944278,9.52E-07,5.19E-14,1.83E+07,,0.175876787,0.42959254,0.590596273
253.9965709,9.52E-07,5.19E-14,1.83E+07,,0.175876944,0.42959254,0.590595907
253.9987141,9.52E-07,5.19E-14,1.83E+07,,0.175877101,0.42959254,0.590595542
254.0008573,9.52E-07,5.19E-14,1.83E+07,,0.175877249,0.42959254,0.590595197
254.0030004,9.52E-07,5.19E-14,1.83E+07,,0.175877386,0.42959254,0.590594878
254.0051436,9.52E-07,5.19E-14,1.83E+07,,0.175877522,0.42959254,0.590594562
254.0072868,9.52E-07,5.19E-14,1.83E+07,,0.175877658,0.42959254,0.590594245
254.0094299,9.52E-07,5.19E-14,1.83E+07,,0.175877794,0.42959254,0.590593929
254.0115731,9.52E-07,5.19E-14,1.83E+07,,0.17587793,0.42959254,0.590593612
254.0137162,9.52E-07,5.19E-14,1.83E+07,,0.175878066,0.42959254,0.590593295
254.0158594,9.52E-07,5.19E-14,1.83E+07,,0.175878202,0.42959254,0.590592979
254.0180026,9.52E-07,5.19E-14,1.83E+07,,0.175878338,0.42959254,0.590592662
254.0201457,9.52E-07,5.19E-14,1.83E+07,,0.175878474,0.42959254,0.590592346
254.0222889,9.52E-07,5.19E-14,1.83E+07,,0.17587861,0.42959254,0.590592029
254.0244321,9.52E-07,5.19E-14,1.83E+07,,0.175878746,0.42959254,0.590591712
254.0265752,9.52E-07,5.19E-14,1.83E+07,,0.175878882,0.42959254,0.590591396
254.0287184,9.52E-07,5.19E-14,1.83E+07,,0.175879018,0.42959254,0.590591079
254.0308616,9.52E-07,5.19E-14,1.83E+07,,0.175879154,0.42959254,0.590590763
254.0330047,9.52E-07,5.19E-14,1.83E+07,,0.175879291,0.42959254,0.590590444
254.0351479,9.52E-07,5.19E-14,1.83E+07,,0.175879427,0.42959254,0.590590127
254.037291,9.52E-07,5.19E-14,1.83E+07,,0.175879563,0.42959254,0.590589811
254.0394342,9.52E-07,5.19E-14,1.83E+07,,0.175879699,0.42959254,0.590589494
254.0415774,9.52E-07,5.19E-14,1.83E+07,,0.175879835,0.42959254,0.590589178
254.0437205,9.52E-07,5.19E-14,1.83E+07,,0.175879971,0.42959254,0.590588861
254.0458637,9.52E-07,5.19E-14,1.83E+07,,0.175880107,0.42959254,0.590588544
254.0480069,9.52E-07,5.19E-14,1.83E+07,,0.175880243,0.42959254,0.590588228
254.05015,9.52E-07,5.19E-14,1.83E+07,,0.175880379,0.42959254,0.590587911
254.0522932,9.52E-07,5.19E-14,1.83E+07,,0.175880515,0.42959254,0.590587595
254.0544363,9.52E-07,5.19E-14,1.83E+07,,0.175880651,0.42959254,0.590587278
254.0565795,9.52E-07,5.19E-14,1.83E+07,,0.175880787,0.42959254,0.590586961
254.0587227,9.52E-07,5.19E-14,1.83E+07,,0.175880923,0.42959254,0.590586645
254.0608658,9.52E-07,5.19E-14,1.83E+07,,0.17588106,0.42959254,0.590586326
254.063009,9.52E-07,5.19E-14,1.83E+07,,0.175881196,0.42959254,0.590586009
254.0651522,9.52E-07,5.19E-14,1.83E+07,,0.175881332,0.42959254,0.590585693
254.0672953,9.52E-07,5.19E-14,1.83E+07,,0.175881468,0.42959254,0.590585376
254.0694385,9.52E-07,5.19E-14,1.83E+07,,0.175881604,0.42959254,0.59058506
254.0715817,9.52E-07,5.19E-14,1.83E+07,,0.17588174,0.42959254,0.590584743
254.0737248,9.52E-07,5.19E-14,1.83E+07,,0.175881876,0.42959254,0.590584427
254.075868,9.52E-07,5.19E-14,1.83E+07,,0.175882012,0.42959254,0.59058411
254.0780111,9.52E-07,5.19E-14,1.83E+07,,0.175882148,0.42959254,0.590583793
254.0801543,9.52E-07,5.19E-14,1.83E+07,,0.175882284,0.42959254,0.590583477
254.0822975,9.52E-07,5.19E-14,1.83E+07,,0.17588242,0.42959254,0.59058316
254.0844406,9.52E-07,5.19E-14,1.83E+07,,0.175882556,0.42959254,0.590582844
254.0865838,9.52E-07,5.19E-14,1.83E+07,,0.175882692,0.42959254,0.590582527
254.088727,9.52E-07,5.19E-14,1.83E+07,,0.175882829,0.42959254,0.590582208
254.0908701,9.52E-07,5.19E-14,1.83E+07,,0.175882965,0.42959254,0.590581892
254.0930133,9.52E-07,5.19E-14,1.83E+07,,0.175883101,0.42959254,0.590581575
254.0951565,9.52E-07,5.19E-14,1.83E+07,,0.175883237,0.42959254,0.590581258
254.0972996,9.52E-07,5.19E-14,1.83E+07,,0.175883373,0.42959254,0.590580942
254.0994428,9.52E-07,5.19E-14,1.83E+07,,0.175883509,0.42959254,0.590580625
254.1015859,9.52E-07,5.19E-14,1.83E+07,,0.175883645,0.42959254,0.590580309
254.1037291,9.52E-07,5.19E-14,1.83E+07,,0.175883781,0.42959254,0.590579992
254.1058723,9.52E-07,5.19E-14,1.83E+07,,0.175883917,0.42959254,0.590579675
254.1080154,9.52E-07,5.19E-14,1.83E+07,,0.175884053,0.42959254,0.590579359
254.1101586,9.52E-07,5.19E-14,1.83E+07,,0.175884189,0.42959254,0.590579042
254.1123018,9.52E-07,5.19E-14,1.83E+07,,0.175884325,0.42959254,0.590578726
254.1144449,9.52E-07,5.19E-14,1.83E+07,,0.175884461,0.42959254,0.590578409
254.1165881,9.52E-07,5.19E-14,1.83E+07,,0.175884598,0.42959254,0.59057809
254.1187312,9.51E-07,5.19E-14,1.83E+07,,0.175884734,0.42959254,0.590577774
254.1208744,9.51E-07,5.19E-14,1.83E+07,,0.17588487,0.42959254,0.590577457
254.1230176,9.51E-07,5.19E-14,1.83E+07,,0.175885006,0.42959254,0.590577141
254.1251607,9.51E-07,5.19E-14,1.83E+07,,0.175885142,0.42959254,0.590576824
254.1273039,9.51E-07,5.19E-14,1.83E+07,,0.175885278,0.42959254,0.590576507
254.1294471,9.51E-07,5.19E-14,1.83E+07,,0.175885414,0.42959254,0.590576191
254.1315902,9.51E-07,5.19E-14,1.83E+07,,0.17588555,0.42959254,0.590575874
254.1337334,9.51E-07,5.19E-14,1.83E+07,,0.175885686,0.42959254,0.590575558
254.1358766,9.51E-07,5.19E-14,1.83E+07,,0.175885822,0.42959254,0.590575241
254.1380197,9.51E-07,5.19E-14,1.83E+07,,0.175885958,0.42959254,0.590574924
254.1401629,9.51E-07,5.19E-14,1.83E+07,,0.175886094,0.42959254,0.590574608
254.142306,9.51E-07,5.19E-14,1.83E+07,,0.17588623,0.42959254,0.590574291
254.1444492,9.51E-07,5.19E-14,1.83E+07,,0.175886367,0.42959254,0.590573972
254.1465924,9.51E-07,5.19E-14,1.83E+07,,0.175886503,0.42959254,0.590573656
254.1487355,9.51E-07,5.19E-14,1.83E+07,,0.175886639,0.42959254,0.590573339
254.1508787,9.51E-07,5.19E-14,1.83E+07,,0.175886775,0.42959254,0.590573023
254.1530219,9.51E-07,5.19E-14,1.83E+07,,0.175886911,0.42959254,0.590572706
254.155165,9.51E-07,5.19E-14,1.83E+07,,0.175887047,0.42959254,0.59057239
254.1573082,9.51E-07,5.19E-14,1.83E+07,,0.175887183,0.42959254,0.590572073
254.1594514,9.51E-07,5.19E-14,1.83E+07,,0.175887319,0.42959254,0.590571756
254.1615945,9.51E-07,5.19E-14,1.83E+07,,0.175887455,0.42959254,0.59057144
254.1637377,9.51E-07,5.19E-14,1.83E+07,,0.175887591,0.42959254,0.590571123
254.1658808,9.51E-07,5.19E-14,1.83E+07,,0.175887727,0.42959254,0.590570807
254.168024,9.51E-07,5.19E-14,1.83E+07,,0.175887863,0.42959254,0.59057049
254.1701672,9.51E-07,5.19E-14,1.83E+07,,0.175887999,0.42959254,0.590570173
254.1723103,9.51E-07,5.19E-14,1.83E+07,,0.175888135,0.42959254,0.590569857
254.1744535,9.51E-07,5.19E-14,1.83E+07,,0.175888272,0.42959254,0.590569538
254.1765967,9.51E-07,5.19E-14,1.83E+07,,0.175888408,0.42959254,0.590569221
254.1787398,9.51E-07,5.19E-14,1.83E+07,,0.175888544,0.42959254,0.590568905
254.180883,9.51E-07,5.19E-14,1.83E+07,,0.17588868,0.42959254,0.590568588
254.1830261,9.51E-07,5.19E-14,1.83E+07,,0.175888816,0.42959254,0.590568272
254.1851693,9.51E-07,5.19E-14,1.83E+07,,0.175888952,0.42959254,0.590567955
254.1873125,9.51E-07,5.19E-14,1.83E+07,,0.175889088,0.42959254,0.590567639
254.1894556,9.51E-07,5.19E-14,1.83E+07,,0.175889224,0.42959254,0.590567322
254.1915988,9.51E-07,5.19E-14,1.83E+07,,0.17588936,0.42959254,0.590567005
254.193742,9.51E-07,5.19E-14,1.83E+07,,0.175889496,0.42959254,0.590566689
254.1958851,9.51E-07,5.19E-14,1.83E+07,,0.175889632,0.42959254,0.590566372
254.1980283,9.51E-07,5.19E-14,1.83E+07,,0.175889768,0.42959254,0.590566056
254.2001715,9.51E-07,5.19E-14,1.83E+07,,0.175889904,0.42959254,0.590565739
254.2023146,9.51E-07,5.19E-14,1.83E+07,,0.175890041,0.42959254,0.59056542
254.2044578,9.51E-07,5.19E-14,1.83E+07,,0.175890177,0.42959254,0.590565104
254.2066009,9.51E-07,5.19E-14,1.83E+07,,0.175890313,0.42959254,0.590564787
254.2087441,9.51E-07,5.19E-14,1.83E+07,,0.175890449,0.42959254,0.59056447
254.2108873,9.51E-07,5.19E-14,1.83E+07,,0.175890585,0.42959254,0.590564154
254.2130304,9.51E-07,5.19E-14,1.83E+07,,0.175890721,0.42959254,0.590563837
254.2151736,9.51E-07,5.19E-14,1.83E+07,,0.175890857,0.42959254,0.590563521
254.2173168,9.51E-07,5.19E-14,1.83E+07,,0.175890993,0.42959254,0.590563204
254.2194599,9.51E-07,5.19E-14,1.83E+07,,0.175891129,0.42959254,0.590562887
254.2216031,9.51E-07,5.19E-14,1.83E+07,,0.175891265,0.42959254,0.590562571
254.2237462,9.51E-07,5.19E-14,1.83E+07,,0.175891401,0.42959254,0.590562254
254.2258894,9.51E-07,5.19E-14,1.83E+07,,0.175891537,0.42959254,0.590561938
254.2280326,9.51E-07,5.19E-14,1.83E+07,,0.175891673,0.42959254,0.590561621
254.2301757,9.51E-07,5.19E-14,1.83E+07,,0.17589181,0.42959254,0.590561302
254.2323189,9.51E-07,5.19E-14,1.83E+07,,0.175891946,0.42959254,0.590560986
254.2344621,9.51E-07,5.19E-14,1.83E+07,,0.175892082,0.42959254,0.590560669
254.2366052,9.51E-07,5.19E-14,1.83E+07,,0.175892218,0.42959254,0.590560353
254.2387484,9.51E-07,5.19E-14,1.83E+07,,0.175892354,0.42959254,0.590560036
254.2408916,9.51E-07,5.19E-14,1.83E+07,,0.17589249,0.42959254,0.590559719
254.2430347,9.51E-07,5.19E-14,1.83E+07,,0.175892626,0.42959254,0.590559403
254.2451779,9.51E-07,5.19E-14,1.83E+07,,0.175892762,0.42959254,0.590559086
254.247321,9.51E-07,5.19E-14,1.83E+07,,0.175892898,0.42959254,0.59055877
254.2494642,9.51E-07,5.19E-14,1.83E+07,,0.175893034,0.42959254,0.590558453
254.2516074,9.51E-07,5.19E-14,1.83E+07,,0.17589317,0.42959254,0.590558136
254.2537505,9.51E-07,5.19E-14,1.83E+07,,0.175893306,0.42959254,0.59055782
254.2558937,9.51E-07,5.19E-14,1.83E+07,,0.175893442,0.42959254,0.590557503
254.2580369,9.51E-07,5.19E-14,1.83E+07,,0.175893579,0.42959254,0.590557184
254.26018,9.51E-07,5.19E-14,1.83E+07,,0.175893715,0.42959254,0.590556868
254.2623232,9.51E-07,5.19E-14,1.83E+07,,0.175893851,0.42959254,0.590556551
254.2644664,9.51E-07,5.19E-14,1.83E+07,,0.175893987,0.42959254,0.590556235
254.2666095,9.51E-07,5.19E-14,1.83E+07,,0.175894123,0.42959254,0.590555918
254.2687527,9.51E-07,5.19E-14,1.83E+07,,0.175894259,0.42959254,0.590555602
254.2708958,9.51E-07,5.19E-14,1.83E+07,,0.175894395,0.42959254,0.590555285
254.273039,9.51E-07,5.19E-14,1.83E+07,,0.175894531,0.42959254,0.590554968
254.2751822,9.51E-07,5.19E-14,1.83E+07,,0.175894667,0.42959254,0.590554652
254.2773253,9.51E-07,5.19E-14,1.83E+07,,0.175894803,0.42959254,0.590554335
254.2794685,9.51E-07,5.19E-14,1.83E+07,,0.175894939,0.42959254,0.590554019
254.2816117,9.51E-07,5.19E-14,1.83E+07,,0.175895075,0.42959254,0.590553702
254.2837548,9.51E-07,5.19E-14,1.83E+07,,0.175895211,0.42959254,0.590553385
254.285898,9.51E-07,5.19E-14,1.83E+07,,0.175895348,0.42959254,0.590553067
254.2880411,9.51E-07,5.19E-14,1.83E+07,,0.175895484,0.42959254,0.59055275
254.2901843,9.51E-07,5.19E-14,1.83E+07,,0.17589562,0.42959254,0.590552433
254.2923275,9.51E-07,5.19E-14,1.83E+07,,0.175895756,0.42959254,0.590552117
254.2944706,9.51E-07,5.19E-14,1.83E+07,,0.175895892,0.42959254,0.5905518
254.2966138,9.51E-07,5.19E-14,1.83E+07,,0.175896028,0.42959254,0.590551484
254.298757,9.51E-07,5.19E-14,1.83E+07,,0.175896164,0.42959254,0.590551167
254.3009001,9.51E-07,5.19E-14,1.83E+07,,0.1758963,0.42959254,0.590550851
254.3030433,9.51E-07,5.19E-14,1.83E+07,,0.175896436,0.42959254,0.590550534
254.3051865,9.51E-07,5.19E-14,1.83E+07,,0.175896572,0.42959254,0.590550217
254.3073296,9.51E-07,5.19E-14,1.83E+07,,0.175896708,0.42959254,0.590549901
254.3094728,9.51E-07,5.19E-14,1.83E+07,,0.175896844,0.42959254,0.590549584
254.3116159,9.51E-07,5.19E-14,1.83E+07,,0.17589698,0.42959254,0.590549268
254.3137591,9.51E-07,5.19E-14,1.83E+07,,0.175897117,0.42959254,0.590548949
254.3159023,9.51E-07,5.19E-14,1.83E+07,,0.175897253,0.42959254,0.590548632
254.3180454,9.51E-07,5.19E-14,1.83E+07,,0.175897389,0.42959254,0.590548316
254.3201886,9.51E-07,5.19E-14,1.83E+07,,0.175897525,0.42959254,0.590547999
254.3223318,9.51E-07,5.19E-14,1.83E+07,,0.175897661,0.42959254,0.590547682
254.3244749,9.51E-07,5.19E-14,1.83E+07,,0.175897797,0.42959254,0.590547366
254.3266181,9.51E-07,5.19E-14,1.83E+07,,0.175897933,0.42959254,0.590547049
254.3287613,9.51E-07,5.19E-14,1.83E+07,,0.175898069,0.42959254,0.590546733
254.3309044,9.51E-07,5.19E-14,1.83E+07,,0.175898205,0.42959254,0.590546416
254.3330476,9.51E-07,5.19E-14,1.83E+07,,0.175898341,0.42959254,0.590546099
254.3351907,9.51E-07,5.19E-14,1.83E+07,,0.175898477,0.42959254,0.590545783
254.3373339,9.51E-07,5.19E-14,1.83E+07,,0.175898613,0.42959254,0.590545466
254.3394771,9.51E-07,5.19E-14,1.83E+07,,0.175898749,0.42959254,0.59054515
254.3416202,9.51E-07,5.19E-14,1.83E+07,,0.175898885,0.42959254,0.590544833
254.3437634,9.51E-07,5.19E-14,1.83E+07,,0.175899022,0.42959254,0.590544514
254.3459066,9.51E-07,5.19E-14,1.83E+07,,0.175899158,0.42959254,0.590544198
254.3480497,9.51E-07,5.19E-14,1.83E+07,,0.175899294,0.42959254,0.590543881
254.3501929,9.51E-07,5.19E-14,1.83E+07,,0.17589943,0.42959254,0.590543565
254.352336,9.51E-07,5.19E-14,1.83E+07,,0.175899566,0.42959254,0.590543248
254.3544792,9.51E-07,5.19E-14,1.83E+07,,0.175899702,0.42959254,0.590542931
254.3566224,9.51E-07,5.19E-14,1.83E+07,,0.175899838,0.42959254,0.590542615
254.3587655,9.51E-07,5.19E-14,1.83E+07,,0.175899974,0.42959254,0.590542298
254.3609087,9.51E-07,5.19E-14,1.83E+07,,0.17590011,0.42959254,0.590541982
254.3630519,9.51E-07,5.19E-14,1.83E+07,,0.175900246,0.42959254,0.590541665
254.365195,9.51E-07,5.19E-14,1.83E+07,,0.175900382,0.42959254,0.590541348
254.3673382,9.51E-07,5.19E-14,1.83E+07,,0.175900518,0.42959254,0.590541032
254.3694814,9.51E-07,5.19E-14,1.83E+07,,0.175900654,0.42959254,0.590540715
254.3716245,9.51E-07,5.19E-14,1.83E+07,,0.175900791,0.42959254,0.590540396
254.3737677,9.51E-07,5.19E-14,1.83E+07,,0.175900927,0.42959254,0.59054008
254.3759108,9.51E-07,5.19E-14,1.83E+07,,0.175901063,0.42959254,0.590539763
254.378054,9.51E-07,5.19E-14,1.83E+07,,0.175901199,0.42959254,0.590539447
254.3801972,9.51E-07,5.19E-14,1.83E+07,,0.175901335,0.42959254,0.59053913
254.3823403,9.51E-07,5.19E-14,1.83E+07,,0.175901471,0.42959254,0.590538814
254.3844835,9.51E-07,5.19E-14,1.83E+07,,0.175901607,0.42959254,0.590538497
254.3866267,9.51E-07,5.19E-14,1.83E+07,,0.175901743,0.42959254,0.59053818
254.3887698,9.51E-07,5.19E-14,1.83E+07,,0.175901879,0.42959254,0.590537864
254.390913,9.51E-07,5.19E-14,1.83E+07,,0.175902015,0.42959254,0.590537547
254.3930562,9.51E-07,5.19E-14,1.83E+07,,0.175902151,0.42959254,0.590537231
254.3951993,9.51E-07,5.19E-14,1.83E+07,,0.175902287,0.42959254,0.590536914
254.3973425,9.51E-07,5.19E-14,1.83E+07,,0.175902423,0.42959254,0.590536597
254.3994856,9.51E-07,5.19E-14,1.83E+07,,0.17590256,0.42959254,0.590536279
254.4016288,9.51E-07,5.19E-14,1.83E+07,,0.175902696,0.42959254,0.590535962
254.403772,9.51E-07,5.19E-14,1.83E+07,,0.175902832,0.42959254,0.590535645
254.4059151,9.51E-07,5.19E-14,1.83E+07,,0.175902968,0.42959254,0.590535329
254.4080583,9.51E-07,5.19E-14,1.83E+07,,0.175903104,0.42959254,0.590535012
254.4102015,9.51E-07,5.19E-14,1.83E+07,,0.17590324,0.42959254,0.590534696
254.4123446,9.51E-07,5.19E-14,1.83E+07,,0.175903376,0.42959254,0.590534379
254.4144878,9.51E-07,5.19E-14,1.83E+07,,0.175903512,0.42959254,0.590534063
254.4166309,9.51E-07,5.19E-14,1.83E+07,,0.175903648,0.42959254,0.590533746
254.4187741,9.51E-07,5.19E-14,1.83E+07,,0.175903784,0.42959254,0.590533429
254.4209173,9.51E-07,5.19E-14,1.83E+07,,0.17590392,0.42959254,0.590533113
254.4230604,9.51E-07,5.19E-14,1.83E+07,,0.175904056,0.42959254,0.590532796
254.4252036,9.51E-07,5.19E-14,1.83E+07,,0.175904192,0.42959254,0.59053248
254.4273468,9.51E-07,5.19E-14,1.83E+07,,0.175904329,0.42959254,0.590532161
254.4294899,9.51E-07,5.19E-14,1.83E+07,,0.175904465,0.42959254,0.590531844
254.4316331,9.51E-07,5.19E-14,1.83E+07,,0.175904601,0.42959254,0.590531528
254.4337763,9.51E-07,5.19E-14,1.83E+07,,0.175904737,0.42959254,0.590531211
254.4359194,9.51E-07,5.19E-14,1.83E+07,,0.175904873,0.42959254,0.590530894
254.4380626,9.51E-07,5.19E-14,1.83E+07,,0.175905009,0.42959254,0.590530578
254.4402057,9.51E-07,5.19E-14,1.83E+07,,0.175905145,0.42959254,0.590530261
254.4423489,9.51E-07,5.19E-14,1.83E+07,,0.175905281,0.42959254,0.590529945
254.4444921,9.51E-07,5.19E-14,1.83E+07,,0.175905417,0.42959254,0.590529628
254.4466352,9.51E-07,5.19E-14,1.83E+07,,0.175905553,0.42959254,0.590529311
254.4487784,9.51E-07,5.19E-14,1.83E+07,,0.175905689,0.42959254,0.590528995
254.4509216,9.51E-07,5.19E-14,1.83E+07,,0.175905825,0.42959254,0.590528678
254.4530647,9.51E-07,5.19E-14,1.83E+07,,0.175905961,0.42959254,0.590528362
254.4552079,9.51E-07,5.19E-14,1.83E+07,,0.175906098,0.42959254,0.590528043
254.4573511,9.51E-07,5.19E-14,1.83E+07,,0.175906234,0.42959254,0.590527726
254.4594942,9.51E-07,5.19E-14,1.83E+07,,0.17590637,0.42959254,0.59052741
254.4616374,9.51E-07,5.19E-14,1.83E+07,,0.175906506,0.42959254,0.590527093
254.4637805,9.51E-07,5.19E-14,1.83E+07,,0.175906642,0.42959254,0.590526777
254.4659237,9.51E-07,5.19E-14,1.83E+07,,0.175906778,0.42959254,0.59052646
254.4680669,9.51E-07,5.19E-14,1.83E+07,,0.175906914,0.42959254,0.590526143
254.47021,9.51E-07,5.19E-14,1.83E+07,,0.17590705,0.42959254,0.590525827
254.4723532,9.51E-07,5.19E-14,1.83E+07,,0.175907186,0.42959254,0.59052551
254.4744964,9.51E-07,5.19E-14,1.83E+07,,0.175907322,0.42959254,0.590525194
254.4766395,9.51E-07,5.19E-14,1.83E+07,,0.175907458,0.42959254,0.590524877
254.4787827,9.51E-07,5.19E-14,1.83E+07,,0.175907594,0.42959254,0.59052456
254.4809258,9.51E-07,5.19E-14,1.83E+07,,0.17590773,0.42959254,0.590524244
254.483069,9.51E-07,5.19E-14,1.83E+07,,0.175907867,0.42959254,0.590523925
254.4852122,9.51E-07,5.19E-14,1.83E+07,,0.175908003,0.42959254,0.590523608
254.4873553,9.51E-07,5.19E-14,1.83E+07,,0.175908139,0.42959254,0.590523292
254.4894985,9.51E-07,5.19E-14,1.83E+07,,0.175908275,0.42959254,0.590522975
254.4916417,9.51E-07,5.19E-14,1.83E+07,,0.175908411,0.42959254,0.590522659
254.4937848,9.51E-07,5.19E-14,1.83E+07,,0.175908547,0.42959254,0.590522342
254.495928,9.51E-07,5.19E-14,1.83E+07,,0.175908683,0.42959254,0.590522026
254.4980712,9.51E-07,5.19E-14,1.83E+07,,0.175908819,0.42959254,0.590521709
254.5002143,9.51E-07,5.19E-14,1.83E+07,,0.175908955,0.42959254,0.590521392
254.5023575,9.51E-07,5.19E-14,1.83E+07,,0.175909091,0.42959254,0.590521076
254.5045006,9.51E-07,5.19E-14,1.83E+07,,0.175909227,0.42959254,0.590520759
254.5066438,9.51E-07,5.19E-14,1.83E+07,,0.175909363,0.42959254,0.590520443
254.508787,9.51E-07,5.19E-14,1.83E+07,,0.175909499,0.42959254,0.590520126
254.5109301,9.51E-07,5.19E-14,1.83E+07,,0.175909635,0.42959254,0.590519809
254.5130733,9.51E-07,5.19E-14,1.83E+07,,0.175909772,0.42959254,0.590519491
254.5152165,9.51E-07,5.19E-14,1.83E+07,,0.175909908,0.42959254,0.590519174
254.5173596,9.51E-07,5.19E-14,1.83E+07,,0.175910044,0.42959254,0.590518857
254.5195028,9.51E-07,5.19E-14,1.83E+07,,0.17591018,0.42959254,0.590518541
254.5216459,9.51E-07,5.19E-14,1.83E+07,,0.175910316,0.42959254,0.590518224
254.5237891,9.51E-07,5.19E-14,1.83E+07,,0.175910452,0.42959254,0.590517908
254.5259323,9.51E-07,5.19E-14,1.83E+07,,0.175910588,0.42959254,0.590517591
254.5280754,9.51E-07,5.19E-14,1.83E+07,,0.175910724,0.42959254,0.590517274
254.5302186,9.51E-07,5.19E-14,1.83E+07,,0.17591086,0.42959254,0.590516958
254.5323618,9.51E-07,5.19E-14,1.83E+07,,0.175910996,0.42959254,0.590516641
254.5345049,9.51E-07,5.19E-14,1.83E+07,,0.175911132,0.42959254,0.590516325
254.5366481,9.51E-07,5.19E-14,1.83E+07,,0.175911268,0.42959254,0.590516008
254.5387913,9.51E-07,5.19E-14,1.83E+07,,0.175911404,0.42959254,0.590515692
254.5409344,9.51E-07,5.19E-14,1.83E+07,,0.175911541,0.42959254,0.590515373
254.5430776,9.51E-07,5.19E-14,1.83E+07,,0.175911677,0.42959254,0.590515056
254.5452207,9.51E-07,5.19E-14,1.83E+07,,0.175911813,0.42959254,0.59051474
254.5473639,9.51E-07,5.19E-14,1.83E+07,,0.175911949,0.42959254,0.590514423
254.5495071,9.51E-07,5.19E-14,1.83E+07,,0.175912085,0.42959254,0.590514106
254.5516502,9.51E-07,5.19E-14,1.83E+07,,0.175912221,0.42959254,0.59051379
254.5537934,9.51E-07,5.19E-14,1.83E+07,,0.175912357,0.42959254,0.590513473
254.5559366,9.51E-07,5.19E-14,1.83E+07,,0.175912493,0.42959254,0.590513157
254.5580797,9.51E-07,5.19E-14,1.83E+07,,0.175912629,0.42959254,0.59051284
254.5602229,9.51E-07,5.19E-14,1.83E+07,,0.175912765,0.42959254,0.590512523
254.5623661,9.51E-07,5.19E-14,1.83E+07,,0.175912901,0.42959254,0.590512207
254.5645092,9.51E-07,5.19E-14,1.83E+07,,0.175913037,0.42959254,0.59051189
254.5666524,9.51E-07,5.19E-14,1.83E+07,,0.175913173,0.42959254,0.590511574
254.5687955,9.51E-07,5.19E-14,1.83E+07,,0.17591331,0.42959254,0.590511255
254.5709387,9.51E-07,5.19E-14,1.83E+07,,0.175913446,0.42959254,0.590510938
254.5730819,9.51E-07,5.19E-14,1.83E+07,,0.175913582,0.42959254,0.590510622
254.575225,9.51E-07,5.19E-14,1.83E+07,,0.175913718,0.42959254,0.590510305
254.5773682,9.51E-07,5.19E-14,1.83E+07,,0.175913854,0.42959254,0.590509989
254.5795114,9.51E-07,5.19E-14,1.83E+07,,0.17591399,0.42959254,0.590509672
254.5816545,9.51E-07,5.19E-14,1.83E+07,,0.175914126,0.42959254,0.590509355
254.5837977,9.51E-07,5.19E-14,1.83E+07,,0.175914262,0.42959254,0.590509039
254.5859408,9.51E-07,5.19E-14,1.83E+07,,0.175914398,0.42959254,0.590508722
254.588084,9.51E-07,5.19E-14,1.83E+07,,0.175914534,0.42959254,0.590508406
254.5902272,9.51E-07,5.19E-14,1.83E+07,,0.17591467,0.42959254,0.590508089
254.5923703,9.51E-07,5.19E-14,1.83E+07,,0.175914806,0.42959254,0.590507772
254.5945135,9.51E-07,5.19E-14,1.83E+07,,0.175914942,0.42959254,0.590507456
254.5966567,9.51E-07,5.19E-14,1.83E+07,,0.175915079,0.42959254,0.590507137
254.5987998,9.51E-07,5.19E-14,1.83E+07,,0.175915215,0.42959254,0.59050682
254.600943,9.51E-07,5.19E-14,1.83E+07,,0.175915351,0.42959254,0.590506504
254.6030862,9.51E-07,5.19E-14,1.83E+07,,0.175915487,0.42959254,0.590506187
254.6052293,9.51E-07,5.19E-14,1.83E+07,,0.175915623,0.42959254,0.590505871
254.6073725,9.51E-07,5.19E-14,1.83E+07,,0.175915759,0.42959254,0.590505554
254.6095156,9.51E-07,5.19E-14,1.83E+07,,0.175915895,0.42959254,0.590505238
254.6116588,9.51E-07,5.19E-14,1.83E+07,,0.175916031,0.42959254,0.590504921
254.613802,9.51E-07,5.19E-14,1.83E+07,,0.175916167,0.42959254,0.590504604
254.6159451,9.51E-07,5.19E-14,1.83E+07,,0.175916303,0.42959254,0.590504288
254.6180883,9.51E-07,5.19E-14,1.83E+07,,0.175916439,0.42959254,0.590503971
254.6202315,9.51E-07,5.19E-14,1.83E+07,,0.175916575,0.42959254,0.590503655
254.6223746,9.51E-07,5.19E-14,1.83E+07,,0.175916711,0.42959254,0.590503338
254.6245178,9.51E-07,5.19E-14,1.83E+07,,0.175916848,0.42959254,0.590503019
254.626661,9.51E-07,5.19E-14,1.83E+07,,0.175916984,0.42959254,0.590502703
254.6288041,9.51E-07,5.19E-14,1.83E+07,,0.17591712,0.42959254,0.590502386
254.6309473,9.51E-07,5.19E-14,1.83E+07,,0.175917256,0.42959254,0.590502069
254.6330904,9.51E-07,5.19E-14,1.83E+07,,0.175917392,0.42959254,0.590501753
254.6352336,9.51E-07,5.19E-14,1.83E+07,,0.175917528,0.42959254,0.590501436
254.6373768,9.51E-07,5.19E-14,1.83E+07,,0.175917664,0.42959254,0.59050112
254.6395199,9.51E-07,5.19E-14,1.83E+07,,0.1759178,0.42959254,0.590500803
254.6416631,9.51E-07,5.19E-14,1.83E+07,,0.175917936,0.42959254,0.590500486
254.6438063,9.51E-07,5.19E-14,1.83E+07,,0.175918072,0.42959254,0.59050017
254.6459494,9.51E-07,5.19E-14,1.83E+07,,0.175918208,0.42959254,0.590499853
254.6480926,9.51E-07,5.19E-14,1.83E+07,,0.175918344,0.42959254,0.590499537
254.6502357,9.51E-07,5.19E-14,1.83E+07,,0.17591848,0.42959254,0.59049922
254.6523789,9.51E-07,5.19E-14,1.83E+07,,0.175918616,0.42959254,0.590498904
254.6545221,9.51E-07,5.19E-14,1.83E+07,,0.175918753,0.42959254,0.590498585
254.6566652,9.51E-07,5.19E-14,1.83E+07,,0.175918889,0.42959254,0.590498268
254.6588084,9.51E-07,5.19E-14,1.83E+07,,0.175919025,0.42959254,0.590497952
254.6609516,9.51E-07,5.19E-14,1.83E+07,,0.175919161,0.42959254,0.590497635
254.6630947,9.51E-07,5.19E-14,1.83E+07,,0.175919297,0.42959254,0.590497318
254.6652379,9.51E-07,5.19E-14,1.83E+07,,0.175919433,0.42959254,0.590497002
254.6673811,9.51E-07,5.19E-14,1.83E+07,,0.175919569,0.42959254,0.590496685
254.6695242,9.51E-07,5.19E-14,1.83E+07,,0.175919705,0.42959254,0.590496369
254.6716674,9.51E-07,5.19E-14,1.83E+07,,0.175919841,0.42959254,0.590496052
254.6738105,9.51E-07,5.19E-14,1.83E+07,,0.175919977,0.42959254,0.590495735
254.6759537,9.51E-07,5.19E-14,1.83E+07,,0.175920113,0.42959254,0.590495419
254.6780969,9.51E-07,5.19E-14,1.83E+07,,0.175920249,0.42959254,0.590495102
254.68024,9.51E-07,5.19E-14,1.83E+07,,0.175920385,0.42959254,0.590494786
254.6823832,9.51E-07,5.19E-14,1.83E+07,,0.175920522,0.42959254,0.590494467
254.6845264,9.51E-07,5.19E-14,1.83E+07,,0.175920658,0.42959254,0.59049415
254.6866695,9.51E-07,5.19E-14,1.83E+07,,0.175920794,0.42959254,0.590493834
254.6888127,9.51E-07,5.19E-14,1.83E+07,,0.17592093,0.42959254,0.590493517
254.6909559,9.51E-07,5.19E-14,1.83E+07,,0.175921066,0.42959254,0.590493201
254.693099,9.51E-07,5.19E-14,1.83E+07,,0.175921202,0.42959254,0.590492884
254.6952422,9.51E-07,5.19E-14,1.83E+07,,0.175921338,0.42959254,0.590492567
254.6973853,9.51E-07,5.19E-14,1.83E+07,,0.175921474,0.42959254,0.590492251
254.6995285,9.51E-07,5.19E-14,1.83E+07,,0.17592161,0.42959254,0.590491934
254.7016717,9.51E-07,5.19E-14,1.83E+07,,0.175921746,0.42959254,0.590491618
254.7038148,9.51E-07,5.19E-14,1.83E+07,,0.175921882,0.42959254,0.590491301
254.705958,9.51E-07,5.19E-14,1.83E+07,,0.175922018,0.42959254,0.590490984
254.7081012,9.51E-07,5.19E-14,1.83E+07,,0.175922154,0.42959254,0.590490668
254.7102443,9.51E-07,5.19E-14,1.83E+07,,0.175922291,0.42959254,0.590490349
254.7123875,9.51E-07,5.19E-14,1.83E+07,,0.175922427,0.42959254,0.590490032
254.7145306,9.51E-07,5.19E-14,1.83E+07,,0.175922563,0.42959254,0.590489716
254.7166738,9.51E-07,5.19E-14,1.83E+07,,0.175922699,0.42959254,0.590489399
254.718817,9.51E-07,5.19E-14,1.83E+07,,0.175922835,0.42959254,0.590489083
254.7209601,9.51E-07,5.19E-14,1.83E+07,,0.175922971,0.42959254,0.590488766
254.7231033,9.51E-07,5.19E-14,1.83E+07,,0.175923107,0.42959254,0.59048845
254.7252465,9.51E-07,5.19E-14,1.83E+07,,0.175923243,0.42959254,0.590488133
254.7273896,9.51E-07,5.19E-14,1.83E+07,,0.175923379,0.42959254,0.590487816
254.7295328,9.51E-07,5.19E-14,1.83E+07,,0.175923515,0.42959254,0.5904875
254.731676,9.51E-07,5.19E-14,1.83E+07,,0.175923651,0.42959254,0.590487183
254.7338191,9.51E-07,5.19E-14,1.83E+07,,0.175923787,0.42959254,0.590486867
254.7359623,9.51E-07,5.19E-14,1.83E+07,,0.175923923,0.42959254,0.59048655
254.7381054,9.51E-07,5.19E-14,1.83E+07,,0.17592406,0.42959254,0.590486231
254.7402486,9.51E-07,5.19E-14,1.83E+07,,0.175924196,0.42959254,0.590485915
254.7423918,9.51E-07,5.19E-14,1.83E+07,,0.175924332,0.42959254,0.590485598
254.7445349,9.51E-07,5.19E-14,1.83E+07,,0.175924468,0.42959254,0.590485281
254.7466781,9.51E-07,5.19E-14,1.83E+07,,0.175924604,0.42959254,0.590484965
254.7488213,9.51E-07,5.19E-14,1.83E+07,,0.17592474,0.42959254,0.590484648
254.7509644,9.51E-07,5.19E-14,1.83E+07,,0.175924876,0.42959254,0.590484332
254.7531076,9.51E-07,5.19E-14,1.83E+07,,0.175925012,0.42959254,0.590484015
254.7552508,9.51E-07,5.19E-14,1.83E+07,,0.175925148,0.42959254,0.590483698
254.7573939,9.51E-07,5.19E-14,1.83E+07,,0.175925284,0.42959254,0.590483382
254.7595371,9.51E-07,5.19E-14,1.83E+07,,0.17592542,0.42959254,0.590483065
254.7616802,9.51E-07,5.19E-14,1.83E+07,,0.175925556,0.42959254,0.590482749
254.7638234,9.51E-07,5.19E-14,1.83E+07,,0.175925692,0.42959254,0.590482432
254.7659666,9.51E-07,5.19E-14,1.83E+07,,0.175925829,0.42959254,0.590482113
254.7681097,9.51E-07,5.19E-14,1.83E+07,,0.175925965,0.42959254,0.590481797
254.7702529,9.51E-07,5.19E-14,1.83E+07,,0.175926101,0.42959254,0.59048148
254.7723961,9.51E-07,5.19E-14,1.83E+07,,0.175926237,0.42959254,0.590481164
254.7745392,9.51E-07,5.19E-14,1.83E+07,,0.175926373,0.42959254,0.590480847
254.7766824,9.51E-07,5.19E-14,1.83E+07,,0.175926509,0.42959254,0.59048053
254.7788255,9.51E-07,5.19E-14,1.83E+07,,0.175926645,0.42959254,0.590480214
254.7809687,9.51E-07,5.19E-14,1.83E+07,,0.175926781,0.42959254,0.590479897
254.7831119,9.51E-07,5.19E-14,1.83E+07,,0.175926917,0.42959254,0.590479581
254.785255,9.51E-07,5.19E-14,1.83E+07,,0.175927053,0.42959254,0.590479264
254.7873982,9.51E-07,5.19E-14,1.83E+07,,0.175927189,0.42959254,0.590478947
254.7895414,9.51E-07,5.19E-14,1.83E+07,,0.175927325,0.42959254,0.590478631
254.7916845,9.51E-07,5.19E-14,1.83E+07,,0.175927461,0.42959254,0.590478314
254.7938277,9.51E-07,5.19E-14,1.83E+07,,0.175927598,0.42959254,0.590477995
254.7959709,9.51E-07,5.19E-14,1.83E+07,,0.175927734,0.42959254,0.590477679
254.798114,9.51E-07,5.19E-14,1.83E+07,,0.17592787,0.42959254,0.590477362
254.8002572,9.51E-07,5.19E-14,1.83E+07,,0.175928006,0.42959254,0.590477046
254.8024003,9.51E-07,5.19E-14,1.83E+07,,0.175928142,0.42959254,0.590476729
254.8045435,9.51E-07,5.19E-14,1.83E+07,,0.175928278,0.42959254,0.590476413
254.8066867,9.51E-07,5.19E-14,1.83E+07,,0.175928414,0.42959254,0.590476096
254.8088298,9.51E-07,5.19E-14,1.83E+07,,0.17592855,0.42959254,0.590475779
254.810973,9.51E-07,5.19E-14,1.83E+07,,0.175928686,0.42959254,0.590475463
254.8131162,9.51E-07,5.19E-14,1.83E+07,,0.175928822,0.42959254,0.590475146
254.8152593,9.51E-07,5.19E-14,1.83E+07,,0.175928958,0.42959254,0.59047483
254.8174025,9.51E-07,5.19E-14,1.83E+07,,0.175929094,0.42959254,0.590474513
254.8195456,9.51E-07,5.19E-14,1.83E+07,,0.17592923,0.42959254,0.590474196
254.8216888,9.51E-07,5.19E-14,1.83E+07,,0.175929366,0.42959254,0.59047388
254.823832,9.51E-07,5.19E-14,1.83E+07,,0.175929503,0.42959254,0.590473561
254.8259751,9.51E-07,5.19E-14,1.83E+07,,0.175929639,0.42959254,0.590473244
254.8281183,9.51E-07,5.19E-14,1.83E+07,,0.175929775,0.42959254,0.590472928
254.8302615,9.51E-07,5.19E-14,1.83E+07,,0.175929911,0.42959254,0.590472611
254.8324046,9.51E-07,5.19E-14,1.83E+07,,0.175930047,0.42959254,0.590472295
254.8345478,9.51E-07,5.19E-14,1.83E+07,,0.175930183,0.42959254,0.590471978
254.836691,9.51E-07,5.19E-14,1.83E+07,,0.175930319,0.42959254,0.590471662
254.8388341,9.51E-07,5.19E-14,1.83E+07,,0.175930455,0.42959254,0.590471345
254.8409773,9.51E-07,5.19E-14,1.83E+07,,0.175930591,0.42959254,0.590471028
254.8431204,9.51E-07,5.19E-14,1.83E+07,,0.175930727,0.42959254,0.590470712
254.8452636,9.51E-07,5.19E-14,1.83E+07,,0.175930863,0.42959254,0.590470395
254.8474068,9.51E-07,5.19E-14,1.83E+07,,0.175930999,0.42959254,0.590470079
254.8495499,9.51E-07,5.19E-14,1.83E+07,,0.175931135,0.42959254,0.590469762
254.8516931,9.51E-07,5.19E-14,1.83E+07,,0.175931272,0.42959254,0.590469443
254.8538363,9.51E-07,5.19E-14,1.83E+07,,0.175931408,0.42959254,0.590469127
254.8559794,9.51E-07,5.19E-14,1.83E+07,,0.175931544,0.42959254,0.59046881
254.8581226,9.51E-07,5.19E-14,1.83E+07,,0.17593168,0.42959254,0.590468493
254.8602658,9.51E-07,5.19E-14,1.83E+07,,0.175931816,0.42959254,0.590468177
254.8624089,9.51E-07,5.19E-14,1.83E+07,,0.175931952,0.42959254,0.59046786
254.8645521,9.51E-07,5.19E-14,1.83E+07,,0.175932088,0.42959254,0.590467544
254.8666952,9.51E-07,5.19E-14,1.83E+07,,0.175932224,0.42959254,0.590467227
254.8688384,9.51E-07,5.19E-14,1.83E+07,,0.17593236,0.42959254,0.59046691
254.8709816,9.51E-07,5.19E-14,1.83E+07,,0.175932496,0.42959254,0.590466594
254.8731247,9.51E-07,5.19E-14,1.83E+07,,0.175932632,0.42959254,0.590466277
254.8752679,9.51E-07,5.19E-14,1.83E+07,,0.175932768,0.42959254,0.590465961
254.8774111,9.51E-07,5.19E-14,1.83E+07,,0.175932904,0.42959254,0.590465644
254.8795542,9.51E-07,5.19E-14,1.83E+07,,0.175933041,0.42959254,0.590465325
254.8816974,9.51E-07,5.19E-14,1.83E+07,,0.175933177,0.42959254,0.590465009
254.8838405,9.51E-07,5.19E-14,1.83E+07,,0.175933313,0.42959254,0.590464692
254.8859837,9.51E-07,5.19E-14,1.83E+07,,0.175933449,0.42959254,0.590464376
254.8881269,9.51E-07,5.19E-14,1.83E+07,,0.175933585,0.42959254,0.590464059
254.89027,9.51E-07,5.19E-14,1.83E+07,,0.175933721,0.42959254,0.590463742
254.8924132,9.51E-07,5.19E-14,1.83E+07,,0.175933857,0.42959254,0.590463426
254.8945564,9.51E-07,5.19E-14,1.83E+07,,0.175933993,0.42959254,0.590463109
254.8966995,9.51E-07,5.19E-14,1.83E+07,,0.175934129,0.42959254,0.590462793
254.8988427,9.51E-07,5.19E-14,1.83E+07,,0.175934265,0.42959254,0.590462476
254.9009859,9.51E-07,5.19E-14,1.83E+07,,0.175934401,0.42959254,0.590462159
254.903129,9.51E-07,5.19E-14,1.83E+07,,0.175934537,0.42959254,0.590461843
254.9052722,9.51E-07,5.19E-14,1.83E+07,,0.175934673,0.42959254,0.590461526
254.9074153,9.51E-07,5.19E-14,1.83E+07,,0.17593481,0.42959254,0.590461207
254.9095585,9.51E-07,5.19E-14,1.83E+07,,0.175934946,0.42959254,0.590460891
254.9117017,9.51E-07,5.19E-14,1.83E+07,,0.175935082,0.42959254,0.590460574
254.9138448,9.51E-07,5.19E-14,1.83E+07,,0.175935218,0.42959254,0.590460258
254.915988,9.51E-07,5.19E-14,1.83E+07,,0.175935354,0.42959254,0.590459941
254.9181312,9.51E-07,5.19E-14,1.83E+07,,0.17593549,0.42959254,0.590459625
254.9202743,9.51E-07,5.19E-14,1.83E+07,,0.175935626,0.42959254,0.590459308
254.9224175,9.51E-07,5.19E-14,1.83E+07,,0.175935762,0.42959254,0.590458991
254.9245607,9.51E-07,5.19E-14,1.83E+07,,0.175935898,0.42959254,0.590458675
254.9267038,9.51E-07,5.19E-14,1.83E+07,,0.175936034,0.42959254,0.590458358
254.928847,9.51E-07,5.19E-14,1.83E+07,,0.17593617,0.42959254,0.590458042
254.9309901,9.51E-07,5.19E-14,1.83E+07,,0.175936306,0.42959254,0.590457725
254.9331333,9.51E-07,5.19E-14,1.83E+07,,0.175936442,0.42959254,0.590457408
254.9352765,9.51E-07,5.19E-14,1.83E+07,,0.175936579,0.42959254,0.59045709
254.9374196,9.51E-07,5.19E-14,1.83E+07,,0.175936715,0.42959254,0.590456773
254.9395628,9.51E-07,5.19E-14,1.83E+07,,0.175936851,0.42959254,0.590456456
254.941706,9.51E-07,5.19E-14,1.83E+07,,0.175936987,0.42959254,0.59045614
254.9438491,9.51E-07,5.19E-14,1.83E+07,,0.175937123,0.42959254,0.590455823
254.9459923,9.51E-07,5.19E-14,1.83E+07,,0.175937259,0.42959254,0.590455507
254.9481354,9.51E-07,5.19E-14,1.83E+07,,0.175937395,0.42959254,0.59045519
254.9502786,9.51E-07,5.19E-14,1.83E+07,,0.175937531,0.42959254,0.590454874
254.9524218,9.51E-07,5.19E-14,1.83E+07,,0.175937667,0.42959254,0.590454557
254.9545649,9.51E-07,5.19E-14,1.83E+07,,0.175937803,0.42959254,0.59045424
254.9567081,9.51E-07,5.19E-14,1.83E+07,,0.175937939,0.42959254,0.590453924
254.9588513,9.51E-07,5.19E-14,1.83E+07,,0.175938075,0.42959254,0.590453607
254.9609944,9.51E-07,5.19E-14,1.83E+07,,0.175938211,0.42959254,0.590453291
254.9631376,9.51E-07,5.19E-14,1.83E+07,,0.175938347,0.42959254,0.590452974
254.9652808,9.51E-07,5.19E-14,1.83E+07,,0.175938484,0.42959254,0.590452655
254.9674239,9.51E-07,5.19E-14,1.83E+07,,0.17593862,0.42959254,0.590452339
254.9695671,9.51E-07,5.19E-14,1.83E+07,,0.175938756,0.42959254,0.590452022
254.9717102,9.51E-07,5.19E-14,1.83E+07,,0.175938892,0.42959254,0.590451705
254.9738534,9.51E-07,5.19E-14,1.83E+07,,0.175939028,0.42959254,0.590451389
254.9759966,9.51E-07,5.19E-14,1.83E+07,,0.175939164,0.42959254,0.590451072
254.9781397,9.51E-07,5.19E-14,1.83E+07,,0.1759393,0.42959254,0.590450756
254.9802829,9.51E-07,5.19E-14,1.83E+07,,0.175939436,0.42959254,0.590450439
254.9824261,9.51E-07,5.19E-14,1.83E+07,,0.175939572,0.42959254,0.590450122
254.9845692,9.51E-07,5.19E-14,1.83E+07,,0.175939708,0.42959254,0.590449806
254.9867124,9.51E-07,5.19E-14,1.83E+07,,0.175939844,0.42959254,0.590449489
254.9888556,9.51E-07,5.19E-14,1.83E+07,,0.17593998,0.42959254,0.590449173
254.9909987,9.51E-07,5.19E-14,1.83E+07,,0.175940116,0.42959254,0.590448856
254.9931419,9.51E-07,5.19E-14,1.83E+07,,0.175940253,0.42959254,0.590448537
254.995285,9.51E-07,5.19E-14,1.83E+07,,0.175940389,0.42959254,0.590448221
254.9974282,9.51E-07,5.19E-14,1.83E+07,,0.175940525,0.42959254,0.590447904
254.9995714,9.51E-07,5.19E-14,1.83E+07,,0.175940661,0.42959254,0.590447588
255.0017145,9.51E-07,5.19E-14,1.83E+07,,0.175940785,0.42959254,0.590447299
255.0038577,9.51E-07,5.19E-14,1.83E+07,,0.175940906,0.42959254,0.590447017
255.0060009,9.51E-07,5.19E-14,1.83E+07,,0.175941027,0.42959254,0.590446736
255.008144,9.51E-07,5.19E-14,1.83E+07,,0.175941148,0.42959254,0.590446454
255.0102872,9.51E-07,5.19E-14,1.83E+07,,0.17594127,0.42959254,0.59044617
255.0124303,9.51E-07,5.19E-14,1.83E+07,,0.175941391,0.42959254,0.590445888
255.0145735,9.51E-07,5.19E-14,1.83E+07,,0.175941512,0.42959254,0.590445607
255.0167167,9.51E-07,5.19E-14,1.83E+07,,0.175941633,0.42959254,0.590445325
255.0188598,9.51E-07,5.19E-14,1.83E+07,,0.175941754,0.42959254,0.590445043
255.021003,9.50E-07,5.19E-14,1.83E+07,,0.175941875,0.42959254,0.590444762
255.0231462,9.50E-07,5.19E-14,1.83E+07,,0.175941996,0.42959254,0.59044448
255.0252893,9.50E-07,5.19E-14,1.83E+07,,0.175942118,0.42959254,0.590444196
255.0274325,9.50E-07,5.19E-14,1.83E+07,,0.175942239,0.42959254,0.590443914
255.0295757,9.50E-07,5.19E-14,1.83E+07,,0.17594236,0.42959254,0.590443633
255.0317188,9.50E-07,5.19E-14,1.83E+07,,0.175942481,0.42959254,0.590443351
255.033862,9.50E-07,5.19E-14,1.83E+07,,0.175942602,0.42959254,0.590443069
255.0360051,9.50E-07,5.19E-14,1.83E+07,,0.175942723,0.42959254,0.590442788
255.0381483,9.50E-07,5.19E-14,1.83E+07,,0.175942845,0.42959254,0.590442504
255.0402915,9.50E-07,5.19E-14,1.83E+07,,0.175942966,0.42959254,0.590442222
255.0424346,9.50E-07,5.19E-14,1.83E+07,,0.175943087,0.42959254,0.59044194
255.0445778,9.50E-07,5.19E-14,1.83E+07,,0.175943208,0.42959254,0.590441659
255.046721,9.50E-07,5.19E-14,1.83E+07,,0.175943329,0.42959254,0.590441377
255.0488641,9.50E-07,5.19E-14,1.83E+07,,0.17594345,0.42959254,0.590441095
255.0510073,9.50E-07,5.19E-14,1.83E+07,,0.175943572,0.42959254,0.590440811
255.0531505,9.50E-07,5.19E-14,1.83E+07,,0.175943693,0.42959254,0.59044053
255.0552936,9.50E-07,5.19E-14,1.83E+07,,0.175943814,0.42959254,0.590440248
255.0574368,9.50E-07,5.19E-14,1.83E+07,,0.175943935,0.42959254,0.590439966
255.0595799,9.50E-07,5.19E-14,1.83E+07,,0.175944056,0.42959254,0.590439685
255.0617231,9.50E-07,5.19E-14,1.83E+07,,0.175944177,0.42959254,0.590439403
255.0638663,9.50E-07,5.19E-14,1.83E+07,,0.175944298,0.42959254,0.590439121
255.0660094,9.50E-07,5.19E-14,1.83E+07,,0.17594442,0.42959254,0.590438837
255.0681526,9.50E-07,5.19E-14,1.83E+07,,0.175944541,0.42959254,0.590438556
255.0702958,9.50E-07,5.19E-14,1.83E+07,,0.175944662,0.42959254,0.590438274
255.0724389,9.50E-07,5.19E-14,1.83E+07,,0.175944783,0.42959254,0.590437992
255.0745821,9.50E-07,5.19E-14,1.83E+07,,0.175944904,0.42959254,0.590437711
255.0767252,9.50E-07,5.19E-14,1.83E+07,,0.175945025,0.42959254,0.590437429
255.0788684,9.50E-07,5.19E-14,1.83E+07,,0.175945147,0.42959254,0.590437145
255.0810116,9.50E-07,5.19E-14,1.83E+07,,0.175945268,0.42959254,0.590436863
255.0831547,9.50E-07,5.19E-14,1.83E+07,,0.175945389,0.42959254,0.590436582
255.0852979,9.50E-07,5.19E-14,1.83E+07,,0.17594551,0.42959254,0.5904363
255.0874411,9.50E-07,5.19E-14,1.83E+07,,0.175945631,0.42959254,0.590436018
255.0895842,9.50E-07,5.19E-14,1.83E+07,,0.175945752,0.42959254,0.590435737
255.0917274,9.50E-07,5.19E-14,1.83E+07,,0.175945874,0.42959254,0.590435453
255.0938706,9.50E-07,5.19E-14,1.83E+07,,0.175945995,0.42959254,0.590435171
255.0960137,9.50E-07,5.19E-14,1.83E+07,,0.175946116,0.42959254,0.590434889
255.0981569,9.50E-07,5.19E-14,1.83E+07,,0.175946237,0.42959254,0.590434608
255.1003,9.50E-07,5.19E-14,1.83E+07,,0.175946358,0.42959254,0.590434326
255.1024432,9.50E-07,5.19E-14,1.83E+07,,0.175946479,0.42959254,0.590434044
255.1045864,9.50E-07,5.19E-14,1.83E+07,,0.1759466,0.42959254,0.590433763
255.1067295,9.50E-07,5.19E-14,1.83E+07,,0.175946722,0.42959254,0.590433479
255.1088727,9.50E-07,5.19E-14,1.83E+07,,0.175946843,0.42959254,0.590433197
255.1110159,9.50E-07,5.19E-14,1.83E+07,,0.175946964,0.42959254,0.590432915
255.113159,9.50E-07,5.19E-14,1.83E+07,,0.175947085,0.42959254,0.590432634
255.1153022,9.50E-07,5.19E-14,1.83E+07,,0.175947206,0.42959254,0.590432352
255.1174453,9.50E-07,5.19E-14,1.83E+07,,0.175947327,0.42959254,0.590432071
255.1195885,9.50E-07,5.19E-14,1.83E+07,,0.175947449,0.42959254,0.590431787
255.1217317,9.50E-07,5.19E-14,1.83E+07,,0.17594757,0.42959254,0.590431505
255.1238748,9.50E-07,5.19E-14,1.83E+07,,0.175947691,0.42959254,0.590431223
255.126018,9.50E-07,5.19E-14,1.83E+07,,0.175947812,0.42959254,0.590430942
255.1281612,9.50E-07,5.19E-14,1.83E+07,,0.175947933,0.42959254,0.59043066
255.1303043,9.50E-07,5.19E-14,1.83E+07,,0.175948054,0.42959254,0.590430378
255.1324475,9.50E-07,5.19E-14,1.83E+07,,0.175948176,0.42959254,0.590430094
255.1345907,9.50E-07,5.19E-14,1.83E+07,,0.175948297,0.42959254,0.590429813
255.1367338,9.50E-07,5.19E-14,1.83E+07,,0.175948418,0.42959254,0.590429531
255.138877,9.50E-07,5.19E-14,1.83E+07,,0.175948539,0.42959254,0.590429249
255.1410201,9.50E-07,5.19E-14,1.83E+07,,0.17594866,0.42959254,0.590428968
255.1431633,9.50E-07,5.19E-14,1.83E+07,,0.175948781,0.42959254,0.590428686
255.1453065,9.50E-07,5.19E-14,1.83E+07,,0.175948902,0.42959254,0.590428404
255.1474496,9.50E-07,5.19E-14,1.83E+07,,0.175949024,0.42959254,0.59042812
255.1495928,9.50E-07,5.19E-14,1.83E+07,,0.175949145,0.42959254,0.590427839
255.151736,9.50E-07,5.19E-14,1.83E+07,,0.175949266,0.42959254,0.590427557
255.1538791,9.50E-07,5.19E-14,1.83E+07,,0.175949387,0.42959254,0.590427275
255.1560223,9.50E-07,5.19E-14,1.83E+07,,0.175949508,0.42959254,0.590426994
255.1581655,9.50E-07,5.19E-14,1.83E+07,,0.175949629,0.42959254,0.590426712
255.1603086,9.50E-07,5.19E-14,1.83E+07,,0.175949751,0.42959254,0.590426428
255.1624518,9.50E-07,5.19E-14,1.83E+07,,0.175949872,0.42959254,0.590426146
255.1645949,9.50E-07,5.19E-14,1.83E+07,,0.175949993,0.42959254,0.590425865
255.1667381,9.50E-07,5.19E-14,1.83E+07,,0.175950114,0.42959254,0.590425583
255.1688813,9.50E-07,5.19E-14,1.83E+07,,0.175950235,0.42959254,0.590425301
255.1710244,9.50E-07,5.19E-14,1.83E+07,,0.175950356,0.42959254,0.59042502
255.1731676,9.50E-07,5.19E-14,1.83E+07,,0.175950478,0.42959254,0.590424736
255.1753108,9.50E-07,5.19E-14,1.83E+07,,0.175950599,0.42959254,0.590424454
255.1774539,9.50E-07,5.19E-14,1.83E+07,,0.17595072,0.42959254,0.590424172
255.1795971,9.50E-07,5.19E-14,1.83E+07,,0.175950841,0.42959254,0.590423891
255.1817402,9.50E-07,5.19E-14,1.83E+07,,0.175950962,0.42959254,0.590423609
255.1838834,9.50E-07,5.19E-14,1.83E+07,,0.175951083,0.42959254,0.590423327
255.1860266,9.50E-07,5.19E-14,1.83E+07,,0.175951204,0.42959254,0.590423046
255.1881697,9.50E-07,5.19E-14,1.83E+07,,0.175951326,0.42959254,0.590422762
255.1903129,9.50E-07,5.19E-14,1.83E+07,,0.175951447,0.42959254,0.59042248
255.1924561,9.50E-07,5.19E-14,1.83E+07,,0.175951568,0.42959254,0.590422198
255.1945992,9.50E-07,5.19E-14,1.83E+07,,0.175951689,0.42959254,0.590421917
255.1967424,9.50E-07,5.19E-14,1.83E+07,,0.17595181,0.42959254,0.590421635
255.1988856,9.50E-07,5.19E-14,1.83E+07,,0.175951931,0.42959254,0.590421353
255.2010287,9.50E-07,5.19E-14,1.83E+07,,0.175952053,0.42959254,0.590421069
255.2031719,9.50E-07,5.19E-14,1.83E+07,,0.175952174,0.42959254,0.590420788
255.205315,9.50E-07,5.19E-14,1.83E+07,,0.175952295,0.42959254,0.590420506
255.2074582,9.50E-07,5.19E-14,1.83E+07,,0.175952416,0.42959254,0.590420224
255.2096014,9.50E-07,5.19E-14,1.83E+07,,0.175952537,0.42959254,0.590419943
255.2117445,9.50E-07,5.19E-14,1.83E+07,,0.175952658,0.42959254,0.590419661
255.2138877,9.50E-07,5.19E-14,1.83E+07,,0.175952779,0.42959254,0.590419379
255.2160309,9.50E-07,5.19E-14,1.83E+07,,0.175952901,0.42959254,0.590419095
255.218174,9.50E-07,5.19E-14,1.83E+07,,0.175953022,0.42959254,0.590418814
255.2203172,9.50E-07,5.19E-14,1.83E+07,,0.175953143,0.42959254,0.590418532
255.2224604,9.50E-07,5.19E-14,1.83E+07,,0.175953264,0.42959254,0.59041825
255.2246035,9.50E-07,5.19E-14,1.83E+07,,0.175953385,0.42959254,0.590417969
255.2267467,9.50E-07,5.19E-14,1.83E+07,,0.175953506,0.42959254,0.590417687
255.2288898,9.50E-07,5.19E-14,1.83E+07,,0.175953628,0.42959254,0.590417403
255.231033,9.50E-07,5.19E-14,1.83E+07,,0.175953749,0.42959254,0.590417121
255.2331762,9.50E-07,5.19E-14,1.83E+07,,0.17595387,0.42959254,0.59041684
255.2353193,9.50E-07,5.19E-14,1.83E+07,,0.175953991,0.42959254,0.590416558
255.2374625,9.50E-07,5.19E-14,1.83E+07,,0.175954112,0.42959254,0.590416276
255.2396057,9.50E-07,5.19E-14,1.83E+07,,0.175954233,0.42959254,0.590415995
255.2417488,9.50E-07,5.19E-14,1.83E+07,,0.175954355,0.42959254,0.590415711
255.243892,9.50E-07,5.19E-14,1.83E+07,,0.175954476,0.42959254,0.590415429
255.2460351,9.50E-07,5.19E-14,1.83E+07,,0.175954597,0.42959254,0.590415147
255.2481783,9.50E-07,5.19E-14,1.83E+07,,0.175954718,0.42959254,0.590414866
255.2503215,9.50E-07,5.19E-14,1.83E+07,,0.175954839,0.42959254,0.590414584
255.2524646,9.50E-07,5.19E-14,1.83E+07,,0.17595496,0.42959254,0.590414303
255.2546078,9.50E-07,5.19E-14,1.83E+07,,0.175955081,0.42959254,0.590414021
255.256751,9.50E-07,5.19E-14,1.83E+07,,0.175955203,0.42959254,0.590413737
255.2588941,9.50E-07,5.19E-14,1.83E+07,,0.175955324,0.42959254,0.590413455
255.2610373,9.50E-07,5.19E-14,1.83E+07,,0.175955445,0.42959254,0.590413174
255.2631805,9.50E-07,5.19E-14,1.83E+07,,0.175955566,0.42959254,0.590412892
255.2653236,9.50E-07,5.19E-14,1.83E+07,,0.175955687,0.42959254,0.59041261
255.2674668,9.50E-07,5.19E-14,1.83E+07,,0.175955808,0.42959254,0.590412329
255.2696099,9.50E-07,5.19E-14,1.83E+07,,0.17595593,0.42959254,0.590412045
255.2717531,9.50E-07,5.19E-14,1.83E+07,,0.175956051,0.42959254,0.590411763
255.2738963,9.50E-07,5.19E-14,1.83E+07,,0.175956172,0.42959254,0.590411481
255.2760394,9.50E-07,5.19E-14,1.83E+07,,0.175956293,0.42959254,0.5904112
255.2781826,9.50E-07,5.19E-14,1.83E+07,,0.175956414,0.42959254,0.590410918
255.2803258,9.50E-07,5.19E-14,1.83E+07,,0.175956535,0.42959254,0.590410636
255.2824689,9.50E-07,5.19E-14,1.83E+07,,0.175956657,0.42959254,0.590410352
255.2846121,9.50E-07,5.19E-14,1.83E+07,,0.175956778,0.42959254,0.590410071
255.2867553,9.50E-07,5.19E-14,1.83E+07,,0.175956899,0.42959254,0.590409789
255.2888984,9.50E-07,5.19E-14,1.83E+07,,0.17595702,0.42959254,0.590409507
255.2910416,9.50E-07,5.19E-14,1.83E+07,,0.175957141,0.42959254,0.590409226
255.2931847,9.50E-07,5.19E-14,1.83E+07,,0.175957262,0.42959254,0.590408944
255.2953279,9.50E-07,5.19E-14,1.83E+07,,0.175957383,0.42959254,0.590408662
255.2974711,9.50E-07,5.19E-14,1.83E+07,,0.175957505,0.42959254,0.590408378
255.2996142,9.50E-07,5.19E-14,1.83E+07,,0.175957626,0.42959254,0.590408097
255.3017574,9.50E-07,5.19E-14,1.83E+07,,0.175957747,0.42959254,0.590407815
255.3039006,9.50E-07,5.19E-14,1.83E+07,,0.175957868,0.42959254,0.590407533
255.3060437,9.50E-07,5.19E-14,1.83E+07,,0.175957989,0.42959254,0.590407252
255.3081869,9.50E-07,5.19E-14,1.83E+07,,0.17595811,0.42959254,0.59040697
255.31033,9.50E-07,5.19E-14,1.83E+07,,0.175958232,0.42959254,0.590406686
255.3124732,9.50E-07,5.19E-14,1.83E+07,,0.175958353,0.42959254,0.590406404
255.3146164,9.50E-07,5.19E-14,1.83E+07,,0.175958474,0.42959254,0.590406123
255.3167595,9.50E-07,5.19E-14,1.83E+07,,0.175958595,0.42959254,0.590405841
255.3189027,9.50E-07,5.19E-14,1.83E+07,,0.175958716,0.42959254,0.590405559
255.3210459,9.50E-07,5.19E-14,1.83E+07,,0.175958837,0.42959254,0.590405278
255.323189,9.50E-07,5.19E-14,1.83E+07,,0.175958959,0.42959254,0.590404994
255.3253322,9.50E-07,5.19E-14,1.83E+07,,0.17595908,0.42959254,0.590404712
255.3274754,9.50E-07,5.19E-14,1.83E+07,,0.175959201,0.42959254,0.59040443
255.3296185,9.50E-07,5.19E-14,1.83E+07,,0.175959322,0.42959254,0.590404149
255.3317617,9.50E-07,5.19E-14,1.83E+07,,0.175959443,0.42959254,0.590403867
255.3339048,9.50E-07,5.19E-14,1.83E+07,,0.175959564,0.42959254,0.590403585
255.336048,9.50E-07,5.19E-14,1.83E+07,,0.175959685,0.42959254,0.590403304
255.3381912,9.50E-07,5.19E-14,1.83E+07,,0.175959807,0.42959254,0.59040302
255.3403343,9.50E-07,5.19E-14,1.83E+07,,0.175959928,0.42959254,0.590402738
255.3424775,9.50E-07,5.19E-14,1.83E+07,,0.175960049,0.42959254,0.590402456
255.3446207,9.50E-07,5.19E-14,1.83E+07,,0.17596017,0.42959254,0.590402175
255.3467638,9.50E-07,5.19E-14,1.83E+07,,0.175960291,0.42959254,0.590401893
255.348907,9.50E-07,5.19E-14,1.83E+07,,0.175960412,0.42959254,0.590401611
255.3510502,9.50E-07,5.19E-14,1.83E+07,,0.175960534,0.42959254,0.590401327
255.3531933,9.50E-07,5.19E-14,1.83E+07,,0.175960655,0.42959254,0.590401046
255.3553365,9.50E-07,5.19E-14,1.83E+07,,0.175960776,0.42959254,0.590400764
255.3574796,9.50E-07,5.19E-14,1.83E+07,,0.175960897,0.42959254,0.590400482
255.3596228,9.50E-07,5.19E-14,1.83E+07,,0.175961018,0.42959254,0.590400201
255.361766,9.50E-07,5.19E-14,1.83E+07,,0.175961139,0.42959254,0.590399919
255.3639091,9.50E-07,5.19E-14,1.83E+07,,0.175961261,0.42959254,0.590399635
255.3660523,9.50E-07,5.19E-14,1.83E+07,,0.175961382,0.42959254,0.590399353
255.3681955,9.50E-07,5.19E-14,1.83E+07,,0.175961503,0.42959254,0.590399072
255.3703386,9.50E-07,5.19E-14,1.83E+07,,0.175961624,0.42959254,0.59039879
255.3724818,9.50E-07,5.19E-14,1.83E+07,,0.175961745,0.42959254,0.590398508
255.3746249,9.50E-07,5.19E-14,1.83E+07,,0.175961866,0.42959254,0.590398227
255.3767681,9.50E-07,5.19E-14,1.83E+07,,0.175961987,0.42959254,0.590397945
255.3789113,9.50E-07,5.19E-14,1.83E+07,,0.175962109,0.42959254,0.590397661
255.3810544,9.50E-07,5.19E-14,1.83E+07,,0.17596223,0.42959254,0.590397379
255.3831976,9.50E-07,5.19E-14,1.83E+07,,0.175962351,0.42959254,0.590397098
255.3853408,9.50E-07,5.19E-14,1.83E+07,,0.175962472,0.42959254,0.590396816
255.3874839,9.50E-07,5.19E-14,1.83E+07,,0.175962593,0.42959254,0.590396535
255.3896271,9.50E-07,5.19E-14,1.83E+07,,0.175962714,0.42959254,0.590396253
255.3917703,9.50E-07,5.19E-14,1.83E+07,,0.175962836,0.42959254,0.590395969
255.3939134,9.50E-07,5.19E-14,1.83E+07,,0.175962957,0.42959254,0.590395687
255.3960566,9.50E-07,5.19E-14,1.83E+07,,0.175963078,0.42959254,0.590395406
255.3981997,9.50E-07,5.19E-14,1.83E+07,,0.175963199,0.42959254,0.590395124
255.4003429,9.50E-07,5.19E-14,1.83E+07,,0.17596332,0.42959254,0.590394842
255.4024861,9.50E-07,5.19E-14,1.83E+07,,0.175963441,0.42959254,0.590394561
255.4046292,9.50E-07,5.19E-14,1.83E+07,,0.175963562,0.42959254,0.590394279
255.4067724,9.50E-07,5.19E-14,1.83E+07,,0.175963684,0.42959254,0.590393995
255.4089156,9.50E-07,5.19E-14,1.83E+07,,0.175963805,0.42959254,0.590393713
255.4110587,9.50E-07,5.19E-14,1.83E+07,,0.175963926,0.42959254,0.590393432
255.4132019,9.50E-07,5.19E-14,1.83E+07,,0.175964047,0.42959254,0.59039315
255.415345,9.50E-07,5.19E-14,1.83E+07,,0.175964168,0.42959254,0.590392868
255.4174882,9.50E-07,5.19E-14,1.83E+07,,0.175964289,0.42959254,0.590392587
255.4196314,9.50E-07,5.19E-14,1.83E+07,,0.175964411,0.42959254,0.590392303
255.4217745,9.50E-07,5.19E-14,1.83E+07,,0.175964532,0.42959254,0.590392021
255.4239177,9.50E-07,5.19E-14,1.83E+07,,0.175964653,0.42959254,0.590391739
255.4260609,9.50E-07,5.19E-14,1.83E+07,,0.175964774,0.42959254,0.590391458
255.428204,9.50E-07,5.19E-14,1.83E+07,,0.175964895,0.42959254,0.590391176
255.4303472,9.50E-07,5.19E-14,1.83E+07,,0.175965016,0.42959254,0.590390894
255.4324904,9.50E-07,5.19E-14,1.83E+07,,0.175965138,0.42959254,0.59039061
255.4346335,9.50E-07,5.19E-14,1.83E+07,,0.175965259,0.42959254,0.590390329
255.4367767,9.50E-07,5.19E-14,1.83E+07,,0.17596538,0.42959254,0.590390047
255.4389198,9.50E-07,5.19E-14,1.83E+07,,0.175965501,0.42959254,0.590389765
255.441063,9.50E-07,5.19E-14,1.83E+07,,0.175965622,0.42959254,0.590389484
255.4432062,9.50E-07,5.19E-14,1.83E+07,,0.175965743,0.42959254,0.590389202
255.4453493,9.50E-07,5.19E-14,1.83E+07,,0.175965864,0.42959254,0.59038892
255.4474925,9.50E-07,5.19E-14,1.83E+07,,0.175965986,0.42959254,0.590388636
255.4496357,9.50E-07,5.19E-14,1.83E+07,,0.175966107,0.42959254,0.590388355
255.4517788,9.50E-07,5.19E-14,1.83E+07,,0.175966228,0.42959254,0.590388073
255.453922,9.50E-07,5.19E-14,1.83E+07,,0.175966349,0.42959254,0.590387791
255.4560652,9.50E-07,5.19E-14,1.83E+07,,0.17596647,0.42959254,0.59038751
255.4582083,9.50E-07,5.19E-14,1.83E+07,,0.175966591,0.42959254,0.590387228
255.4603515,9.50E-07,5.19E-14,1.83E+07,,0.175966713,0.42959254,0.590386944
255.4624946,9.50E-07,5.19E-14,1.83E+07,,0.175966834,0.42959254,0.590386662
255.4646378,9.50E-07,5.19E-14,1.83E+07,,0.175966955,0.42959254,0.590386381
255.466781,9.50E-07,5.19E-14,1.83E+07,,0.175967076,0.42959254,0.590386099
255.4689241,9.50E-07,5.19E-14,1.83E+07,,0.175967197,0.42959254,0.590385817
255.4710673,9.50E-07,5.19E-14,1.83E+07,,0.175967318,0.42959254,0.590385536
255.4732105,9.50E-07,5.19E-14,1.83E+07,,0.17596744,0.42959254,0.590385252
255.4753536,9.50E-07,5.19E-14,1.83E+07,,0.175967561,0.42959254,0.59038497
255.4774968,9.50E-07,5.19E-14,1.83E+07,,0.175967682,0.42959254,0.590384688
255.4796399,9.50E-07,5.19E-14,1.83E+07,,0.175967803,0.42959254,0.590384407
255.4817831,9.50E-07,5.19E-14,1.83E+07,,0.175967924,0.42959254,0.590384125
255.4839263,9.50E-07,5.19E-14,1.83E+07,,0.175968045,0.42959254,0.590383843
255.4860694,9.50E-07,5.19E-14,1.83E+07,,0.175968166,0.42959254,0.590383562
255.4882126,9.50E-07,5.19E-14,1.83E+07,,0.175968288,0.42959254,0.590383278
255.4903558,9.50E-07,5.19E-14,1.83E+07,,0.175968409,0.42959254,0.590382996
255.4924989,9.50E-07,5.19E-14,1.83E+07,,0.17596853,0.42959254,0.590382714
255.4946421,9.50E-07,5.19E-14,1.83E+07,,0.175968651,0.42959254,0.590382433
255.4967853,9.50E-07,5.19E-14,1.83E+07,,0.175968772,0.42959254,0.590382151
255.4989284,9.50E-07,5.19E-14,1.83E+07,,0.175968893,0.42959254,0.590381869
255.5010716,9.50E-07,5.19E-14,1.83E+07,,0.175969015,0.42959254,0.590381585
255.5032147,9.50E-07,5.19E-14,1.83E+07,,0.175969136,0.42959254,0.590381304
255.5053579,9.50E-07,5.19E-14,1.83E+07,,0.175969257,0.42959254,0.590381022
255.5075011,9.50E-07,5.19E-14,1.83E+07,,0.175969378,0.42959254,0.59038074
255.5096442,9.50E-07,5.19E-14,1.83E+07,,0.175969499,0.42959254,0.590380459
255.5117874,9.50E-07,5.19E-14,1.83E+07,,0.17596962,0.42959254,0.590380177
255.5139306,9.50E-07,5.19E-14,1.83E+07,,0.175969742,0.42959254,0.590379893
255.5160737,9.50E-07,5.19E-14,1.83E+07,,0.175969863,0.42959254,0.590379611
255.5182169,9.50E-07,5.19E-14,1.83E+07,,0.175969984,0.42959254,0.59037933
255.5203601,9.50E-07,5.19E-14,1.83E+07,,0.175970105,0.42959254,0.590379048
255.5225032,9.50E-07,5.19E-14,1.83E+07,,0.175970226,0.42959254,0.590378767
255.5246464,9.50E-07,5.19E-14,1.83E+07,,0.175970347,0.42959254,0.590378485
255.5267895,9.50E-07,5.19E-14,1.83E+07,,0.175970468,0.42959254,0.590378203
255.5289327,9.50E-07,5.19E-14,1.83E+07,,0.17597059,0.42959254,0.590377919
255.5310759,9.50E-07,5.19E-14,1.83E+07,,0.175970711,0.42959254,0.590377638
255.533219,9.50E-07,5.19E-14,1.83E+07,,0.175970832,0.42959254,0.590377356
255.5353622,9.50E-07,5.19E-14,1.83E+07,,0.175970953,0.42959254,0.590377074
255.5375054,9.50E-07,5.19E-14,1.83E+07,,0.175971074,0.42959254,0.590376793
255.5396485,9.50E-07,5.19E-14,1.83E+07,,0.175971195,0.42959254,0.590376511
255.5417917,9.50E-07,5.19E-14,1.83E+07,,0.175971317,0.42959254,0.590376227
255.5439348,9.50E-07,5.19E-14,1.83E+07,,0.175971438,0.42959254,0.590375945
255.546078,9.50E-07,5.19E-14,1.83E+07,,0.175971559,0.42959254,0.590375664
255.5482212,9.50E-07,5.19E-14,1.83E+07,,0.17597168,0.42959254,0.590375382
255.5503643,9.50E-07,5.19E-14,1.83E+07,,0.175971801,0.42959254,0.5903751
255.5525075,9.50E-07,5.19E-14,1.83E+07,,0.175971922,0.42959254,0.590374819
255.5546507,9.50E-07,5.19E-14,1.83E+07,,0.175972044,0.42959254,0.590374535
255.5567938,9.50E-07,5.19E-14,1.83E+07,,0.175972165,0.42959254,0.590374253
255.558937,9.50E-07,5.19E-14,1.83E+07,,0.175972286,0.42959254,0.590373971
255.5610802,9.50E-07,5.19E-14,1.83E+07,,0.175972407,0.42959254,0.59037369
255.5632233,9.50E-07,5.19E-14,1.83E+07,,0.175972528,0.42959254,0.590373408
255.5653665,9.50E-07,5.19E-14,1.83E+07,,0.175972649,0.42959254,0.590373126
255.5675096,9.50E-07,5.19E-14,1.83E+07,,0.17597277,0.42959254,0.590372845
255.5696528,9.50E-07,5.19E-14,1.83E+07,,0.175972892,0.42959254,0.590372561
255.571796,9.50E-07,5.19E-14,1.83E+07,,0.175973013,0.42959254,0.590372279
255.5739391,9.50E-07,5.19E-14,1.83E+07,,0.175973134,0.42959254,0.590371997
255.5760823,9.50E-07,5.19E-14,1.83E+07,,0.175973255,0.42959254,0.590371716
255.5782255,9.50E-07,5.19E-14,1.83E+07,,0.175973376,0.42959254,0.590371434
255.5803686,9.50E-07,5.19E-14,1.83E+07,,0.175973497,0.42959254,0.590371152
255.5825118,9.50E-07,5.19E-14,1.83E+07,,0.175973619,0.42959254,0.590370868
255.584655,9.50E-07,5.19E-14,1.83E+07,,0.17597374,0.42959254,0.590370587
255.5867981,9.50E-07,5.19E-14,1.83E+07,,0.175973861,0.42959254,0.590370305
255.5889413,9.50E-07,5.19E-14,1.83E+07,,0.175973982,0.42959254,0.590370023
255.5910844,9.50E-07,5.19E-14,1.83E+07,,0.175974103,0.42959254,0.590369742
255.5932276,9.50E-07,5.19E-14,1.83E+07,,0.175974224,0.42959254,0.59036946
255.5953708,9.50E-07,5.19E-14,1.83E+07,,0.175974346,0.42959254,0.590369176
255.5975139,9.50E-07,5.19E-14,1.83E+07,,0.175974467,0.42959254,0.590368894
255.5996571,9.50E-07,5.19E-14,1.83E+07,,0.175974588,0.42959254,0.590368613
255.6018003,9.50E-07,5.19E-14,1.83E+07,,0.175974709,0.42959254,0.590368331
255.6039434,9.50E-07,5.19E-14,1.83E+07,,0.17597483,0.42959254,0.590368049
255.6060866,9.50E-07,5.19E-14,1.83E+07,,0.175974951,0.42959254,0.590367768
255.6082297,9.50E-07,5.19E-14,1.83E+07,,0.175975072,0.42959254,0.590367486
255.6103729,9.50E-07,5.19E-14,1.83E+07,,0.175975194,0.42959254,0.590367202
255.6125161,9.50E-07,5.19E-14,1.83E+07,,0.175975315,0.42959254,0.59036692
255.6146592,9.50E-07,5.19E-14,1.83E+07,,0.175975436,0.42959254,0.590366639
255.6168024,9.50E-07,5.19E-14,1.83E+07,,0.175975557,0.42959254,0.590366357
255.6189456,9.50E-07,5.19E-14,1.83E+07,,0.175975678,0.42959254,0.590366075
255.6210887,9.50E-07,5.19E-14,1.83E+07,,0.175975799,0.42959254,0.590365794
255.6232319,9.50E-07,5.19E-14,1.83E+07,,0.175975921,0.42959254,0.59036551
255.6253751,9.50E-07,5.19E-14,1.83E+07,,0.175976042,0.42959254,0.590365228
255.6275182,9.50E-07,5.19E-14,1.83E+07,,0.175976163,0.42959254,0.590364946
255.6296614,9.50E-07,5.19E-14,1.83E+07,,0.175976284,0.42959254,0.590364665
255.6318045,9.50E-07,5.19E-14,1.83E+07,,0.175976405,0.42959254,0.590364383
255.6339477,9.50E-07,5.19E-14,1.83E+07,,0.175976526,0.42959254,0.590364101
255.6360909,9.50E-07,5.19E-14,1.83E+07,,0.175976647,0.42959254,0.59036382
255.638234,9.50E-07,5.19E-14,1.83E+07,,0.175976769,0.42959254,0.590363536
255.6403772,9.50E-07,5.19E-14,1.83E+07,,0.17597689,0.42959254,0.590363254
255.6425204,9.50E-07,5.19E-14,1.83E+07,,0.175977011,0.42959254,0.590362972
255.6446635,9.50E-07,5.19E-14,1.83E+07,,0.175977132,0.42959254,0.590362691
255.6468067,9.50E-07,5.19E-14,1.83E+07,,0.175977253,0.42959254,0.590362409
255.6489498,9.50E-07,5.19E-14,1.83E+07,,0.175977374,0.42959254,0.590362127
255.651093,9.50E-07,5.19E-14,1.83E+07,,0.175977496,0.42959254,0.590361843
255.6532362,9.50E-07,5.19E-14,1.83E+07,,0.175977617,0.42959254,0.590361562
255.6553793,9.50E-07,5.19E-14,1.83E+07,,0.175977738,0.42959254,0.59036128
255.6575225,9.50E-07,5.19E-14,1.83E+07,,0.175977859,0.42959254,0.590360999
255.6596657,9.50E-07,5.19E-14,1.83E+07,,0.17597798,0.42959254,0.590360717
255.6618088,9.50E-07,5.19E-14,1.83E+07,,0.175978101,0.42959254,0.590360435
255.663952,9.50E-07,5.19E-14,1.83E+07,,0.175978223,0.42959254,0.590360151
255.6660952,9.50E-07,5.19E-14,1.83E+07,,0.175978344,0.42959254,0.59035987
255.6682383,9.50E-07,5.19E-14,1.83E+07,,0.175978465,0.42959254,0.590359588
255.6703815,9.50E-07,5.19E-14,1.83E+07,,0.175978586,0.42959254,0.590359306
255.6725246,9.50E-07,5.19E-14,1.83E+07,,0.175978707,0.42959254,0.590359025
255.6746678,9.50E-07,5.19E-14,1.83E+07,,0.175978828,0.42959254,0.590358743
255.676811,9.50E-07,5.19E-14,1.83E+07,,0.175978949,0.42959254,0.590358461
255.6789541,9.50E-07,5.19E-14,1.83E+07,,0.175979071,0.42959254,0.590358177
255.6810973,9.50E-07,5.19E-14,1.83E+07,,0.175979192,0.42959254,0.590357896
255.6832405,9.50E-07,5.19E-14,1.83E+07,,0.175979313,0.42959254,0.590357614
255.6853836,9.50E-07,5.19E-14,1.83E+07,,0.175979434,0.42959254,0.590357332
255.6875268,9.50E-07,5.19E-14,1.83E+07,,0.175979555,0.42959254,0.590357051
255.68967,9.50E-07,5.19E-14,1.83E+07,,0.175979676,0.42959254,0.590356769
255.6918131,9.50E-07,5.19E-14,1.83E+07,,0.175979798,0.42959254,0.590356485
255.6939563,9.50E-07,5.19E-14,1.83E+07,,0.175979919,0.42959254,0.590356203
255.6960994,9.50E-07,5.19E-14,1.83E+07,,0.17598004,0.42959254,0.590355922
255.6982426,9.50E-07,5.19E-14,1.83E+07,,0.175980161,0.42959254,0.59035564
255.7003858,9.50E-07,5.19E-14,1.83E+07,,0.175980282,0.42959254,0.590355358
255.7025289,9.50E-07,5.19E-14,1.83E+07,,0.175980403,0.42959254,0.590355077
255.7046721,9.50E-07,5.19E-14,1.83E+07,,0.175980525,0.42959254,0.590354793
255.7068153,9.50E-07,5.19E-14,1.83E+07,,0.175980646,0.42959254,0.590354511
255.7089584,9.50E-07,5.19E-14,1.83E+07,,0.175980767,0.42959254,0.590354229
255.7111016,9.50E-07,5.19E-14,1.83E+07,,0.175980888,0.42959254,0.590353948
255.7132447,9.50E-07,5.19E-14,1.83E+07,,0.175981009,0.42959254,0.590353666
255.7153879,9.50E-07,5.19E-14,1.83E+07,,0.17598113,0.42959254,0.590353384
255.7175311,9.50E-07,5.19E-14,1.83E+07,,0.175981251,0.42959254,0.590353103
255.7196742,9.50E-07,5.19E-14,1.83E+07,,0.175981373,0.42959254,0.590352819
255.7218174,9.50E-07,5.19E-14,1.83E+07,,0.175981494,0.42959254,0.590352537
255.7239606,9.50E-07,5.19E-14,1.83E+07,,0.175981615,0.42959254,0.590352255
255.7261037,9.50E-07,5.19E-14,1.83E+07,,0.175981736,0.42959254,0.590351974
255.7282469,9.50E-07,5.19E-14,1.83E+07,,0.175981857,0.42959254,0.590351692
255.7303901,9.50E-07,5.19E-14,1.83E+07,,0.175981978,0.42959254,0.59035141
255.7325332,9.50E-07,5.19E-14,1.83E+07,,0.1759821,0.42959254,0.590351126
255.7346764,9.50E-07,5.19E-14,1.83E+07,,0.175982221,0.42959254,0.590350845
255.7368195,9.50E-07,5.19E-14,1.83E+07,,0.175982342,0.42959254,0.590350563
255.7389627,9.50E-07,5.19E-14,1.83E+07,,0.175982463,0.42959254,0.590350281
255.7411059,9.50E-07,5.19E-14,1.83E+07,,0.175982584,0.42959254,0.59035
255.743249,9.50E-07,5.19E-14,1.83E+07,,0.175982705,0.42959254,0.590349718
255.7453922,9.50E-07,5.19E-14,1.83E+07,,0.175982827,0.42959254,0.590349434
255.7475354,9.50E-07,5.19E-14,1.83E+07,,0.175982948,0.42959254,0.590349152
255.7496785,9.50E-07,5.19E-14,1.83E+07,,0.175983069,0.42959254,0.590348871
255.7518217,9.50E-07,5.19E-14,1.83E+07,,0.17598319,0.42959254,0.590348589
255.7539649,9.50E-07,5.19E-14,1.83E+07,,0.175983311,0.42959254,0.590348307
255.756108,9.50E-07,5.19E-14,1.83E+07,,0.175983432,0.42959254,0.590348026
255.7582512,9.50E-07,5.19E-14,1.83E+07,,0.175983553,0.42959254,0.590347744
255.7603943,9.50E-07,5.19E-14,1.83E+07,,0.175983675,0.42959254,0.59034746
255.7625375,9.50E-07,5.19E-14,1.83E+07,,0.175983796,0.42959254,0.590347178
255.7646807,9.50E-07,5.19E-14,1.83E+07,,0.175983917,0.42959254,0.590346897
255.7668238,9.50E-07,5.19E-14,1.83E+07,,0.175984038,0.42959254,0.590346615
255.768967,9.50E-07,5.19E-14,1.83E+07,,0.175984159,0.42959254,0.590346333
255.7711102,9.50E-07,5.19E-14,1.83E+07,,0.17598428,0.42959254,0.590346052
255.7732533,9.50E-07,5.19E-14,1.83E+07,,0.175984402,0.42959254,0.590345768
255.7753965,9.50E-07,5.19E-14,1.83E+07,,0.175984523,0.42959254,0.590345486
255.7775396,9.50E-07,5.19E-14,1.83E+07,,0.175984644,0.42959254,0.590345204
255.7796828,9.50E-07,5.19E-14,1.83E+07,,0.175984765,0.42959254,0.590344923
255.781826,9.50E-07,5.19E-14,1.83E+07,,0.175984886,0.42959254,0.590344641
255.7839691,9.50E-07,5.19E-14,1.83E+07,,0.175985007,0.42959254,0.590344359
255.7861123,9.50E-07,5.19E-14,1.83E+07,,0.175985129,0.42959254,0.590344075
255.7882555,9.50E-07,5.19E-14,1.83E+07,,0.17598525,0.42959254,0.590343794
255.7903986,9.50E-07,5.19E-14,1.83E+07,,0.175985371,0.42959254,0.590343512
255.7925418,9.50E-07,5.19E-14,1.83E+07,,0.175985492,0.42959254,0.590343231
255.794685,9.50E-07,5.19E-14,1.83E+07,,0.175985613,0.42959254,0.590342949
255.7968281,9.50E-07,5.19E-14,1.83E+07,,0.175985734,0.42959254,0.590342667
255.7989713,9.50E-07,5.19E-14,1.83E+07,,0.175985855,0.42959254,0.590342386
255.8011144,9.50E-07,5.19E-14,1.83E+07,,0.175985977,0.42959254,0.590342102
255.8032576,9.50E-07,5.19E-14,1.83E+07,,0.175986098,0.42959254,0.59034182
255.8054008,9.50E-07,5.19E-14,1.83E+07,,0.175986219,0.42959254,0.590341538
255.8075439,9.50E-07,5.19E-14,1.83E+07,,0.17598634,0.42959254,0.590341257
255.8096871,9.50E-07,5.19E-14,1.83E+07,,0.175986461,0.42959254,0.590340975
255.8118303,9.50E-07,5.19E-14,1.83E+07,,0.175986582,0.42959254,0.590340693
255.8139734,9.50E-07,5.19E-14,1.83E+07,,0.175986704,0.42959254,0.590340409
255.8161166,9.50E-07,5.19E-14,1.83E+07,,0.175986825,0.42959254,0.590340128
255.8182598,9.50E-07,5.19E-14,1.83E+07,,0.175986946,0.42959254,0.590339846
255.8204029,9.50E-07,5.19E-14,1.83E+07,,0.175987067,0.42959254,0.590339564
255.8225461,9.50E-07,5.19E-14,1.83E+07,,0.175987188,0.42959254,0.590339283
255.8246892,9.50E-07,5.19E-14,1.83E+07,,0.175987309,0.42959254,0.590339001
255.8268324,9.50E-07,5.19E-14,1.83E+07,,0.17598743,0.42959254,0.590338719
255.8289756,9.50E-07,5.19E-14,1.83E+07,,0.175987552,0.42959254,0.590338435
255.8311187,9.50E-07,5.19E-14,1.83E+07,,0.175987673,0.42959254,0.590338154
255.8332619,9.50E-07,5.19E-14,1.83E+07,,0.175987794,0.42959254,0.590337872
255.8354051,9.50E-07,5.19E-14,1.83E+07,,0.175987915,0.42959254,0.59033759
255.8375482,9.50E-07,5.19E-14,1.83E+07,,0.175988036,0.42959254,0.590337309
255.8396914,9.50E-07,5.19E-14,1.83E+07,,0.175988157,0.42959254,0.590337027
255.8418345,9.50E-07,5.19E-14,1.83E+07,,0.175988279,0.42959254,0.590336743
255.8439777,9.50E-07,5.19E-14,1.83E+07,,0.1759884,0.42959254,0.590336461
255.8461209,9.50E-07,5.19E-14,1.83E+07,,0.175988521,0.42959254,0.59033618
255.848264,9.50E-07,5.19E-14,1.83E+07,,0.175988642,0.42959254,0.590335898
255.8504072,9.50E-07,5.19E-14,1.83E+07,,0.175988763,0.42959254,0.590335616
255.8525504,9.50E-07,5.19E-14,1.83E+07,,0.175988884,0.42959254,0.590335335
255.8546935,9.50E-07,5.19E-14,1.83E+07,,0.175989006,0.42959254,0.590335051
255.8568367,9.50E-07,5.19E-14,1.83E+07,,0.175989127,0.42959254,0.590334769
255.8589799,9.50E-07,5.19E-14,1.83E+07,,0.175989248,0.42959254,0.590334487
255.861123,9.50E-07,5.19E-14,1.83E+07,,0.175989369,0.42959254,0.590334206
255.8632662,9.50E-07,5.19E-14,1.83E+07,,0.17598949,0.42959254,0.590333924
255.8654093,9.50E-07,5.19E-14,1.83E+07,,0.175989611,0.42959254,0.590333642
255.8675525,9.50E-07,5.19E-14,1.83E+07,,0.175989732,0.42959254,0.590333361
255.8696957,9.50E-07,5.19E-14,1.83E+07,,0.175989854,0.42959254,0.590333077
255.8718388,9.50E-07,5.19E-14,1.83E+07,,0.175989975,0.42959254,0.590332795
255.873982,9.50E-07,5.19E-14,1.83E+07,,0.175990096,0.42959254,0.590332513
255.8761252,9.50E-07,5.19E-14,1.83E+07,,0.175990217,0.42959254,0.590332232
255.8782683,9.50E-07,5.19E-14,1.83E+07,,0.175990338,0.42959254,0.59033195
255.8804115,9.50E-07,5.19E-14,1.83E+07,,0.175990459,0.42959254,0.590331668
255.8825547,9.50E-07,5.19E-14,1.83E+07,,0.175990581,0.42959254,0.590331384
255.8846978,9.50E-07,5.19E-14,1.83E+07,,0.175990702,0.42959254,0.590331103
255.886841,9.50E-07,5.19E-14,1.83E+07,,0.175990823,0.42959254,0.590330821
255.8889841,9.50E-07,5.19E-14,1.83E+07,,0.175990944,0.42959254,0.590330539
255.8911273,9.50E-07,5.19E-14,1.83E+07,,0.175991065,0.42959254,0.590330258
255.8932705,9.50E-07,5.19E-14,1.83E+07,,0.175991186,0.42959254,0.590329976
255.8954136,9.50E-07,5.19E-14,1.83E+07,,0.175991308,0.42959254,0.590329692
255.8975568,9.50E-07,5.19E-14,1.83E+07,,0.175991429,0.42959254,0.59032941
255.8997,9.50E-07,5.19E-14,1.83E+07,,0.17599155,0.42959254,0.590329129
255.9018431,9.50E-07,5.19E-14,1.83E+07,,0.175991671,0.42959254,0.590328847
255.9039863,9.50E-07,5.19E-14,1.83E+07,,0.175991792,0.42959254,0.590328565
255.9061294,9.50E-07,5.19E-14,1.83E+07,,0.175991913,0.42959254,0.590328284
255.9082726,9.50E-07,5.19E-14,1.83E+07,,0.175992034,0.42959254,0.590328002
255.9104158,9.50E-07,5.19E-14,1.83E+07,,0.175992156,0.42959254,0.590327718
255.9125589,9.50E-07,5.19E-14,1.83E+07,,0.175992277,0.42959254,0.590327436
255.9147021,9.50E-07,5.19E-14,1.83E+07,,0.175992398,0.42959254,0.590327155
255.9168453,9.50E-07,5.19E-14,1.83E+07,,0.175992519,0.42959254,0.590326873
255.9189884,9.50E-07,5.19E-14,1.83E+07,,0.17599264,0.42959254,0.590326591
255.9211316,9.50E-07,5.19E-14,1.83E+07,,0.175992761,0.42959254,0.59032631
255.9232748,9.50E-07,5.19E-14,1.83E+07,,0.175992883,0.42959254,0.590326026
255.9254179,9.50E-07,5.19E-14,1.83E+07,,0.175993004,0.42959254,0.590325744
255.9275611,9.50E-07,5.19E-14,1.83E+07,,0.175993125,0.42959254,0.590325463
255.9297042,9.50E-07,5.19E-14,1.83E+07,,0.175993246,0.42959254,0.590325181
255.9318474,9.50E-07,5.19E-14,1.83E+07,,0.175993367,0.42959254,0.590324899
255.9339906,9.50E-07,5.19E-14,1.83E+07,,0.175993488,0.42959254,0.590324618
255.9361337,9.50E-07,5.19E-14,1.83E+07,,0.17599361,0.42959254,0.590324334
255.9382769,9.50E-07,5.19E-14,1.83E+07,,0.175993731,0.42959254,0.590324052
255.9404201,9.50E-07,5.19E-14,1.83E+07,,0.175993852,0.42959254,0.59032377
255.9425632,9.50E-07,5.19E-14,1.83E+07,,0.175993973,0.42959254,0.590323489
255.9447064,9.50E-07,5.19E-14,1.83E+07,,0.175994094,0.42959254,0.590323207
255.9468495,9.50E-07,5.19E-14,1.83E+07,,0.175994215,0.42959254,0.590322925
255.9489927,9.50E-07,5.19E-14,1.83E+07,,0.175994336,0.42959254,0.590322644
255.9511359,9.50E-07,5.19E-14,1.83E+07,,0.175994458,0.42959254,0.59032236
255.953279,9.50E-07,5.19E-14,1.83E+07,,0.175994579,0.42959254,0.590322078
255.9554222,9.50E-07,5.19E-14,1.83E+07,,0.1759947,0.42959254,0.590321796
255.9575654,9.50E-07,5.19E-14,1.83E+07,,0.175994821,0.42959254,0.590321515
255.9597085,9.50E-07,5.19E-14,1.83E+07,,0.175994942,0.42959254,0.590321233
255.9618517,9.50E-07,5.19E-14,1.83E+07,,0.175995063,0.42959254,0.590320951
255.9639949,9.50E-07,5.19E-14,1.83E+07,,0.175995185,0.42959254,0.590320667
255.966138,9.50E-07,5.19E-14,1.83E+07,,0.175995306,0.42959254,0.590320386
255.9682812,9.50E-07,5.19E-14,1.83E+07,,0.175995427,0.42959254,0.590320104
255.9704243,9.50E-07,5.19E-14,1.83E+07,,0.175995548,0.42959254,0.590319822
255.9725675,9.50E-07,5.19E-14,1.83E+07,,0.175995669,0.42959254,0.590319541
255.9747107,9.50E-07,5.19E-14,1.83E+07,,0.17599579,0.42959254,0.590319259
255.9768538,9.50E-07,5.19E-14,1.83E+07,,0.175995912,0.42959254,0.590318975
255.978997,9.50E-07,5.19E-14,1.83E+07,,0.175996033,0.42959254,0.590318693
255.9811402,9.50E-07,5.19E-14,1.83E+07,,0.175996154,0.42959254,0.590318412
255.9832833,9.50E-07,5.19E-14,1.83E+07,,0.175996275,0.42959254,0.59031813
255.9854265,9.50E-07,5.19E-14,1.83E+07,,0.175996396,0.42959254,0.590317848
255.9875697,9.50E-07,5.19E-14,1.83E+07,,0.175996517,0.42959254,0.590317567
255.9897128,9.50E-07,5.19E-14,1.83E+07,,0.175996638,0.42959254,0.590317285
255.991856,9.50E-07,5.19E-14,1.83E+07,,0.17599676,0.42959254,0.590317001
255.9939991,9.50E-07,5.19E-14,1.83E+07,,0.175996881,0.42959254,0.590316719
255.9961423,9.50E-07,5.19E-14,1.83E+07,,0.175997002,0.42959254,0.590316438
255.9982855,9.50E-07,5.19E-14,1.83E+07,,0.175997123,0.42959254,0.590316156
256.0004286,9.50E-07,5.19E-14,1.83E+07,,0.175997242,0.42959254,0.590315879
256.0025718,9.50E-07,5.19E-14,1.83E+07,,0.17599735,0.42959254,0.590315628
256.004715,9.50E-07,5.19E-14,1.83E+07,,0.175997458,0.42959254,0.590315376
256.0068581,9.50E-07,5.19E-14,1.83E+07,,0.175997567,0.42959254,0.590315122
256.0090013,9.50E-07,5.19E-14,1.83E+07,,0.175997675,0.42959254,0.590314871
256.0111444,9.50E-07,5.19E-14,1.83E+07,,0.175997783,0.42959254,0.59031462
256.0132876,9.50E-07,5.19E-14,1.83E+07,,0.175997892,0.42959254,0.590314366
256.0154308,9.50E-07,5.19E-14,1.83E+07,,0.175998,0.42959254,0.590314115
256.0175739,9.50E-07,5.19E-14,1.83E+07,,0.175998108,0.42959254,0.590313863
256.0197171,9.50E-07,5.19E-14,1.83E+07,,0.175998217,0.42959254,0.590313609
256.0218603,9.50E-07,5.19E-14,1.83E+07,,0.175998325,0.42959254,0.590313358
256.0240034,9.50E-07,5.19E-14,1.83E+07,,0.175998433,0.42959254,0.590313107
256.0261466,9.50E-07,5.19E-14,1.83E+07,,0.175998542,0.42959254,0.590312853
256.0282898,9.50E-07,5.19E-14,1.83E+07,,0.17599865,0.42959254,0.590312601
256.0304329,9.50E-07,5.19E-14,1.83E+07,,0.175998759,0.42959254,0.590312348
256.0325761,9.50E-07,5.19E-14,1.83E+07,,0.175998867,0.42959254,0.590312096
256.0347192,9.50E-07,5.19E-14,1.83E+07,,0.175998975,0.42959254,0.590311845
256.0368624,9.50E-07,5.19E-14,1.83E+07,,0.175999084,0.42959254,0.590311591
256.0390056,9.50E-07,5.19E-14,1.83E+07,,0.175999192,0.42959254,0.59031134
256.0411487,9.50E-07,5.19E-14,1.83E+07,,0.1759993,0.42959254,0.590311088
256.0432919,9.50E-07,5.19E-14,1.83E+07,,0.175999409,0.42959254,0.590310835
256.0454351,9.50E-07,5.19E-14,1.83E+07,,0.175999517,0.42959254,0.590310583
256.0475782,9.50E-07,5.19E-14,1.83E+07,,0.175999625,0.42959254,0.590310332
256.0497214,9.50E-07,5.19E-14,1.83E+07,,0.175999734,0.42959254,0.590310078
256.0518646,9.50E-07,5.19E-14,1.83E+07,,0.175999842,0.42959254,0.590309827
256.0540077,9.50E-07,5.19E-14,1.83E+07,,0.17599995,0.42959254,0.590309575
256.0561509,9.50E-07,5.19E-14,1.83E+07,,0.176000059,0.42959254,0.590309322
256.058294,9.50E-07,5.19E-14,1.83E+07,,0.176000167,0.42959254,0.59030907
256.0604372,9.50E-07,5.19E-14,1.83E+07,,0.176000275,0.42959254,0.590308819
256.0625804,9.50E-07,5.19E-14,1.83E+07,,0.176000384,0.42959254,0.590308565
256.0647235,9.50E-07,5.19E-14,1.83E+07,,0.176000492,0.42959254,0.590308314
256.0668667,9.50E-07,5.19E-14,1.83E+07,,0.1760006,0.42959254,0.590308062
256.0690099,9.50E-07,5.19E-14,1.83E+07,,0.176000709,0.42959254,0.590307809
256.071153,9.50E-07,5.19E-14,1.83E+07,,0.176000817,0.42959254,0.590307557
256.0732962,9.50E-07,5.19E-14,1.83E+07,,0.176000925,0.42959254,0.590307306
256.0754393,9.50E-07,5.19E-14,1.83E+07,,0.176001034,0.42959254,0.590307052
256.0775825,9.50E-07,5.19E-14,1.83E+07,,0.176001142,0.42959254,0.590306801
256.0797257,9.50E-07,5.19E-14,1.83E+07,,0.176001251,0.42959254,0.590306547
256.0818688,9.50E-07,5.19E-14,1.83E+07,,0.176001359,0.42959254,0.590306296
256.084012,9.50E-07,5.19E-14,1.83E+07,,0.176001467,0.42959254,0.590306044
256.0861552,9.50E-07,5.19E-14,1.83E+07,,0.176001576,0.42959254,0.59030579
256.0882983,9.50E-07,5.19E-14,1.83E+07,,0.176001684,0.42959254,0.590305539
256.0904415,9.50E-07,5.19E-14,1.83E+07,,0.176001792,0.42959254,0.590305288
256.0925847,9.50E-07,5.19E-14,1.83E+07,,0.176001901,0.42959254,0.590305034
256.0947278,9.50E-07,5.19E-14,1.83E+07,,0.176002009,0.42959254,0.590304782
256.096871,9.50E-07,5.19E-14,1.83E+07,,0.176002117,0.42959254,0.590304531
256.0990141,9.50E-07,5.19E-14,1.83E+07,,0.176002226,0.42959254,0.590304277
256.1011573,9.50E-07,5.19E-14,1.83E+07,,0.176002334,0.42959254,0.590304026
256.1033005,9.50E-07,5.19E-14,1.83E+07,,0.176002442,0.42959254,0.590303775
256.1054436,9.50E-07,5.19E-14,1.83E+07,,0.176002551,0.42959254,0.590303521
256.1075868,9.50E-07,5.19E-14,1.83E+07,,0.176002659,0.42959254,0.590303269
256.10973,9.50E-07,5.19E-14,1.83E+07,,0.176002767,0.42959254,0.590303018
256.1118731,9.50E-07,5.19E-14,1.83E+07,,0.176002876,0.42959254,0.590302764
256.1140163,9.50E-07,5.19E-14,1.83E+07,,0.176002984,0.42959254,0.590302513
256.1161595,9.50E-07,5.19E-14,1.83E+07,,0.176003092,0.42959254,0.590302261
256.1183026,9.50E-07,5.19E-14,1.83E+07,,0.176003201,0.42959254,0.590302008
256.1204458,9.50E-07,5.19E-14,1.83E+07,,0.176003309,0.42959254,0.590301756
256.1225889,9.50E-07,5.19E-14,1.83E+07,,0.176003417,0.42959254,0.590301505
256.1247321,9.50E-07,5.19E-14,1.83E+07,,0.176003526,0.42959254,0.590301251
256.1268753,9.50E-07,5.19E-14,1.83E+07,,0.176003634,0.42959254,0.590301
256.1290184,9.50E-07,5.19E-14,1.83E+07,,0.176003743,0.42959254,0.590300746
256.1311616,9.50E-07,5.19E-14,1.83E+07,,0.176003851,0.42959254,0.590300495
256.1333048,9.50E-07,5.19E-14,1.83E+07,,0.176003959,0.42959254,0.590300243
256.1354479,9.50E-07,5.19E-14,1.83E+07,,0.176004068,0.42959254,0.59029999
256.1375911,9.50E-07,5.19E-14,1.83E+07,,0.176004176,0.42959254,0.590299738
256.1397342,9.50E-07,5.19E-14,1.83E+07,,0.176004284,0.42959254,0.590299487
256.1418774,9.50E-07,5.19E-14,1.83E+07,,0.176004393,0.42959254,0.590299233
256.1440206,9.50E-07,5.19E-14,1.83E+07,,0.176004501,0.42959254,0.590298982
256.1461637,9.50E-07,5.19E-14,1.83E+07,,0.176004609,0.42959254,0.59029873
256.1483069,9.50E-07,5.19E-14,1.83E+07,,0.176004718,0.42959254,0.590298476
256.1504501,9.50E-07,5.19E-14,1.83E+07,,0.176004826,0.42959254,0.590298225
256.1525932,9.50E-07,5.19E-14,1.83E+07,,0.176004934,0.42959254,0.590297974
256.1547364,9.50E-07,5.19E-14,1.83E+07,,0.176005043,0.42959254,0.59029772
256.1568796,9.50E-07,5.19E-14,1.83E+07,,0.176005151,0.42959254,0.590297469
256.1590227,9.50E-07,5.19E-14,1.83E+07,,0.176005259,0.42959254,0.590297217
256.1611659,9.50E-07,5.19E-14,1.83E+07,,0.176005368,0.42959254,0.590296963
256.163309,9.50E-07,5.19E-14,1.83E+07,,0.176005476,0.42959254,0.590296712
256.1654522,9.50E-07,5.19E-14,1.83E+07,,0.176005584,0.42959254,0.590296461
256.1675954,9.50E-07,5.19E-14,1.83E+07,,0.176005693,0.42959254,0.590296207
256.1697385,9.50E-07,5.19E-14,1.83E+07,,0.176005801,0.42959254,0.590295955
256.1718817,9.49E-07,5.19E-14,1.83E+07,,0.176005909,0.42959254,0.590295704
256.1740249,9.49E-07,5.19E-14,1.83E+07,,0.176006018,0.42959254,0.59029545
256.176168,9.49E-07,5.19E-14,1.83E+07,,0.176006126,0.42959254,0.590295199
256.1783112,9.49E-07,5.19E-14,1.83E+07,,0.176006235,0.42959254,0.590294945
256.1804544,9.49E-07,5.19E-14,1.83E+07,,0.176006343,0.42959254,0.590294694
256.1825975,9.49E-07,5.19E-14,1.83E+07,,0.176006451,0.42959254,0.590294442
256.1847407,9.49E-07,5.19E-14,1.83E+07,,0.17600656,0.42959254,0.590294189
256.1868838,9.49E-07,5.19E-14,1.83E+07,,0.176006668,0.42959254,0.590293937
256.189027,9.49E-07,5.19E-14,1.83E+07,,0.176006776,0.42959254,0.590293686
256.1911702,9.49E-07,5.19E-14,1.83E+07,,0.176006885,0.42959254,0.590293432
256.1933133,9.49E-07,5.19E-14,1.83E+07,,0.176006993,0.42959254,0.590293181
256.1954565,9.49E-07,5.19E-14,1.83E+07,,0.176007101,0.42959254,0.590292929
256.1975997,9.49E-07,5.19E-14,1.83E+07,,0.17600721,0.42959254,0.590292676
256.1997428,9.49E-07,5.19E-14,1.83E+07,,0.176007318,0.42959254,0.590292424
256.201886,9.49E-07,5.19E-14,1.83E+07,,0.176007426,0.42959254,0.590292173
256.2040291,9.49E-07,5.19E-14,1.83E+07,,0.176007535,0.42959254,0.590291919
256.2061723,9.49E-07,5.19E-14,1.83E+07,,0.176007643,0.42959254,0.590291668
256.2083155,9.49E-07,5.19E-14,1.83E+07,,0.176007751,0.42959254,0.590291416
256.2104586,9.49E-07,5.19E-14,1.83E+07,,0.17600786,0.42959254,0.590291163
256.2126018,9.49E-07,5.19E-14,1.83E+07,,0.176007968,0.42959254,0.590290911
256.214745,9.49E-07,5.19E-14,1.83E+07,,0.176008076,0.42959254,0.59029066
256.2168881,9.49E-07,5.19E-14,1.83E+07,,0.176008185,0.42959254,0.590290406
256.2190313,9.49E-07,5.19E-14,1.83E+07,,0.176008293,0.42959254,0.590290155
256.2211745,9.49E-07,5.19E-14,1.83E+07,,0.176008401,0.42959254,0.590289903
256.2233176,9.49E-07,5.19E-14,1.83E+07,,0.17600851,0.42959254,0.59028965
256.2254608,9.49E-07,5.19E-14,1.83E+07,,0.176008618,0.42959254,0.590289398
256.2276039,9.49E-07,5.19E-14,1.83E+07,,0.176008727,0.42959254,0.590289144
256.2297471,9.49E-07,5.19E-14,1.83E+07,,0.176008835,0.42959254,0.590288893
256.2318903,9.49E-07,5.19E-14,1.83E+07,,0.176008943,0.42959254,0.590288642
256.2340334,9.49E-07,5.19E-14,1.83E+07,,0.176009052,0.42959254,0.590288388
256.2361766,9.49E-07,5.19E-14,1.83E+07,,0.17600916,0.42959254,0.590288136
256.2383198,9.49E-07,5.19E-14,1.83E+07,,0.176009268,0.42959254,0.590287885
256.2404629,9.49E-07,5.19E-14,1.83E+07,,0.176009377,0.42959254,0.590287631
256.2426061,9.49E-07,5.19E-14,1.83E+07,,0.176009485,0.42959254,0.59028738
256.2447492,9.49E-07,5.19E-14,1.83E+07,,0.176009593,0.42959254,0.590287129
256.2468924,9.49E-07,5.19E-14,1.83E+07,,0.176009702,0.42959254,0.590286875
256.2490356,9.49E-07,5.19E-14,1.83E+07,,0.17600981,0.42959254,0.590286623
256.2511787,9.49E-07,5.19E-14,1.83E+07,,0.176009918,0.42959254,0.590286372
256.2533219,9.49E-07,5.19E-14,1.83E+07,,0.176010027,0.42959254,0.590286118
256.2554651,9.49E-07,5.19E-14,1.83E+07,,0.176010135,0.42959254,0.590285867
256.2576082,9.49E-07,5.19E-14,1.83E+07,,0.176010243,0.42959254,0.590285615
256.2597514,9.49E-07,5.19E-14,1.83E+07,,0.176010352,0.42959254,0.590285362
256.2618946,9.49E-07,5.19E-14,1.83E+07,,0.17601046,0.42959254,0.59028511
256.2640377,9.49E-07,5.19E-14,1.83E+07,,0.176010568,0.42959254,0.590284859
256.2661809,9.49E-07,5.19E-14,1.83E+07,,0.176010677,0.42959254,0.590284605
256.268324,9.49E-07,5.19E-14,1.83E+07,,0.176010785,0.42959254,0.590284354
256.2704672,9.49E-07,5.19E-14,1.83E+07,,0.176010893,0.42959254,0.590284102
256.2726104,9.49E-07,5.19E-14,1.83E+07,,0.176011002,0.42959254,0.590283849
256.2747535,9.49E-07,5.19E-14,1.83E+07,,0.17601111,0.42959254,0.590283597
256.2768967,9.49E-07,5.19E-14,1.83E+07,,0.176011219,0.42959254,0.590283344
256.2790399,9.49E-07,5.19E-14,1.83E+07,,0.176011327,0.42959254,0.590283092
256.281183,9.49E-07,5.19E-14,1.83E+07,,0.176011435,0.42959254,0.590282841
256.2833262,9.49E-07,5.19E-14,1.83E+07,,0.176011544,0.42959254,0.590282587
256.2854694,9.49E-07,5.19E-14,1.83E+07,,0.176011652,0.42959254,0.590282336
256.2876125,9.49E-07,5.19E-14,1.83E+07,,0.17601176,0.42959254,0.590282084
256.2897557,9.49E-07,5.19E-14,1.83E+07,,0.176011869,0.42959254,0.59028183
256.2918988,9.49E-07,5.19E-14,1.83E+07,,0.176011977,0.42959254,0.590281579
256.294042,9.49E-07,5.19E-14,1.83E+07,,0.176012085,0.42959254,0.590281328
256.2961852,9.49E-07,5.19E-14,1.83E+07,,0.176012194,0.42959254,0.590281074
256.2983283,9.49E-07,5.19E-14,1.83E+07,,0.176012302,0.42959254,0.590280823
256.3004715,9.49E-07,5.19E-14,1.83E+07,,0.17601241,0.42959254,0.590280571
256.3026147,9.49E-07,5.19E-14,1.83E+07,,0.176012519,0.42959254,0.590280317
256.3047578,9.49E-07,5.19E-14,1.83E+07,,0.176012627,0.42959254,0.590280066
256.306901,9.49E-07,5.19E-14,1.83E+07,,0.176012735,0.42959254,0.590279815
256.3090441,9.49E-07,5.19E-14,1.83E+07,,0.176012844,0.42959254,0.590279561
256.3111873,9.49E-07,5.19E-14,1.83E+07,,0.176012952,0.42959254,0.590279309
256.3133305,9.49E-07,5.19E-14,1.83E+07,,0.17601306,0.42959254,0.590279058
256.3154736,9.49E-07,5.19E-14,1.83E+07,,0.176013169,0.42959254,0.590278804
256.3176168,9.49E-07,5.19E-14,1.83E+07,,0.176013277,0.42959254,0.590278553
256.31976,9.49E-07,5.19E-14,1.83E+07,,0.176013385,0.42959254,0.590278302
256.3219031,9.49E-07,5.19E-14,1.83E+07,,0.176013494,0.42959254,0.590278048
256.3240463,9.49E-07,5.19E-14,1.83E+07,,0.176013602,0.42959254,0.590277796
256.3261895,9.49E-07,5.19E-14,1.83E+07,,0.176013711,0.42959254,0.590277543
256.3283326,9.49E-07,5.19E-14,1.83E+07,,0.176013819,0.42959254,0.590277291
256.3304758,9.49E-07,5.19E-14,1.83E+07,,0.176013927,0.42959254,0.59027704
256.3326189,9.49E-07,5.19E-14,1.83E+07,,0.176014036,0.42959254,0.590276786
256.3347621,9.49E-07,5.19E-14,1.83E+07,,0.176014144,0.42959254,0.590276535
256.3369053,9.49E-07,5.19E-14,1.83E+07,,0.176014252,0.42959254,0.590276283
256.3390484,9.49E-07,5.19E-14,1.83E+07,,0.176014361,0.42959254,0.59027603
256.3411916,9.49E-07,5.19E-14,1.83E+07,,0.176014469,0.42959254,0.590275778
256.3433348,9.49E-07,5.19E-14,1.83E+07,,0.176014577,0.42959254,0.590275527
256.3454779,9.49E-07,5.19E-14,1.83E+07,,0.176014686,0.42959254,0.590275273
256.3476211,9.49E-07,5.19E-14,1.83E+07,,0.176014794,0.42959254,0.590275022
256.3497643,9.49E-07,5.19E-14,1.83E+07,,0.176014902,0.42959254,0.59027477
256.3519074,9.49E-07,5.19E-14,1.83E+07,,0.176015011,0.42959254,0.590274517
256.3540506,9.49E-07,5.19E-14,1.83E+07,,0.176015119,0.42959254,0.590274265
256.3561937,9.49E-07,5.19E-14,1.83E+07,,0.176015227,0.42959254,0.590274014
256.3583369,9.49E-07,5.19E-14,1.83E+07,,0.176015336,0.42959254,0.59027376
256.3604801,9.49E-07,5.19E-14,1.83E+07,,0.176015444,0.42959254,0.590273509
256.3626232,9.49E-07,5.19E-14,1.83E+07,,0.176015552,0.42959254,0.590273257
256.3647664,9.49E-07,5.19E-14,1.83E+07,,0.176015661,0.42959254,0.590273003
256.3669096,9.49E-07,5.19E-14,1.83E+07,,0.176015769,0.42959254,0.590272752
256.3690527,9.49E-07,5.19E-14,1.83E+07,,0.176015877,0.42959254,0.590272501
256.3711959,9.49E-07,5.19E-14,1.83E+07,,0.176015986,0.42959254,0.590272247
256.373339,9.49E-07,5.19E-14,1.83E+07,,0.176016094,0.42959254,0.590271996
256.3754822,9.49E-07,5.19E-14,1.83E+07,,0.176016203,0.42959254,0.590271742
256.3776254,9.49E-07,5.19E-14,1.83E+07,,0.176016311,0.42959254,0.59027149
256.3797685,9.49E-07,5.19E-14,1.83E+07,,0.176016419,0.42959254,0.590271239
256.3819117,9.49E-07,5.19E-14,1.83E+07,,0.176016528,0.42959254,0.590270985
256.3840549,9.49E-07,5.19E-14,1.83E+07,,0.176016636,0.42959254,0.590270734
256.386198,9.49E-07,5.19E-14,1.83E+07,,0.176016744,0.42959254,0.590270483
256.3883412,9.49E-07,5.19E-14,1.83E+07,,0.176016853,0.42959254,0.590270229
256.3904844,9.49E-07,5.19E-14,1.83E+07,,0.176016961,0.42959254,0.590269977
256.3926275,9.49E-07,5.19E-14,1.83E+07,,0.176017069,0.42959254,0.590269726
256.3947707,9.49E-07,5.19E-14,1.83E+07,,0.176017178,0.42959254,0.590269472
256.3969138,9.49E-07,5.19E-14,1.83E+07,,0.176017286,0.42959254,0.590269221
256.399057,9.49E-07,5.19E-14,1.83E+07,,0.176017394,0.42959254,0.590268969
256.4012002,9.49E-07,5.19E-14,1.83E+07,,0.176017503,0.42959254,0.590268716
256.4033433,9.49E-07,5.19E-14,1.83E+07,,0.176017611,0.42959254,0.590268464
256.4054865,9.49E-07,5.19E-14,1.83E+07,,0.176017719,0.42959254,0.590268213
256.4076297,9.49E-07,5.19E-14,1.83E+07,,0.176017828,0.42959254,0.590267959
256.4097728,9.49E-07,5.19E-14,1.83E+07,,0.176017936,0.42959254,0.590267708
256.411916,9.49E-07,5.19E-14,1.83E+07,,0.176018044,0.42959254,0.590267456
256.4140592,9.49E-07,5.19E-14,1.83E+07,,0.176018153,0.42959254,0.590267203
256.4162023,9.49E-07,5.19E-14,1.83E+07,,0.176018261,0.42959254,0.590266951
256.4183455,9.49E-07,5.19E-14,1.83E+07,,0.176018369,0.42959254,0.5902667
256.4204886,9.49E-07,5.19E-14,1.83E+07,,0.176018478,0.42959254,0.590266446
256.4226318,9.49E-07,5.19E-14,1.83E+07,,0.176018586,0.42959254,0.590266195
256.424775,9.49E-07,5.19E-14,1.83E+07,,0.176018694,0.42959254,0.590265943
256.4269181,9.49E-07,5.19E-14,1.83E+07,,0.176018803,0.42959254,0.59026569
256.4290613,9.49E-07,5.19E-14,1.83E+07,,0.176018911,0.42959254,0.590265438
256.4312045,9.49E-07,5.19E-14,1.83E+07,,0.17601902,0.42959254,0.590265184
256.4333476,9.49E-07,5.19E-14,1.83E+07,,0.176019128,0.42959254,0.590264933
256.4354908,9.49E-07,5.19E-14,1.83E+07,,0.176019236,0.42959254,0.590264682
256.4376339,9.49E-07,5.19E-14,1.83E+07,,0.176019345,0.42959254,0.590264428
256.4397771,9.49E-07,5.19E-14,1.83E+07,,0.176019453,0.42959254,0.590264177
256.4419203,9.49E-07,5.19E-14,1.83E+07,,0.176019561,0.42959254,0.590263925
256.4440634,9.49E-07,5.19E-14,1.83E+07,,0.17601967,0.42959254,0.590263671
256.4462066,9.49E-07,5.19E-14,1.83E+07,,0.176019778,0.42959254,0.59026342
256.4483498,9.49E-07,5.19E-14,1.83E+07,,0.176019886,0.42959254,0.590263169
256.4504929,9.49E-07,5.19E-14,1.83E+07,,0.176019995,0.42959254,0.590262915
256.4526361,9.49E-07,5.19E-14,1.83E+07,,0.176020103,0.42959254,0.590262663
256.4547793,9.49E-07,5.19E-14,1.83E+07,,0.176020211,0.42959254,0.590262412
256.4569224,9.49E-07,5.19E-14,1.83E+07,,0.17602032,0.42959254,0.590262158
256.4590656,9.49E-07,5.19E-14,1.83E+07,,0.176020428,0.42959254,0.590261907
256.4612087,9.49E-07,5.19E-14,1.83E+07,,0.176020536,0.42959254,0.590261656
256.4633519,9.49E-07,5.19E-14,1.83E+07,,0.176020645,0.42959254,0.590261402
256.4654951,9.49E-07,5.19E-14,1.83E+07,,0.176020753,0.42959254,0.59026115
256.4676382,9.49E-07,5.19E-14,1.83E+07,,0.176020861,0.42959254,0.590260899
256.4697814,9.49E-07,5.19E-14,1.83E+07,,0.17602097,0.42959254,0.590260645
256.4719246,9.49E-07,5.19E-14,1.83E+07,,0.176021078,0.42959254,0.590260394
256.4740677,9.49E-07,5.19E-14,1.83E+07,,0.176021186,0.42959254,0.590260142
256.4762109,9.49E-07,5.19E-14,1.83E+07,,0.176021295,0.42959254,0.590259889
256.4783541,9.49E-07,5.19E-14,1.83E+07,,0.176021403,0.42959254,0.590259637
256.4804972,9.49E-07,5.19E-14,1.83E+07,,0.176021512,0.42959254,0.590259384
256.4826404,9.49E-07,5.19E-14,1.83E+07,,0.17602162,0.42959254,0.590259132
256.4847835,9.49E-07,5.19E-14,1.83E+07,,0.176021728,0.42959254,0.590258881
256.4869267,9.49E-07,5.19E-14,1.83E+07,,0.176021837,0.42959254,0.590258627
256.4890699,9.49E-07,5.19E-14,1.83E+07,,0.176021945,0.42959254,0.590258376
256.491213,9.49E-07,5.19E-14,1.83E+07,,0.176022053,0.42959254,0.590258124
256.4933562,9.49E-07,5.19E-14,1.83E+07,,0.176022162,0.42959254,0.590257871
256.4954994,9.49E-07,5.19E-14,1.83E+07,,0.17602227,0.42959254,0.590257619
256.4976425,9.49E-07,5.19E-14,1.83E+07,,0.176022378,0.42959254,0.590257368
256.4997857,9.49E-07,5.19E-14,1.83E+07,,0.176022487,0.42959254,0.590257114
256.5019288,9.49E-07,5.19E-14,1.83E+07,,0.176022595,0.42959254,0.590256863
256.504072,9.49E-07,5.19E-14,1.83E+07,,0.176022703,0.42959254,0.590256611
256.5062152,9.49E-07,5.19E-14,1.83E+07,,0.176022812,0.42959254,0.590256357
256.5083583,9.49E-07,5.19E-14,1.83E+07,,0.17602292,0.42959254,0.590256106
256.5105015,9.49E-07,5.19E-14,1.83E+07,,0.176023028,0.42959254,0.590255855
256.5126447,9.49E-07,5.19E-14,1.83E+07,,0.176023137,0.42959254,0.590255601
256.5147878,9.49E-07,5.19E-14,1.83E+07,,0.176023245,0.42959254,0.59025535
256.516931,9.49E-07,5.19E-14,1.83E+07,,0.176023353,0.42959254,0.590255098
256.5190742,9.49E-07,5.19E-14,1.83E+07,,0.176023462,0.42959254,0.590254844
256.5212173,9.49E-07,5.19E-14,1.83E+07,,0.17602357,0.42959254,0.590254593
256.5233605,9.49E-07,5.19E-14,1.83E+07,,0.176023678,0.42959254,0.590254342
256.5255036,9.49E-07,5.19E-14,1.83E+07,,0.176023787,0.42959254,0.590254088
256.5276468,9.49E-07,5.19E-14,1.83E+07,,0.176023895,0.42959254,0.590253836
256.52979,9.49E-07,5.19E-14,1.83E+07,,0.176024004,0.42959254,0.590253583
256.5319331,9.49E-07,5.19E-14,1.83E+07,,0.176024112,0.42959254,0.590253331
256.5340763,9.49E-07,5.19E-14,1.83E+07,,0.17602422,0.42959254,0.59025308
256.5362195,9.49E-07,5.19E-14,1.83E+07,,0.176024329,0.42959254,0.590252826
256.5383626,9.49E-07,5.19E-14,1.83E+07,,0.176024437,0.42959254,0.590252575
256.5405058,9.49E-07,5.19E-14,1.83E+07,,0.176024545,0.42959254,0.590252323
256.5426489,9.49E-07,5.19E-14,1.83E+07,,0.176024654,0.42959254,0.59025207
256.5447921,9.49E-07,5.19E-14,1.83E+07,,0.176024762,0.42959254,0.590251818
256.5469353,9.49E-07,5.19E-14,1.83E+07,,0.17602487,0.42959254,0.590251567
256.5490784,9.49E-07,5.19E-14,1.83E+07,,0.176024979,0.42959254,0.590251313
256.5512216,9.49E-07,5.19E-14,1.83E+07,,0.176025087,0.42959254,0.590251062
256.5533648,9.49E-07,5.19E-14,1.83E+07,,0.176025195,0.42959254,0.59025081
256.5555079,9.49E-07,5.19E-14,1.83E+07,,0.176025304,0.42959254,0.590250557
256.5576511,9.49E-07,5.19E-14,1.83E+07,,0.176025412,0.42959254,0.590250305
256.5597943,9.49E-07,5.19E-14,1.83E+07,,0.17602552,0.42959254,0.590250054
256.5619374,9.49E-07,5.19E-14,1.83E+07,,0.176025629,0.42959254,0.5902498
256.5640806,9.49E-07,5.19E-14,1.83E+07,,0.176025737,0.42959254,0.590249549
256.5662237,9.49E-07,5.19E-14,1.83E+07,,0.176025845,0.42959254,0.590249297
256.5683669,9.49E-07,5.19E-14,1.83E+07,,0.176025954,0.42959254,0.590249044
256.5705101,9.49E-07,5.19E-14,1.83E+07,,0.176026062,0.42959254,0.590248792
256.5726532,9.49E-07,5.19E-14,1.83E+07,,0.17602617,0.42959254,0.590248541
256.5747964,9.49E-07,5.19E-14,1.83E+07,,0.176026279,0.42959254,0.590248287
256.5769396,9.49E-07,5.19E-14,1.83E+07,,0.176026387,0.42959254,0.590248036
256.5790827,9.49E-07,5.19E-14,1.83E+07,,0.176026496,0.42959254,0.590247782
256.5812259,9.49E-07,5.19E-14,1.83E+07,,0.176026604,0.42959254,0.590247531
256.5833691,9.49E-07,5.19E-14,1.83E+07,,0.176026712,0.42959254,0.590247279
256.5855122,9.49E-07,5.19E-14,1.83E+07,,0.176026821,0.42959254,0.590247025
256.5876554,9.49E-07,5.19E-14,1.83E+07,,0.176026929,0.42959254,0.590246774
256.5897985,9.49E-07,5.19E-14,1.83E+07,,0.176027037,0.42959254,0.590246523
256.5919417,9.49E-07,5.19E-14,1.83E+07,,0.176027146,0.42959254,0.590246269
256.5940849,9.49E-07,5.19E-14,1.83E+07,,0.176027254,0.42959254,0.590246017
256.596228,9.49E-07,5.19E-14,1.83E+07,,0.176027362,0.42959254,0.590245766
256.5983712,9.49E-07,5.19E-14,1.83E+07,,0.176027471,0.42959254,0.590245512
256.6005144,9.49E-07,5.19E-14,1.83E+07,,0.176027579,0.42959254,0.590245261
256.6026575,9.49E-07,5.19E-14,1.83E+07,,0.176027687,0.42959254,0.59024501
256.6048007,9.49E-07,5.19E-14,1.83E+07,,0.176027796,0.42959254,0.590244756
256.6069438,9.49E-07,5.19E-14,1.83E+07,,0.176027904,0.42959254,0.590244504
256.609087,9.49E-07,5.19E-14,1.83E+07,,0.176028012,0.42959254,0.590244253
256.6112302,9.49E-07,5.19E-14,1.83E+07,,0.176028121,0.42959254,0.590243999
256.6133733,9.49E-07,5.19E-14,1.83E+07,,0.176028229,0.42959254,0.590243748
256.6155165,9.49E-07,5.19E-14,1.83E+07,,0.176028337,0.42959254,0.590243496
256.6176597,9.49E-07,5.19E-14,1.83E+07,,0.176028446,0.42959254,0.590243243
256.6198028,9.49E-07,5.19E-14,1.83E+07,,0.176028554,0.42959254,0.590242991
256.621946,9.49E-07,5.19E-14,1.83E+07,,0.176028662,0.42959254,0.59024274
256.6240892,9.49E-07,5.19E-14,1.83E+07,,0.176028771,0.42959254,0.590242486
256.6262323,9.49E-07,5.19E-14,1.83E+07,,0.176028879,0.42959254,0.590242235
256.6283755,9.49E-07,5.19E-14,1.83E+07,,0.176028988,0.42959254,0.590241981
256.6305186,9.49E-07,5.19E-14,1.83E+07,,0.176029096,0.42959254,0.59024173
256.6326618,9.49E-07,5.19E-14,1.83E+07,,0.176029204,0.42959254,0.590241478
256.634805,9.49E-07,5.19E-14,1.83E+07,,0.176029313,0.42959254,0.590241225
256.6369481,9.49E-07,5.19E-14,1.83E+07,,0.176029421,0.42959254,0.590240973
256.6390913,9.49E-07,5.19E-14,1.83E+07,,0.176029529,0.42959254,0.590240722
256.6412345,9.49E-07,5.19E-14,1.83E+07,,0.176029638,0.42959254,0.590240468
256.6433776,9.49E-07,5.19E-14,1.83E+07,,0.176029746,0.42959254,0.590240217
256.6455208,9.49E-07,5.19E-14,1.83E+07,,0.176029854,0.42959254,0.590239965
256.647664,9.49E-07,5.19E-14,1.83E+07,,0.176029963,0.42959254,0.590239711
256.6498071,9.49E-07,5.19E-14,1.83E+07,,0.176030071,0.42959254,0.59023946
256.6519503,9.49E-07,5.19E-14,1.83E+07,,0.176030179,0.42959254,0.590239209
256.6540934,9.49E-07,5.19E-14,1.83E+07,,0.176030288,0.42959254,0.590238955
256.6562366,9.49E-07,5.19E-14,1.83E+07,,0.176030396,0.42959254,0.590238704
256.6583798,9.49E-07,5.19E-14,1.83E+07,,0.176030504,0.42959254,0.590238452
256.6605229,9.49E-07,5.19E-14,1.83E+07,,0.176030613,0.42959254,0.590238198
256.6626661,9.49E-07,5.19E-14,1.83E+07,,0.176030721,0.42959254,0.590237947
256.6648093,9.49E-07,5.19E-14,1.83E+07,,0.176030829,0.42959254,0.590237696
256.6669524,9.49E-07,5.19E-14,1.83E+07,,0.176030938,0.42959254,0.590237442
256.6690956,9.49E-07,5.19E-14,1.83E+07,,0.176031046,0.42959254,0.59023719
256.6712387,9.49E-07,5.19E-14,1.83E+07,,0.176031154,0.42959254,0.590236939
256.6733819,9.49E-07,5.19E-14,1.83E+07,,0.176031263,0.42959254,0.590236685
256.6755251,9.49E-07,5.19E-14,1.83E+07,,0.176031371,0.42959254,0.590236434
256.6776682,9.49E-07,5.19E-14,1.83E+07,,0.17603148,0.42959254,0.59023618
256.6798114,9.49E-07,5.19E-14,1.83E+07,,0.176031588,0.42959254,0.590235929
256.6819546,9.49E-07,5.19E-14,1.83E+07,,0.176031696,0.42959254,0.590235677
256.6840977,9.49E-07,5.19E-14,1.83E+07,,0.176031805,0.42959254,0.590235424
256.6862409,9.49E-07,5.19E-14,1.83E+07,,0.176031913,0.42959254,0.590235172
256.6883841,9.49E-07,5.19E-14,1.83E+07,,0.176032021,0.42959254,0.590234921
256.6905272,9.49E-07,5.19E-14,1.83E+07,,0.17603213,0.42959254,0.590234667
256.6926704,9.49E-07,5.19E-14,1.83E+07,,0.176032238,0.42959254,0.590234416
256.6948135,9.49E-07,5.19E-14,1.83E+07,,0.176032346,0.42959254,0.590234164
256.6969567,9.49E-07,5.19E-14,1.83E+07,,0.176032455,0.42959254,0.590233911
256.6990999,9.49E-07,5.19E-14,1.83E+07,,0.176032563,0.42959254,0.590233659
256.701243,9.49E-07,5.19E-14,1.83E+07,,0.176032671,0.42959254,0.590233408
256.7033862,9.49E-07,5.19E-14,1.83E+07,,0.17603278,0.42959254,0.590233154
256.7055294,9.49E-07,5.19E-14,1.83E+07,,0.176032888,0.42959254,0.590232903
256.7076725,9.49E-07,5.19E-14,1.83E+07,,0.176032996,0.42959254,0.590232651
256.7098157,9.49E-07,5.19E-14,1.83E+07,,0.176033105,0.42959254,0.590232398
256.7119589,9.49E-07,5.19E-14,1.83E+07,,0.176033213,0.42959254,0.590232146
256.714102,9.49E-07,5.19E-14,1.83E+07,,0.176033321,0.42959254,0.590231895
256.7162452,9.49E-07,5.19E-14,1.83E+07,,0.17603343,0.42959254,0.590231641
256.7183883,9.49E-07,5.19E-14,1.83E+07,,0.176033538,0.42959254,0.59023139
256.7205315,9.49E-07,5.19E-14,1.83E+07,,0.176033646,0.42959254,0.590231138
256.7226747,9.49E-07,5.19E-14,1.83E+07,,0.176033755,0.42959254,0.590230885
256.7248178,9.49E-07,5.19E-14,1.83E+07,,0.176033863,0.42959254,0.590230633
256.726961,9.49E-07,5.19E-14,1.83E+07,,0.176033972,0.42959254,0.590230379
256.7291042,9.49E-07,5.19E-14,1.83E+07,,0.17603408,0.42959254,0.590230128
256.7312473,9.49E-07,5.19E-14,1.83E+07,,0.176034188,0.42959254,0.590229877
256.7333905,9.49E-07,5.19E-14,1.83E+07,,0.176034297,0.42959254,0.590229623
256.7355336,9.49E-07,5.19E-14,1.83E+07,,0.176034405,0.42959254,0.590229371
256.7376768,9.49E-07,5.19E-14,1.83E+07,,0.176034513,0.42959254,0.59022912
256.73982,9.49E-07,5.19E-14,1.83E+07,,0.176034622,0.42959254,0.590228866
256.7419631,9.49E-07,5.19E-14,1.83E+07,,0.17603473,0.42959254,0.590228615
256.7441063,9.49E-07,5.19E-14,1.83E+07,,0.176034838,0.42959254,0.590228364
256.7462495,9.49E-07,5.19E-14,1.83E+07,,0.176034947,0.42959254,0.59022811
256.7483926,9.49E-07,5.19E-14,1.83E+07,,0.176035055,0.42959254,0.590227858
256.7505358,9.49E-07,5.19E-14,1.83E+07,,0.176035163,0.42959254,0.590227607
256.752679,9.49E-07,5.19E-14,1.83E+07,,0.176035272,0.42959254,0.590227353
256.7548221,9.49E-07,5.19E-14,1.83E+07,,0.17603538,0.42959254,0.590227102
256.7569653,9.49E-07,5.19E-14,1.83E+07,,0.176035488,0.42959254,0.59022685
256.7591084,9.49E-07,5.19E-14,1.83E+07,,0.176035597,0.42959254,0.590226597
256.7612516,9.49E-07,5.19E-14,1.83E+07,,0.176035705,0.42959254,0.590226345
256.7633948,9.49E-07,5.19E-14,1.83E+07,,0.176035813,0.42959254,0.590226094
256.7655379,9.49E-07,5.19E-14,1.83E+07,,0.176035922,0.42959254,0.59022584
256.7676811,9.49E-07,5.19E-14,1.83E+07,,0.17603603,0.42959254,0.590225589
256.7698243,9.49E-07,5.19E-14,1.83E+07,,0.176036138,0.42959254,0.590225337
256.7719674,9.49E-07,5.19E-14,1.83E+07,,0.176036247,0.42959254,0.590225084
256.7741106,9.49E-07,5.19E-14,1.83E+07,,0.176036355,0.42959254,0.590224832
256.7762538,9.49E-07,5.19E-14,1.83E+07,,0.176036464,0.42959254,0.590224579
256.7783969,9.49E-07,5.19E-14,1.83E+07,,0.176036572,0.42959254,0.590224327
256.7805401,9.49E-07,5.19E-14,1.83E+07,,0.17603668,0.42959254,0.590224076
256.7826832,9.49E-07,5.19E-14,1.83E+07,,0.176036789,0.42959254,0.590223822
256.7848264,9.49E-07,5.19E-14,1.83E+07,,0.176036897,0.42959254,0.590223571
256.7869696,9.49E-07,5.19E-14,1.83E+07,,0.176037005,0.42959254,0.590223319
256.7891127,9.49E-07,5.19E-14,1.83E+07,,0.176037114,0.42959254,0.590223065
256.7912559,9.49E-07,5.19E-14,1.83E+07,,0.176037222,0.42959254,0.590222814
256.7933991,9.49E-07,5.19E-14,1.83E+07,,0.17603733,0.42959254,0.590222563
256.7955422,9.49E-07,5.19E-14,1.83E+07,,0.176037439,0.42959254,0.590222309
256.7976854,9.49E-07,5.19E-14,1.83E+07,,0.176037547,0.42959254,0.590222058
256.7998285,9.49E-07,5.19E-14,1.83E+07,,0.176037655,0.42959254,0.590221806
256.8019717,9.49E-07,5.19E-14,1.83E+07,,0.176037764,0.42959254,0.590221552
256.8041149,9.49E-07,5.19E-14,1.83E+07,,0.176037872,0.42959254,0.590221301
256.806258,9.49E-07,5.19E-14,1.83E+07,,0.17603798,0.42959254,0.59022105
256.8084012,9.49E-07,5.19E-14,1.83E+07,,0.176038089,0.42959254,0.590220796
256.8105444,9.49E-07,5.19E-14,1.83E+07,,0.176038197,0.42959254,0.590220544
256.8126875,9.49E-07,5.19E-14,1.83E+07,,0.176038305,0.42959254,0.590220293
256.8148307,9.49E-07,5.19E-14,1.83E+07,,0.176038414,0.42959254,0.590220039
256.8169739,9.49E-07,5.19E-14,1.83E+07,,0.176038522,0.42959254,0.590219788
256.819117,9.49E-07,5.19E-14,1.83E+07,,0.17603863,0.42959254,0.590219537
256.8212602,9.49E-07,5.19E-14,1.83E+07,,0.176038739,0.42959254,0.590219283
256.8234033,9.49E-07,5.19E-14,1.83E+07,,0.176038847,0.42959254,0.590219031
256.8255465,9.49E-07,5.19E-14,1.83E+07,,0.176038956,0.42959254,0.590218778
256.8276897,9.49E-07,5.19E-14,1.83E+07,,0.176039064,0.42959254,0.590218526
256.8298328,9.49E-07,5.19E-14,1.83E+07,,0.176039172,0.42959254,0.590218275
256.831976,9.49E-07,5.19E-14,1.83E+07,,0.176039281,0.42959254,0.590218021
256.8341192,9.49E-07,5.19E-14,1.83E+07,,0.176039389,0.42959254,0.59021777
256.8362623,9.49E-07,5.19E-14,1.83E+07,,0.176039497,0.42959254,0.590217518
256.8384055,9.49E-07,5.19E-14,1.83E+07,,0.176039606,0.42959254,0.590217265
256.8405486,9.49E-07,5.19E-14,1.83E+07,,0.176039714,0.42959254,0.590217013
256.8426918,9.49E-07,5.19E-14,1.83E+07,,0.176039822,0.42959254,0.590216762
256.844835,9.49E-07,5.19E-14,1.83E+07,,0.176039931,0.42959254,0.590216508
256.8469781,9.49E-07,5.19E-14,1.83E+07,,0.176040039,0.42959254,0.590216257
256.8491213,9.49E-07,5.19E-14,1.83E+07,,0.176040147,0.42959254,0.590216005
256.8512645,9.49E-07,5.19E-14,1.83E+07,,0.176040256,0.42959254,0.590215752
256.8534076,9.49E-07,5.19E-14,1.83E+07,,0.176040364,0.42959254,0.5902155
256.8555508,9.49E-07,5.19E-14,1.83E+07,,0.176040472,0.42959254,0.590215249
256.857694,9.49E-07,5.19E-14,1.83E+07,,0.176040581,0.42959254,0.590214995
256.8598371,9.49E-07,5.19E-14,1.83E+07,,0.176040689,0.42959254,0.590214744
256.8619803,9.49E-07,5.19E-14,1.83E+07,,0.176040797,0.42959254,0.590214492
256.8641234,9.49E-07,5.19E-14,1.83E+07,,0.176040906,0.42959254,0.590214239
256.8662666,9.49E-07,5.19E-14,1.83E+07,,0.176041014,0.42959254,0.590213987
256.8684098,9.49E-07,5.19E-14,1.83E+07,,0.176041122,0.42959254,0.590213736
256.8705529,9.49E-07,5.19E-14,1.83E+07,,0.176041231,0.42959254,0.590213482
256.8726961,9.49E-07,5.19E-14,1.83E+07,,0.176041339,0.42959254,0.590213231
256.8748393,9.49E-07,5.19E-14,1.83E+07,,0.176041447,0.42959254,0.590212979
256.8769824,9.49E-07,5.19E-14,1.83E+07,,0.176041556,0.42959254,0.590212725
256.8791256,9.49E-07,5.19E-14,1.83E+07,,0.176041664,0.42959254,0.590212474
256.8812688,9.49E-07,5.19E-14,1.83E+07,,0.176041773,0.42959254,0.59021222
256.8834119,9.49E-07,5.19E-14,1.83E+07,,0.176041881,0.42959254,0.590211969
256.8855551,9.49E-07,5.19E-14,1.83E+07,,0.176041989,0.42959254,0.590211718
256.8876982,9.49E-07,5.19E-14,1.83E+07,,0.176042098,0.42959254,0.590211464
256.8898414,9.49E-07,5.19E-14,1.83E+07,,0.176042206,0.42959254,0.590211212
256.8919846,9.49E-07,5.19E-14,1.83E+07,,0.176042314,0.42959254,0.590210961
256.8941277,9.49E-07,5.19E-14,1.83E+07,,0.176042423,0.42959254,0.590210707
256.8962709,9.49E-07,5.19E-14,1.83E+07,,0.176042531,0.42959254,0.590210456
256.8984141,9.49E-07,5.19E-14,1.83E+07,,0.176042639,0.42959254,0.590210204
256.9005572,9.49E-07,5.19E-14,1.83E+07,,0.176042748,0.42959254,0.590209951
256.9027004,9.49E-07,5.19E-14,1.83E+07,,0.176042856,0.42959254,0.590209699
256.9048435,9.49E-07,5.19E-14,1.83E+07,,0.176042964,0.42959254,0.590209448
256.9069867,9.49E-07,5.19E-14,1.83E+07,,0.176043073,0.42959254,0.590209194
256.9091299,9.49E-07,5.19E-14,1.83E+07,,0.176043181,0.42959254,0.590208943
256.911273,9.49E-07,5.19E-14,1.83E+07,,0.176043289,0.42959254,0.590208691
256.9134162,9.49E-07,5.19E-14,1.83E+07,,0.176043398,0.42959254,0.590208438
256.9155594,9.49E-07,5.19E-14,1.83E+07,,0.176043506,0.42959254,0.590208186
256.9177025,9.49E-07,5.19E-14,1.83E+07,,0.176043614,0.42959254,0.590207935
256.9198457,9.49E-07,5.19E-14,1.83E+07,,0.176043723,0.42959254,0.590207681
256.9219889,9.49E-07,5.19E-14,1.83E+07,,0.176043831,0.42959254,0.59020743
256.924132,9.49E-07,5.19E-14,1.83E+07,,0.176043939,0.42959254,0.590207178
256.9262752,9.49E-07,5.19E-14,1.83E+07,,0.176044048,0.42959254,0.590206925
256.9284183,9.49E-07,5.19E-14,1.83E+07,,0.176044156,0.42959254,0.590206673
256.9305615,9.49E-07,5.19E-14,1.83E+07,,0.176044265,0.42959254,0.590206419
256.9327047,9.49E-07,5.19E-14,1.83E+07,,0.176044373,0.42959254,0.590206168
256.9348478,9.49E-07,5.19E-14,1.83E+07,,0.176044481,0.42959254,0.590205917
256.936991,9.49E-07,5.19E-14,1.83E+07,,0.17604459,0.42959254,0.590205663
256.9391342,9.49E-07,5.19E-14,1.83E+07,,0.176044698,0.42959254,0.590205412
256.9412773,9.49E-07,5.19E-14,1.83E+07,,0.176044806,0.42959254,0.59020516
256.9434205,9.49E-07,5.19E-14,1.83E+07,,0.176044915,0.42959254,0.590204906
256.9455637,9.49E-07,5.19E-14,1.83E+07,,0.176045023,0.42959254,0.590204655
256.9477068,9.49E-07,5.19E-14,1.83E+07,,0.176045131,0.42959254,0.590204404
256.94985,9.49E-07,5.19E-14,1.83E+07,,0.17604524,0.42959254,0.59020415
256.9519931,9.49E-07,5.19E-14,1.83E+07,,0.176045348,0.42959254,0.590203898
256.9541363,9.49E-07,5.19E-14,1.83E+07,,0.176045456,0.42959254,0.590203647
256.9562795,9.49E-07,5.19E-14,1.83E+07,,0.176045565,0.42959254,0.590203393
256.9584226,9.49E-07,5.19E-14,1.83E+07,,0.176045673,0.42959254,0.590203142
256.9605658,9.49E-07,5.19E-14,1.83E+07,,0.176045781,0.42959254,0.590202891
256.962709,9.49E-07,5.19E-14,1.83E+07,,0.17604589,0.42959254,0.590202637
256.9648521,9.49E-07,5.19E-14,1.83E+07,,0.176045998,0.42959254,0.590202385
256.9669953,9.49E-07,5.19E-14,1.83E+07,,0.176046106,0.42959254,0.590202134
256.9691384,9.49E-07,5.19E-14,1.83E+07,,0.176046215,0.42959254,0.59020188
256.9712816,9.49E-07,5.19E-14,1.83E+07,,0.176046323,0.42959254,0.590201629
256.9734248,9.49E-07,5.19E-14,1.83E+07,,0.176046431,0.42959254,0.590201377
256.9755679,9.49E-07,5.19E-14,1.83E+07,,0.17604654,0.42959254,0.590201124
256.9777111,9.49E-07,5.19E-14,1.83E+07,,0.176046648,0.42959254,0.590200872
256.9798543,9.49E-07,5.19E-14,1.83E+07,,0.176046757,0.42959254,0.590200619
256.9819974,9.49E-07,5.19E-14,1.83E+07,,0.176046865,0.42959254,0.590200367
256.9841406,9.49E-07,5.19E-14,1.83E+07,,0.176046973,0.42959254,0.590200116
256.9862838,9.49E-07,5.19E-14,1.83E+07,,0.176047082,0.42959254,0.590199862
256.9884269,9.49E-07,5.19E-14,1.83E+07,,0.17604719,0.42959254,0.590199611
256.9905701,9.49E-07,5.19E-14,1.83E+07,,0.176047298,0.42959254,0.590199359
256.9927132,9.49E-07,5.19E-14,1.83E+07,,0.176047407,0.42959254,0.590199106
256.9948564,9.49E-07,5.19E-14,1.83E+07,,0.176047515,0.42959254,0.590198854
256.9969996,9.49E-07,5.19E-14,1.83E+07,,0.176047623,0.42959254,0.590198603
256.9991427,9.49E-07,5.19E-14,1.83E+07,,0.176047732,0.42959254,0.590198349
257.0012859,9.49E-07,5.19E-14,1.83E+07,,0.176047831,0.42959254,0.590198119
257.0034291,9.49E-07,5.19E-14,1.83E+07,,0.176047925,0.42959254,0.5901979
257.0055722,9.49E-07,5.19E-14,1.83E+07,,0.17604802,0.42959254,0.590197679
257.0077154,9.49E-07,5.19E-14,1.83E+07,,0.176048114,0.42959254,0.59019746
257.0098586,9.49E-07,5.19E-14,1.83E+07,,0.176048208,0.42959254,0.590197241
257.0120017,9.49E-07,5.19E-14,1.83E+07,,0.176048302,0.42959254,0.590197022
257.0141449,9.49E-07,5.19E-14,1.83E+07,,0.176048396,0.42959254,0.590196803
257.016288,9.49E-07,5.19E-14,1.83E+07,,0.17604849,0.42959254,0.590196585
257.0184312,9.49E-07,5.19E-14,1.83E+07,,0.176048584,0.42959254,0.590196366
257.0205744,9.49E-07,5.19E-14,1.83E+07,,0.176048678,0.42959254,0.590196147
257.0227175,9.49E-07,5.19E-14,1.83E+07,,0.176048772,0.42959254,0.590195928
257.0248607,9.49E-07,5.19E-14,1.83E+07,,0.176048866,0.42959254,0.590195709
257.0270039,9.49E-07,5.19E-14,1.83E+07,,0.17604896,0.42959254,0.590195491
257.029147,9.49E-07,5.19E-14,1.83E+07,,0.176049054,0.42959254,0.590195272
257.0312902,9.49E-07,5.19E-14,1.83E+07,,0.176049148,0.42959254,0.590195053
257.0334333,9.49E-07,5.19E-14,1.83E+07,,0.176049242,0.42959254,0.590194834
257.0355765,9.49E-07,5.19E-14,1.83E+07,,0.176049336,0.42959254,0.590194615
257.0377197,9.49E-07,5.19E-14,1.83E+07,,0.17604943,0.42959254,0.590194396
257.0398628,9.49E-07,5.19E-14,1.83E+07,,0.176049524,0.42959254,0.590194178
257.042006,9.49E-07,5.19E-14,1.83E+07,,0.176049618,0.42959254,0.590193959
257.0441492,9.49E-07,5.19E-14,1.83E+07,,0.176049712,0.42959254,0.59019374
257.0462923,9.49E-07,5.19E-14,1.83E+07,,0.176049806,0.42959254,0.590193521
257.0484355,9.49E-07,5.19E-14,1.83E+07,,0.1760499,0.42959254,0.590193302
257.0505787,9.49E-07,5.19E-14,1.83E+07,,0.176049994,0.42959254,0.590193084
257.0527218,9.49E-07,5.19E-14,1.83E+07,,0.176050088,0.42959254,0.590192865
257.054865,9.49E-07,5.19E-14,1.83E+07,,0.176050182,0.42959254,0.590192646
257.0570081,9.49E-07,5.19E-14,1.83E+07,,0.176050276,0.42959254,0.590192427
257.0591513,9.49E-07,5.19E-14,1.83E+07,,0.176050371,0.42959254,0.590192206
257.0612945,9.49E-07,5.19E-14,1.83E+07,,0.176050465,0.42959254,0.590191987
257.0634376,9.49E-07,5.19E-14,1.83E+07,,0.176050559,0.42959254,0.590191768
257.0655808,9.49E-07,5.19E-14,1.83E+07,,0.176050653,0.42959254,0.59019155
257.067724,9.49E-07,5.19E-14,1.83E+07,,0.176050747,0.42959254,0.590191331
257.0698671,9.49E-07,5.19E-14,1.83E+07,,0.176050841,0.42959254,0.590191112
257.0720103,9.49E-07,5.19E-14,1.83E+07,,0.176050935,0.42959254,0.590190893
257.0741535,9.49E-07,5.19E-14,1.83E+07,,0.176051029,0.42959254,0.590190674
257.0762966,9.49E-07,5.19E-14,1.83E+07,,0.176051123,0.42959254,0.590190456
257.0784398,9.49E-07,5.19E-14,1.83E+07,,0.176051217,0.42959254,0.590190237
257.0805829,9.49E-07,5.19E-14,1.83E+07,,0.176051311,0.42959254,0.590190018
257.0827261,9.49E-07,5.19E-14,1.83E+07,,0.176051405,0.42959254,0.590189799
257.0848693,9.49E-07,5.19E-14,1.83E+07,,0.176051499,0.42959254,0.59018958
257.0870124,9.49E-07,5.19E-14,1.83E+07,,0.176051593,0.42959254,0.590189361
257.0891556,9.49E-07,5.19E-14,1.83E+07,,0.176051687,0.42959254,0.590189143
257.0912988,9.49E-07,5.19E-14,1.83E+07,,0.176051781,0.42959254,0.590188924
257.0934419,9.49E-07,5.19E-14,1.83E+07,,0.176051875,0.42959254,0.590188705
257.0955851,9.49E-07,5.19E-14,1.83E+07,,0.176051969,0.42959254,0.590188486
257.0977282,9.49E-07,5.19E-14,1.83E+07,,0.176052063,0.42959254,0.590188267
257.0998714,9.49E-07,5.19E-14,1.83E+07,,0.176052157,0.42959254,0.590188049
257.1020146,9.49E-07,5.19E-14,1.83E+07,,0.176052251,0.42959254,0.59018783
257.1041577,9.49E-07,5.19E-14,1.83E+07,,0.176052345,0.42959254,0.590187611
257.1063009,9.49E-07,5.19E-14,1.83E+07,,0.176052439,0.42959254,0.590187392
257.1084441,9.49E-07,5.19E-14,1.83E+07,,0.176052533,0.42959254,0.590187173
257.1105872,9.49E-07,5.19E-14,1.83E+07,,0.176052627,0.42959254,0.590186955
257.1127304,9.49E-07,5.19E-14,1.83E+07,,0.176052721,0.42959254,0.590186736
257.1148736,9.49E-07,5.19E-14,1.83E+07,,0.176052816,0.42959254,0.590186515
257.1170167,9.49E-07,5.19E-14,1.83E+07,,0.17605291,0.42959254,0.590186296
257.1191599,9.49E-07,5.19E-14,1.83E+07,,0.176053004,0.42959254,0.590186077
257.121303,9.49E-07,5.19E-14,1.83E+07,,0.176053098,0.42959254,0.590185858
257.1234462,9.49E-07,5.19E-14,1.83E+07,,0.176053192,0.42959254,0.590185639
257.1255894,9.49E-07,5.19E-14,1.83E+07,,0.176053286,0.42959254,0.590185421
257.1277325,9.49E-07,5.19E-14,1.83E+07,,0.17605338,0.42959254,0.590185202
257.1298757,9.49E-07,5.19E-14,1.83E+07,,0.176053474,0.42959254,0.590184983
257.1320189,9.49E-07,5.19E-14,1.83E+07,,0.176053568,0.42959254,0.590184764
257.134162,9.49E-07,5.19E-14,1.83E+07,,0.176053662,0.42959254,0.590184545
257.1363052,9.49E-07,5.19E-14,1.83E+07,,0.176053756,0.42959254,0.590184326
257.1384483,9.49E-07,5.19E-14,1.83E+07,,0.17605385,0.42959254,0.590184108
257.1405915,9.49E-07,5.19E-14,1.83E+07,,0.176053944,0.42959254,0.590183889
257.1427347,9.49E-07,5.19E-14,1.83E+07,,0.176054038,0.42959254,0.59018367
257.1448778,9.49E-07,5.19E-14,1.83E+07,,0.176054132,0.42959254,0.590183451
257.147021,9.49E-07,5.19E-14,1.83E+07,,0.176054226,0.42959254,0.590183232
257.1491642,9.49E-07,5.19E-14,1.83E+07,,0.17605432,0.42959254,0.590183014
257.1513073,9.49E-07,5.19E-14,1.83E+07,,0.176054414,0.42959254,0.590182795
257.1534505,9.49E-07,5.19E-14,1.83E+07,,0.176054508,0.42959254,0.590182576
257.1555937,9.49E-07,5.19E-14,1.83E+07,,0.176054602,0.42959254,0.590182357
257.1577368,9.49E-07,5.19E-14,1.83E+07,,0.176054696,0.42959254,0.590182138
257.15988,9.49E-07,5.19E-14,1.83E+07,,0.17605479,0.42959254,0.59018192
257.1620231,9.49E-07,5.19E-14,1.83E+07,,0.176054884,0.42959254,0.590181701
257.1641663,9.49E-07,5.19E-14,1.83E+07,,0.176054978,0.42959254,0.590181482
257.1663095,9.49E-07,5.19E-14,1.83E+07,,0.176055072,0.42959254,0.590181263
257.1684526,9.49E-07,5.19E-14,1.83E+07,,0.176055167,0.42959254,0.590181042
257.1705958,9.49E-07,5.19E-14,1.83E+07,,0.176055261,0.42959254,0.590180823
257.172739,9.49E-07,5.19E-14,1.83E+07,,0.176055355,0.42959254,0.590180604
257.1748821,9.49E-07,5.19E-14,1.83E+07,,0.176055449,0.42959254,0.590180386
257.1770253,9.49E-07,5.19E-14,1.83E+07,,0.176055543,0.42959254,0.590180167
257.1791685,9.49E-07,5.19E-14,1.83E+07,,0.176055637,0.42959254,0.590179948
257.1813116,9.49E-07,5.19E-14,1.83E+07,,0.176055731,0.42959254,0.590179729
257.1834548,9.49E-07,5.19E-14,1.83E+07,,0.176055825,0.42959254,0.59017951
257.1855979,9.49E-07,5.19E-14,1.83E+07,,0.176055919,0.42959254,0.590179291
257.1877411,9.49E-07,5.19E-14,1.83E+07,,0.176056013,0.42959254,0.590179073
257.1898843,9.49E-07,5.19E-14,1.83E+07,,0.176056107,0.42959254,0.590178854
257.1920274,9.49E-07,5.19E-14,1.83E+07,,0.176056201,0.42959254,0.590178635
257.1941706,9.49E-07,5.19E-14,1.83E+07,,0.176056295,0.42959254,0.590178416
257.1963138,9.49E-07,5.19E-14,1.83E+07,,0.176056389,0.42959254,0.590178197
257.1984569,9.49E-07,5.19E-14,1.83E+07,,0.176056483,0.42959254,0.590177979
257.2006001,9.49E-07,5.19E-14,1.83E+07,,0.176056577,0.42959254,0.59017776
257.2027432,9.49E-07,5.19E-14,1.83E+07,,0.176056671,0.42959254,0.590177541
257.2048864,9.49E-07,5.19E-14,1.83E+07,,0.176056765,0.42959254,0.590177322
257.2070296,9.49E-07,5.19E-14,1.83E+07,,0.176056859,0.42959254,0.590177103
257.2091727,9.49E-07,5.19E-14,1.83E+07,,0.176056953,0.42959254,0.590176885
257.2113159,9.49E-07,5.19E-14,1.83E+07,,0.176057047,0.42959254,0.590176666
257.2134591,9.49E-07,5.19E-14,1.83E+07,,0.176057141,0.42959254,0.590176447
257.2156022,9.49E-07,5.19E-14,1.83E+07,,0.176057235,0.42959254,0.590176228
257.2177454,9.49E-07,5.19E-14,1.83E+07,,0.176057329,0.42959254,0.590176009
257.2198886,9.49E-07,5.19E-14,1.83E+07,,0.176057423,0.42959254,0.59017579
257.2220317,9.49E-07,5.19E-14,1.83E+07,,0.176057518,0.42959254,0.590175569
257.2241749,9.49E-07,5.19E-14,1.83E+07,,0.176057612,0.42959254,0.59017535
257.226318,9.49E-07,5.19E-14,1.83E+07,,0.176057706,0.42959254,0.590175132
257.2284612,9.49E-07,5.19E-14,1.83E+07,,0.1760578,0.42959254,0.590174913
257.2306044,9.49E-07,5.19E-14,1.83E+07,,0.176057894,0.42959254,0.590174694
257.2327475,9.49E-07,5.19E-14,1.83E+07,,0.176057988,0.42959254,0.590174475
257.2348907,9.49E-07,5.19E-14,1.83E+07,,0.176058082,0.42959254,0.590174256
257.2370339,9.49E-07,5.19E-14,1.83E+07,,0.176058176,0.42959254,0.590174038
257.239177,9.49E-07,5.19E-14,1.83E+07,,0.17605827,0.42959254,0.590173819
257.2413202,9.49E-07,5.19E-14,1.83E+07,,0.176058364,0.42959254,0.5901736
257.2434634,9.49E-07,5.19E-14,1.83E+07,,0.176058458,0.42959254,0.590173381
257.2456065,9.49E-07,5.19E-14,1.83E+07,,0.176058552,0.42959254,0.590173162
257.2477497,9.49E-07,5.19E-14,1.83E+07,,0.176058646,0.42959254,0.590172944
257.2498928,9.49E-07,5.19E-14,1.83E+07,,0.17605874,0.42959254,0.590172725
257.252036,9.49E-07,5.19E-14,1.83E+07,,0.176058834,0.42959254,0.590172506
257.2541792,9.49E-07,5.19E-14,1.83E+07,,0.176058928,0.42959254,0.590172287
257.2563223,9.49E-07,5.19E-14,1.83E+07,,0.176059022,0.42959254,0.590172068
257.2584655,9.49E-07,5.19E-14,1.83E+07,,0.176059116,0.42959254,0.59017185
257.2606087,9.49E-07,5.19E-14,1.83E+07,,0.17605921,0.42959254,0.590171631
257.2627518,9.49E-07,5.19E-14,1.83E+07,,0.176059304,0.42959254,0.590171412
257.264895,9.49E-07,5.19E-14,1.83E+07,,0.176059398,0.42959254,0.590171193
257.2670381,9.49E-07,5.19E-14,1.83E+07,,0.176059492,0.42959254,0.590170974
257.2691813,9.49E-07,5.19E-14,1.83E+07,,0.176059586,0.42959254,0.590170755
257.2713245,9.49E-07,5.19E-14,1.83E+07,,0.17605968,0.42959254,0.590170537
257.2734676,9.49E-07,5.19E-14,1.83E+07,,0.176059774,0.42959254,0.590170318
257.2756108,9.49E-07,5.19E-14,1.83E+07,,0.176059869,0.42959254,0.590170097
257.277754,9.49E-07,5.19E-14,1.83E+07,,0.176059963,0.42959254,0.590169878
257.2798971,9.49E-07,5.19E-14,1.83E+07,,0.176060057,0.42959254,0.590169659
257.2820403,9.49E-07,5.19E-14,1.83E+07,,0.176060151,0.42959254,0.59016944
257.2841835,9.49E-07,5.19E-14,1.83E+07,,0.176060245,0.42959254,0.590169221
257.2863266,9.49E-07,5.19E-14,1.83E+07,,0.176060339,0.42959254,0.590169003
257.2884698,9.49E-07,5.19E-14,1.83E+07,,0.176060433,0.42959254,0.590168784
257.2906129,9.49E-07,5.19E-14,1.83E+07,,0.176060527,0.42959254,0.590168565
257.2927561,9.49E-07,5.19E-14,1.83E+07,,0.176060621,0.42959254,0.590168346
257.2948993,9.49E-07,5.19E-14,1.83E+07,,0.176060715,0.42959254,0.590168127
257.2970424,9.49E-07,5.19E-14,1.83E+07,,0.176060809,0.42959254,0.590167909
257.2991856,9.49E-07,5.19E-14,1.83E+07,,0.176060903,0.42959254,0.59016769
257.3013288,9.49E-07,5.19E-14,1.83E+07,,0.176060997,0.42959254,0.590167471
257.3034719,9.49E-07,5.19E-14,1.83E+07,,0.176061091,0.42959254,0.590167252
257.3056151,9.49E-07,5.19E-14,1.83E+07,,0.176061185,0.42959254,0.590167033
257.3077583,9.49E-07,5.19E-14,1.83E+07,,0.176061279,0.42959254,0.590166815
257.3099014,9.49E-07,5.19E-14,1.83E+07,,0.176061373,0.42959254,0.590166596
257.3120446,9.49E-07,5.19E-14,1.83E+07,,0.176061467,0.42959254,0.590166377
257.3141877,9.49E-07,5.19E-14,1.83E+07,,0.176061561,0.42959254,0.590166158
257.3163309,9.49E-07,5.19E-14,1.83E+07,,0.176061655,0.42959254,0.590165939
257.3184741,9.49E-07,5.19E-14,1.83E+07,,0.176061749,0.42959254,0.59016572
257.3206172,9.49E-07,5.19E-14,1.83E+07,,0.176061843,0.42959254,0.590165502
257.3227604,9.49E-07,5.19E-14,1.83E+07,,0.176061937,0.42959254,0.590165283
257.3249036,9.49E-07,5.19E-14,1.83E+07,,0.176062031,0.42959254,0.590165064
257.3270467,9.49E-07,5.19E-14,1.83E+07,,0.176062125,0.42959254,0.590164845
257.3291899,9.49E-07,5.19E-14,1.83E+07,,0.17606222,0.42959254,0.590164624
257.331333,9.49E-07,5.19E-14,1.83E+07,,0.176062314,0.42959254,0.590164405
257.3334762,9.49E-07,5.19E-14,1.83E+07,,0.176062408,0.42959254,0.590164186
257.3356194,9.49E-07,5.19E-14,1.83E+07,,0.176062502,0.42959254,0.590163968
257.3377625,9.49E-07,5.19E-14,1.83E+07,,0.176062596,0.42959254,0.590163749
257.3399057,9.49E-07,5.19E-14,1.83E+07,,0.17606269,0.42959254,0.59016353
257.3420489,9.49E-07,5.19E-14,1.83E+07,,0.176062784,0.42959254,0.590163311
257.344192,9.49E-07,5.19E-14,1.83E+07,,0.176062878,0.42959254,0.590163092
257.3463352,9.49E-07,5.19E-14,1.83E+07,,0.176062972,0.42959254,0.590162874
257.3484784,9.49E-07,5.19E-14,1.83E+07,,0.176063066,0.42959254,0.590162655
257.3506215,9.49E-07,5.19E-14,1.83E+07,,0.17606316,0.42959254,0.590162436
257.3527647,9.49E-07,5.19E-14,1.83E+07,,0.176063254,0.42959254,0.590162217
257.3549078,9.49E-07,5.19E-14,1.83E+07,,0.176063348,0.42959254,0.590161998
257.357051,9.49E-07,5.19E-14,1.83E+07,,0.176063442,0.42959254,0.590161779
257.3591942,9.49E-07,5.19E-14,1.83E+07,,0.176063536,0.42959254,0.590161561
257.3613373,9.49E-07,5.19E-14,1.83E+07,,0.17606363,0.42959254,0.590161342
257.3634805,9.49E-07,5.19E-14,1.83E+07,,0.176063724,0.42959254,0.590161123
257.3656237,9.49E-07,5.19E-14,1.83E+07,,0.176063818,0.42959254,0.590160904
257.3677668,9.49E-07,5.19E-14,1.83E+07,,0.176063912,0.42959254,0.590160685
257.36991,9.49E-07,5.19E-14,1.83E+07,,0.176064006,0.42959254,0.590160467
257.3720532,9.49E-07,5.19E-14,1.83E+07,,0.1760641,0.42959254,0.590160248
257.3741963,9.49E-07,5.19E-14,1.83E+07,,0.176064194,0.42959254,0.590160029
257.3763395,9.49E-07,5.19E-14,1.83E+07,,0.176064288,0.42959254,0.59015981
257.3784826,9.49E-07,5.19E-14,1.83E+07,,0.176064382,0.42959254,0.590159591
257.3806258,9.49E-07,5.19E-14,1.83E+07,,0.176064476,0.42959254,0.590159373
257.382769,9.49E-07,5.19E-14,1.83E+07,,0.176064571,0.42959254,0.590159151
257.3849121,9.49E-07,5.19E-14,1.83E+07,,0.176064665,0.42959254,0.590158933
257.3870553,9.49E-07,5.19E-14,1.83E+07,,0.176064759,0.42959254,0.590158714
257.3891985,9.49E-07,5.19E-14,1.83E+07,,0.176064853,0.42959254,0.590158495
257.3913416,9.49E-07,5.19E-14,1.83E+07,,0.176064947,0.42959254,0.590158276
257.3934848,9.49E-07,5.19E-14,1.83E+07,,0.176065041,0.42959254,0.590158057
257.3956279,9.49E-07,5.19E-14,1.83E+07,,0.176065135,0.42959254,0.590157839
257.3977711,9.49E-07,5.19E-14,1.83E+07,,0.176065229,0.42959254,0.59015762
257.3999143,9.49E-07,5.19E-14,1.83E+07,,0.176065323,0.42959254,0.590157401
257.4020574,9.49E-07,5.19E-14,1.83E+07,,0.176065417,0.42959254,0.590157182
257.4042006,9.49E-07,5.19E-14,1.83E+07,,0.176065511,0.42959254,0.590156963
257.4063438,9.49E-07,5.19E-14,1.83E+07,,0.176065605,0.42959254,0.590156744
257.4084869,9.49E-07,5.19E-14,1.83E+07,,0.176065699,0.42959254,0.590156526
257.4106301,9.49E-07,5.19E-14,1.83E+07,,0.176065793,0.42959254,0.590156307
257.4127733,9.49E-07,5.19E-14,1.83E+07,,0.176065887,0.42959254,0.590156088
257.4149164,9.49E-07,5.19E-14,1.83E+07,,0.176065981,0.42959254,0.590155869
257.4170596,9.49E-07,5.19E-14,1.83E+07,,0.176066075,0.42959254,0.59015565
257.4192027,9.49E-07,5.19E-14,1.83E+07,,0.176066169,0.42959254,0.590155432
257.4213459,9.49E-07,5.19E-14,1.83E+07,,0.176066263,0.42959254,0.590155213
257.4234891,9.49E-07,5.19E-14,1.83E+07,,0.176066357,0.42959254,0.590154994
257.4256322,9.49E-07,5.19E-14,1.83E+07,,0.176066451,0.42959254,0.590154775
257.4277754,9.49E-07,5.19E-14,1.83E+07,,0.176066545,0.42959254,0.590154556
257.4299186,9.49E-07,5.19E-14,1.83E+07,,0.176066639,0.42959254,0.590154338
257.4320617,9.49E-07,5.19E-14,1.83E+07,,0.176066733,0.42959254,0.590154119
257.4342049,9.49E-07,5.19E-14,1.83E+07,,0.176066827,0.42959254,0.5901539
257.436348,9.49E-07,5.19E-14,1.83E+07,,0.176066922,0.42959254,0.590153679
257.4384912,9.49E-07,5.19E-14,1.83E+07,,0.176067016,0.42959254,0.59015346
257.4406344,9.49E-07,5.19E-14,1.83E+07,,0.17606711,0.42959254,0.590153241
257.4427775,9.49E-07,5.19E-14,1.83E+07,,0.176067204,0.42959254,0.590153022
257.4449207,9.49E-07,5.19E-14,1.83E+07,,0.176067298,0.42959254,0.590152804
257.4470639,9.49E-07,5.19E-14,1.83E+07,,0.176067392,0.42959254,0.590152585
257.449207,9.49E-07,5.19E-14,1.83E+07,,0.176067486,0.42959254,0.590152366
257.4513502,9.49E-07,5.19E-14,1.83E+07,,0.17606758,0.42959254,0.590152147
257.4534934,9.49E-07,5.19E-14,1.83E+07,,0.176067674,0.42959254,0.590151928
257.4556365,9.49E-07,5.19E-14,1.83E+07,,0.176067768,0.42959254,0.590151709
257.4577797,9.49E-07,5.19E-14,1.83E+07,,0.176067862,0.42959254,0.590151491
257.4599228,9.49E-07,5.19E-14,1.83E+07,,0.176067956,0.42959254,0.590151272
257.462066,9.49E-07,5.19E-14,1.83E+07,,0.17606805,0.42959254,0.590151053
257.4642092,9.49E-07,5.19E-14,1.83E+07,,0.176068144,0.42959254,0.590150834
257.4663523,9.49E-07,5.19E-14,1.83E+07,,0.176068238,0.42959254,0.590150615
257.4684955,9.49E-07,5.19E-14,1.83E+07,,0.176068332,0.42959254,0.590150397
257.4706387,9.49E-07,5.19E-14,1.83E+07,,0.176068426,0.42959254,0.590150178
257.4727818,9.48E-07,5.19E-14,1.83E+07,,0.17606852,0.42959254,0.590149959
257.474925,9.48E-07,5.19E-14,1.83E+07,,0.176068614,0.42959254,0.59014974
257.4770682,9.48E-07,5.19E-14,1.83E+07,,0.176068708,0.42959254,0.590149521
257.4792113,9.48E-07,5.19E-14,1.83E+07,,0.176068802,0.42959254,0.590149303
257.4813545,9.48E-07,5.19E-14,1.83E+07,,0.176068896,0.42959254,0.590149084
257.4834976,9.48E-07,5.19E-14,1.83E+07,,0.17606899,0.42959254,0.590148865
257.4856408,9.48E-07,5.19E-14,1.83E+07,,0.176069084,0.42959254,0.590148646
257.487784,9.48E-07,5.19E-14,1.83E+07,,0.176069178,0.42959254,0.590148427
257.4899271,9.48E-07,5.19E-14,1.83E+07,,0.176069273,0.42959254,0.590148206
257.4920703,9.48E-07,5.19E-14,1.83E+07,,0.176069367,0.42959254,0.590147987
257.4942135,9.48E-07,5.19E-14,1.83E+07,,0.176069461,0.42959254,0.590147769
257.4963566,9.48E-07,5.19E-14,1.83E+07,,0.176069555,0.42959254,0.59014755
257.4984998,9.48E-07,5.19E-14,1.83E+07,,0.176069649,0.42959254,0.590147331
257.5006429,9.48E-07,5.19E-14,1.83E+07,,0.176069743,0.42959254,0.590147112
257.5027861,9.48E-07,5.19E-14,1.83E+07,,0.176069837,0.42959254,0.590146893
257.5049293,9.48E-07,5.19E-14,1.83E+07,,0.176069931,0.42959254,0.590146674
257.5070724,9.48E-07,5.19E-14,1.83E+07,,0.176070025,0.42959254,0.590146456
257.5092156,9.48E-07,5.19E-14,1.83E+07,,0.176070119,0.42959254,0.590146237
257.5113588,9.48E-07,5.19E-14,1.83E+07,,0.176070213,0.42959254,0.590146018
257.5135019,9.48E-07,5.19E-14,1.83E+07,,0.176070307,0.42959254,0.590145799
257.5156451,9.48E-07,5.19E-14,1.83E+07,,0.176070401,0.42959254,0.59014558
257.5177883,9.48E-07,5.19E-14,1.83E+07,,0.176070495,0.42959254,0.590145362
257.5199314,9.48E-07,5.19E-14,1.83E+07,,0.176070589,0.42959254,0.590145143
257.5220746,9.48E-07,5.19E-14,1.83E+07,,0.176070683,0.42959254,0.590144924
257.5242177,9.48E-07,5.19E-14,1.83E+07,,0.176070777,0.42959254,0.590144705
257.5263609,9.48E-07,5.19E-14,1.83E+07,,0.176070871,0.42959254,0.590144486
257.5285041,9.48E-07,5.19E-14,1.83E+07,,0.176070965,0.42959254,0.590144268
257.5306472,9.48E-07,5.19E-14,1.83E+07,,0.176071059,0.42959254,0.590144049
257.5327904,9.48E-07,5.19E-14,1.83E+07,,0.176071153,0.42959254,0.59014383
257.5349336,9.48E-07,5.19E-14,1.83E+07,,0.176071247,0.42959254,0.590143611
257.5370767,9.48E-07,5.19E-14,1.83E+07,,0.176071341,0.42959254,0.590143392
257.5392199,9.48E-07,5.19E-14,1.83E+07,,0.176071435,0.42959254,0.590143173
257.5413631,9.48E-07,5.19E-14,1.83E+07,,0.176071529,0.42959254,0.590142955
257.5435062,9.48E-07,5.19E-14,1.83E+07,,0.176071624,0.42959254,0.590142734
257.5456494,9.48E-07,5.19E-14,1.83E+07,,0.176071718,0.42959254,0.590142515
257.5477925,9.48E-07,5.19E-14,1.83E+07,,0.176071812,0.42959254,0.590142296
257.5499357,9.48E-07,5.19E-14,1.83E+07,,0.176071906,0.42959254,0.590142077
257.5520789,9.48E-07,5.19E-14,1.83E+07,,0.176072,0.42959254,0.590141858
257.554222,9.48E-07,5.19E-14,1.83E+07,,0.176072094,0.42959254,0.590141639
257.5563652,9.48E-07,5.19E-14,1.83E+07,,0.176072188,0.42959254,0.590141421
257.5585084,9.48E-07,5.19E-14,1.83E+07,,0.176072282,0.42959254,0.590141202
257.5606515,9.48E-07,5.19E-14,1.83E+07,,0.176072376,0.42959254,0.590140983
257.5627947,9.48E-07,5.19E-14,1.83E+07,,0.17607247,0.42959254,0.590140764
257.5649378,9.48E-07,5.19E-14,1.83E+07,,0.176072564,0.42959254,0.590140545
257.567081,9.48E-07,5.19E-14,1.83E+07,,0.176072658,0.42959254,0.590140327
257.5692242,9.48E-07,5.19E-14,1.83E+07,,0.176072752,0.42959254,0.590140108
257.5713673,9.48E-07,5.19E-14,1.83E+07,,0.176072846,0.42959254,0.590139889
257.5735105,9.48E-07,5.19E-14,1.83E+07,,0.17607294,0.42959254,0.59013967
257.5756537,9.48E-07,5.19E-14,1.83E+07,,0.176073034,0.42959254,0.590139451
257.5777968,9.48E-07,5.19E-14,1.83E+07,,0.176073128,0.42959254,0.590139233
257.57994,9.48E-07,5.19E-14,1.83E+07,,0.176073222,0.42959254,0.590139014
257.5820832,9.48E-07,5.19E-14,1.83E+07,,0.176073316,0.42959254,0.590138795
257.5842263,9.48E-07,5.19E-14,1.83E+07,,0.17607341,0.42959254,0.590138576
257.5863695,9.48E-07,5.19E-14,1.83E+07,,0.176073504,0.42959254,0.590138357
257.5885126,9.48E-07,5.19E-14,1.83E+07,,0.176073598,0.42959254,0.590138138
257.5906558,9.48E-07,5.19E-14,1.83E+07,,0.176073692,0.42959254,0.59013792
257.592799,9.48E-07,5.19E-14,1.83E+07,,0.176073786,0.42959254,0.590137701
257.5949421,9.48E-07,5.19E-14,1.83E+07,,0.17607388,0.42959254,0.590137482
257.5970853,9.48E-07,5.19E-14,1.83E+07,,0.176073975,0.42959254,0.590137261
257.5992285,9.48E-07,5.19E-14,1.83E+07,,0.176074069,0.42959254,0.590137042
257.6013716,9.48E-07,5.19E-14,1.83E+07,,0.176074163,0.42959254,0.590136823
257.6035148,9.48E-07,5.19E-14,1.83E+07,,0.176074257,0.42959254,0.590136604
257.605658,9.48E-07,5.19E-14,1.83E+07,,0.176074351,0.42959254,0.590136386
257.6078011,9.48E-07,5.19E-14,1.83E+07,,0.176074445,0.42959254,0.590136167
257.6099443,9.48E-07,5.19E-14,1.83E+07,,0.176074539,0.42959254,0.590135948
257.6120874,9.48E-07,5.19E-14,1.83E+07,,0.176074633,0.42959254,0.590135729
257.6142306,9.48E-07,5.19E-14,1.83E+07,,0.176074727,0.42959254,0.59013551
257.6163738,9.48E-07,5.19E-14,1.83E+07,,0.176074821,0.42959254,0.590135292
257.6185169,9.48E-07,5.19E-14,1.83E+07,,0.176074915,0.42959254,0.590135073
257.6206601,9.48E-07,5.19E-14,1.83E+07,,0.176075009,0.42959254,0.590134854
257.6228033,9.48E-07,5.19E-14,1.83E+07,,0.176075103,0.42959254,0.590134635
257.6249464,9.48E-07,5.19E-14,1.83E+07,,0.176075197,0.42959254,0.590134416
257.6270896,9.48E-07,5.19E-14,1.83E+07,,0.176075291,0.42959254,0.590134198
257.6292327,9.48E-07,5.19E-14,1.83E+07,,0.176075385,0.42959254,0.590133979
257.6313759,9.48E-07,5.19E-14,1.83E+07,,0.176075479,0.42959254,0.59013376
257.6335191,9.48E-07,5.19E-14,1.83E+07,,0.176075573,0.42959254,0.590133541
257.6356622,9.48E-07,5.19E-14,1.83E+07,,0.176075667,0.42959254,0.590133322
257.6378054,9.48E-07,5.19E-14,1.83E+07,,0.176075761,0.42959254,0.590133103
257.6399486,9.48E-07,5.19E-14,1.83E+07,,0.176075855,0.42959254,0.590132885
257.6420917,9.48E-07,5.19E-14,1.83E+07,,0.176075949,0.42959254,0.590132666
257.6442349,9.48E-07,5.19E-14,1.83E+07,,0.176076043,0.42959254,0.590132447
257.6463781,9.48E-07,5.19E-14,1.83E+07,,0.176076137,0.42959254,0.590132228
257.6485212,9.48E-07,5.19E-14,1.83E+07,,0.176076231,0.42959254,0.590132009
257.6506644,9.48E-07,5.19E-14,1.83E+07,,0.176076326,0.42959254,0.590131788
257.6528075,9.48E-07,5.19E-14,1.83E+07,,0.17607642,0.42959254,0.590131569
257.6549507,9.48E-07,5.19E-14,1.83E+07,,0.176076514,0.42959254,0.590131351
257.6570939,9.48E-07,5.19E-14,1.83E+07,,0.176076608,0.42959254,0.590131132
257.659237,9.48E-07,5.19E-14,1.83E+07,,0.176076702,0.42959254,0.590130913
257.6613802,9.48E-07,5.19E-14,1.83E+07,,0.176076796,0.42959254,0.590130694
257.6635234,9.48E-07,5.19E-14,1.83E+07,,0.17607689,0.42959254,0.590130475
257.6656665,9.48E-07,5.19E-14,1.83E+07,,0.176076984,0.42959254,0.590130257
257.6678097,9.48E-07,5.19E-14,1.83E+07,,0.176077078,0.42959254,0.590130038
257.6699529,9.48E-07,5.19E-14,1.83E+07,,0.176077172,0.42959254,0.590129819
257.672096,9.48E-07,5.19E-14,1.83E+07,,0.176077266,0.42959254,0.5901296
257.6742392,9.48E-07,5.19E-14,1.83E+07,,0.17607736,0.42959254,0.590129381
257.6763823,9.48E-07,5.19E-14,1.83E+07,,0.176077454,0.42959254,0.590129163
257.6785255,9.48E-07,5.19E-14,1.83E+07,,0.176077548,0.42959254,0.590128944
257.6806687,9.48E-07,5.19E-14,1.83E+07,,0.176077642,0.42959254,0.590128725
257.6828118,9.48E-07,5.19E-14,1.83E+07,,0.176077736,0.42959254,0.590128506
257.684955,9.48E-07,5.19E-14,1.83E+07,,0.17607783,0.42959254,0.590128287
257.6870982,9.48E-07,5.19E-14,1.83E+07,,0.176077924,0.42959254,0.590128068
257.6892413,9.48E-07,5.19E-14,1.83E+07,,0.176078018,0.42959254,0.59012785
257.6913845,9.48E-07,5.19E-14,1.83E+07,,0.176078112,0.42959254,0.590127631
257.6935276,9.48E-07,5.19E-14,1.83E+07,,0.176078206,0.42959254,0.590127412
257.6956708,9.48E-07,5.19E-14,1.83E+07,,0.1760783,0.42959254,0.590127193
257.697814,9.48E-07,5.19E-14,1.83E+07,,0.176078394,0.42959254,0.590126974
257.6999571,9.48E-07,5.19E-14,1.83E+07,,0.176078488,0.42959254,0.590126756
257.7021003,9.48E-07,5.19E-14,1.83E+07,,0.176078582,0.42959254,0.590126537
257.7042435,9.48E-07,5.19E-14,1.83E+07,,0.176078676,0.42959254,0.590126318
257.7063866,9.48E-07,5.19E-14,1.83E+07,,0.176078771,0.42959254,0.590126097
257.7085298,9.48E-07,5.19E-14,1.83E+07,,0.176078865,0.42959254,0.590125878
257.710673,9.48E-07,5.19E-14,1.83E+07,,0.176078959,0.42959254,0.590125659
257.7128161,9.48E-07,5.19E-14,1.83E+07,,0.176079053,0.42959254,0.59012544
257.7149593,9.48E-07,5.19E-14,1.83E+07,,0.176079147,0.42959254,0.590125222
257.7171024,9.48E-07,5.19E-14,1.83E+07,,0.176079241,0.42959254,0.590125003
257.7192456,9.48E-07,5.19E-14,1.83E+07,,0.176079335,0.42959254,0.590124784
257.7213888,9.48E-07,5.19E-14,1.83E+07,,0.176079429,0.42959254,0.590124565
257.7235319,9.48E-07,5.19E-14,1.83E+07,,0.176079523,0.42959254,0.590124346
257.7256751,9.48E-07,5.19E-14,1.83E+07,,0.176079617,0.42959254,0.590124128
257.7278183,9.48E-07,5.19E-14,1.83E+07,,0.176079711,0.42959254,0.590123909
257.7299614,9.48E-07,5.19E-14,1.83E+07,,0.176079805,0.42959254,0.59012369
257.7321046,9.48E-07,5.19E-14,1.83E+07,,0.176079899,0.42959254,0.590123471
257.7342477,9.48E-07,5.19E-14,1.83E+07,,0.176079993,0.42959254,0.590123252
257.7363909,9.48E-07,5.19E-14,1.83E+07,,0.176080087,0.42959254,0.590123033
257.7385341,9.48E-07,5.19E-14,1.83E+07,,0.176080181,0.42959254,0.590122815
257.7406772,9.48E-07,5.19E-14,1.83E+07,,0.176080275,0.42959254,0.590122596
257.7428204,9.48E-07,5.19E-14,1.83E+07,,0.176080369,0.42959254,0.590122377
257.7449636,9.48E-07,5.19E-14,1.83E+07,,0.176080463,0.42959254,0.590122158
257.7471067,9.48E-07,5.19E-14,1.83E+07,,0.176080557,0.42959254,0.590121939
257.7492499,9.48E-07,5.19E-14,1.83E+07,,0.176080651,0.42959254,0.590121721
257.7513931,9.48E-07,5.19E-14,1.83E+07,,0.176080745,0.42959254,0.590121502
257.7535362,9.48E-07,5.19E-14,1.83E+07,,0.176080839,0.42959254,0.590121283
257.7556794,9.48E-07,5.19E-14,1.83E+07,,0.176080933,0.42959254,0.590121064
257.7578225,9.48E-07,5.19E-14,1.83E+07,,0.176081027,0.42959254,0.590120845
257.7599657,9.48E-07,5.19E-14,1.83E+07,,0.176081122,0.42959254,0.590120624
257.7621089,9.48E-07,5.19E-14,1.83E+07,,0.176081216,0.42959254,0.590120405
257.764252,9.48E-07,5.19E-14,1.83E+07,,0.17608131,0.42959254,0.590120187
257.7663952,9.48E-07,5.19E-14,1.83E+07,,0.176081404,0.42959254,0.590119968
257.7685384,9.48E-07,5.19E-14,1.83E+07,,0.176081498,0.42959254,0.590119749
257.7706815,9.48E-07,5.19E-14,1.83E+07,,0.176081592,0.42959254,0.59011953
257.7728247,9.48E-07,5.19E-14,1.83E+07,,0.176081686,0.42959254,0.590119311
257.7749679,9.48E-07,5.19E-14,1.83E+07,,0.17608178,0.42959254,0.590119093
257.777111,9.48E-07,5.19E-14,1.83E+07,,0.176081874,0.42959254,0.590118874
257.7792542,9.48E-07,5.19E-14,1.83E+07,,0.176081968,0.42959254,0.590118655
257.7813973,9.48E-07,5.19E-14,1.83E+07,,0.176082062,0.42959254,0.590118436
257.7835405,9.48E-07,5.19E-14,1.83E+07,,0.176082156,0.42959254,0.590118217
257.7856837,9.48E-07,5.19E-14,1.83E+07,,0.17608225,0.42959254,0.590117998
257.7878268,9.48E-07,5.19E-14,1.83E+07,,0.176082344,0.42959254,0.59011778
257.78997,9.48E-07,5.19E-14,1.83E+07,,0.176082438,0.42959254,0.590117561
257.7921132,9.48E-07,5.19E-14,1.83E+07,,0.176082532,0.42959254,0.590117342
257.7942563,9.48E-07,5.19E-14,1.83E+07,,0.176082626,0.42959254,0.590117123
257.7963995,9.48E-07,5.19E-14,1.83E+07,,0.17608272,0.42959254,0.590116904
257.7985426,9.48E-07,5.19E-14,1.83E+07,,0.176082814,0.42959254,0.590116686
257.8006858,9.48E-07,5.19E-14,1.83E+07,,0.176082908,0.42959254,0.590116467
257.802829,9.48E-07,5.19E-14,1.83E+07,,0.176083002,0.42959254,0.590116248
257.8049721,9.48E-07,5.19E-14,1.83E+07,,0.176083096,0.42959254,0.590116029
257.8071153,9.48E-07,5.19E-14,1.83E+07,,0.17608319,0.42959254,0.59011581
257.8092585,9.48E-07,5.19E-14,1.83E+07,,0.176083284,0.42959254,0.590115592
257.8114016,9.48E-07,5.19E-14,1.83E+07,,0.176083378,0.42959254,0.590115373
257.8135448,9.48E-07,5.19E-14,1.83E+07,,0.176083473,0.42959254,0.590115152
257.815688,9.48E-07,5.19E-14,1.83E+07,,0.176083567,0.42959254,0.590114933
257.8178311,9.48E-07,5.19E-14,1.83E+07,,0.176083661,0.42959254,0.590114714
257.8199743,9.48E-07,5.19E-14,1.83E+07,,0.176083755,0.42959254,0.590114495
257.8221174,9.48E-07,5.19E-14,1.83E+07,,0.176083849,0.42959254,0.590114276
257.8242606,9.48E-07,5.19E-14,1.83E+07,,0.176083943,0.42959254,0.590114058
257.8264038,9.48E-07,5.19E-14,1.83E+07,,0.176084037,0.42959254,0.590113839
257.8285469,9.48E-07,5.19E-14,1.83E+07,,0.176084131,0.42959254,0.59011362
257.8306901,9.48E-07,5.19E-14,1.83E+07,,0.176084225,0.42959254,0.590113401
257.8328333,9.48E-07,5.19E-14,1.83E+07,,0.176084319,0.42959254,0.590113182
257.8349764,9.48E-07,5.19E-14,1.83E+07,,0.176084413,0.42959254,0.590112963
257.8371196,9.48E-07,5.19E-14,1.83E+07,,0.176084507,0.42959254,0.590112745
257.8392628,9.48E-07,5.19E-14,1.83E+07,,0.176084601,0.42959254,0.590112526
257.8414059,9.48E-07,5.19E-14,1.83E+07,,0.176084695,0.42959254,0.590112307
257.8435491,9.48E-07,5.19E-14,1.83E+07,,0.176084789,0.42959254,0.590112088
257.8456922,9.48E-07,5.19E-14,1.83E+07,,0.176084883,0.42959254,0.590111869
257.8478354,9.48E-07,5.19E-14,1.83E+07,,0.176084977,0.42959254,0.590111651
257.8499786,9.48E-07,5.19E-14,1.83E+07,,0.176085071,0.42959254,0.590111432
257.8521217,9.48E-07,5.19E-14,1.83E+07,,0.176085165,0.42959254,0.590111213
257.8542649,9.48E-07,5.19E-14,1.83E+07,,0.176085259,0.42959254,0.590110994
257.8564081,9.48E-07,5.19E-14,1.83E+07,,0.176085353,0.42959254,0.590110775
257.8585512,9.48E-07,5.19E-14,1.83E+07,,0.176085447,0.42959254,0.590110557
257.8606944,9.48E-07,5.19E-14,1.83E+07,,0.176085541,0.42959254,0.590110338
257.8628375,9.48E-07,5.19E-14,1.83E+07,,0.176085635,0.42959254,0.590110119
257.8649807,9.48E-07,5.19E-14,1.83E+07,,0.176085729,0.42959254,0.5901099
257.8671239,9.48E-07,5.19E-14,1.83E+07,,0.176085824,0.42959254,0.590109679
257.869267,9.48E-07,5.19E-14,1.83E+07,,0.176085918,0.42959254,0.59010946
257.8714102,9.48E-07,5.19E-14,1.83E+07,,0.176086012,0.42959254,0.590109241
257.8735534,9.48E-07,5.19E-14,1.83E+07,,0.176086106,0.42959254,0.590109023
257.8756965,9.48E-07,5.19E-14,1.83E+07,,0.1760862,0.42959254,0.590108804
257.8778397,9.48E-07,5.19E-14,1.83E+07,,0.176086294,0.42959254,0.590108585
257.8799829,9.48E-07,5.19E-14,1.83E+07,,0.176086388,0.42959254,0.590108366
257.882126,9.48E-07,5.19E-14,1.83E+07,,0.176086482,0.42959254,0.590108147
257.8842692,9.48E-07,5.19E-14,1.83E+07,,0.176086576,0.42959254,0.590107928
257.8864123,9.48E-07,5.19E-14,1.83E+07,,0.17608667,0.42959254,0.59010771
257.8885555,9.48E-07,5.19E-14,1.83E+07,,0.176086764,0.42959254,0.590107491
257.8906987,9.48E-07,5.19E-14,1.83E+07,,0.176086858,0.42959254,0.590107272
257.8928418,9.48E-07,5.19E-14,1.83E+07,,0.176086952,0.42959254,0.590107053
257.894985,9.48E-07,5.19E-14,1.83E+07,,0.176087046,0.42959254,0.590106834
257.8971282,9.48E-07,5.19E-14,1.83E+07,,0.17608714,0.42959254,0.590106616
257.8992713,9.48E-07,5.19E-14,1.83E+07,,0.176087234,0.42959254,0.590106397
257.9014145,9.48E-07,5.19E-14,1.83E+07,,0.176087328,0.42959254,0.590106178
257.9035577,9.48E-07,5.19E-14,1.83E+07,,0.176087422,0.42959254,0.590105959
257.9057008,9.48E-07,5.19E-14,1.83E+07,,0.176087516,0.42959254,0.59010574
257.907844,9.48E-07,5.19E-14,1.83E+07,,0.17608761,0.42959254,0.590105522
257.9099871,9.48E-07,5.19E-14,1.83E+07,,0.176087704,0.42959254,0.590105303
257.9121303,9.48E-07,5.19E-14,1.83E+07,,0.176087798,0.42959254,0.590105084
257.9142735,9.48E-07,5.19E-14,1.83E+07,,0.176087892,0.42959254,0.590104865
257.9164166,9.48E-07,5.19E-14,1.83E+07,,0.176087986,0.42959254,0.590104646
257.9185598,9.48E-07,5.19E-14,1.83E+07,,0.17608808,0.42959254,0.590104427
257.920703,9.48E-07,5.19E-14,1.83E+07,,0.176088175,0.42959254,0.590104206
257.9228461,9.48E-07,5.19E-14,1.83E+07,,0.176088269,0.42959254,0.590103988
257.9249893,9.48E-07,5.19E-14,1.83E+07,,0.176088363,0.42959254,0.590103769
257.9271324,9.48E-07,5.19E-14,1.83E+07,,0.176088457,0.42959254,0.59010355
257.9292756,9.48E-07,5.19E-14,1.83E+07,,0.176088551,0.42959254,0.590103331
257.9314188,9.48E-07,5.19E-14,1.83E+07,,0.176088645,0.42959254,0.590103112
257.9335619,9.48E-07,5.19E-14,1.83E+07,,0.176088739,0.42959254,0.590102893
257.9357051,9.48E-07,5.19E-14,1.83E+07,,0.176088833,0.42959254,0.590102675
257.9378483,9.48E-07,5.19E-14,1.83E+07,,0.176088927,0.42959254,0.590102456
257.9399914,9.48E-07,5.19E-14,1.83E+07,,0.176089021,0.42959254,0.590102237
257.9421346,9.48E-07,5.19E-14,1.83E+07,,0.176089115,0.42959254,0.590102018
257.9442778,9.48E-07,5.19E-14,1.83E+07,,0.176089209,0.42959254,0.590101799
257.9464209,9.48E-07,5.19E-14,1.83E+07,,0.176089303,0.42959254,0.590101581
257.9485641,9.48E-07,5.19E-14,1.83E+07,,0.176089397,0.42959254,0.590101362
257.9507072,9.48E-07,5.19E-14,1.83E+07,,0.176089491,0.42959254,0.590101143
257.9528504,9.48E-07,5.19E-14,1.83E+07,,0.176089585,0.42959254,0.590100924
257.9549936,9.48E-07,5.19E-14,1.83E+07,,0.176089679,0.42959254,0.590100705
257.9571367,9.48E-07,5.19E-14,1.83E+07,,0.176089773,0.42959254,0.590100487
257.9592799,9.48E-07,5.19E-14,1.83E+07,,0.176089867,0.42959254,0.590100268
257.9614231,9.48E-07,5.19E-14,1.83E+07,,0.176089961,0.42959254,0.590100049
257.9635662,9.48E-07,5.19E-14,1.83E+07,,0.176090055,0.42959254,0.59009983
257.9657094,9.48E-07,5.19E-14,1.83E+07,,0.176090149,0.42959254,0.590099611
257.9678526,9.48E-07,5.19E-14,1.83E+07,,0.176090243,0.42959254,0.590099392
257.9699957,9.48E-07,5.19E-14,1.83E+07,,0.176090337,0.42959254,0.590099174
257.9721389,9.48E-07,5.19E-14,1.83E+07,,0.176090431,0.42959254,0.590098955
257.974282,9.48E-07,5.19E-14,1.83E+07,,0.176090526,0.42959254,0.590098734
257.9764252,9.48E-07,5.19E-14,1.83E+07,,0.17609062,0.42959254,0.590098515
257.9785684,9.48E-07,5.19E-14,1.83E+07,,0.176090714,0.42959254,0.590098296
257.9807115,9.48E-07,5.19E-14,1.83E+07,,0.176090808,0.42959254,0.590098077
257.9828547,9.48E-07,5.19E-14,1.83E+07,,0.176090902,0.42959254,0.590097858
257.9849979,9.48E-07,5.19E-14,1.83E+07,,0.176090996,0.42959254,0.59009764
257.987141,9.48E-07,5.19E-14,1.83E+07,,0.17609109,0.42959254,0.590097421
257.9892842,9.48E-07,5.19E-14,1.83E+07,,0.176091184,0.42959254,0.590097202
257.9914273,9.48E-07,5.19E-14,1.83E+07,,0.176091278,0.42959254,0.590096983
257.9935705,9.48E-07,5.19E-14,1.83E+07,,0.176091372,0.42959254,0.590096764
257.9957137,9.48E-07,5.19E-14,1.83E+07,,0.176091466,0.42959254,0.590096546
257.9978568,9.48E-07,5.19E-14,1.83E+07,,0.17609156,0.42959254,0.590096327
258,9.48E-07,5.19E-14,1.83E+07,,0.176091654,0.42959254,0.590096108
